provinsi,kab_kota,kecamatan,nama_sekolah,npsn,bp,status,last_sync,jml_sync,pd,rombel,guru,pegawai,ruang_kelas,ruang_lab,ruang_perpus,url_sekolah
Prov. Aceh,Kab. Aceh Tenggara,Kec. Lawe Sumur,SD N TERUTUNG MEGARA,10103003,SD,Negeri,-,0,0,0,0,0,7,0,1,http://dapo.dikdasmen.kemdikbud.go.id/sekolah/216DD050F70418C683AF
Prov. Aceh,Kab. Aceh Tenggara,Kec. Lawe Sumur,SD NEGERI KISAM,10103223,SD,Negeri,-,0,0,0,0,0,6,0,1,http://dapo.dikdasmen.kemdikbud.go.id/sekolah/3B0690E01696AC100754
Prov. Aceh,Kab. Aceh Tenggara,Kec. Lawe Sumur,SD NEGERI PERMATA,69957355,SD,Negeri,-,0,0,0,0,0,6,0,1,http://dapo.dikdasmen.kemdikbud.go.id/sekolah/E217C7B3DDCA6082D4E8
Prov. Aceh,Kab. Aceh Tenggara,Kec. Lawe Sumur,SMP NEGERI 3 BAMBEL,10103075,SMP,Negeri,-,0,0,0,0,0,11,4,1,http://dapo.dikdasmen.kemdikbud.go.id/sekolah/54F0B6432F48DB4ED97E
Prov. Aceh,Kab. Aceh Tenggara,Kec. Lawe Sumur,SMP SWASTA DARUL IMAN,10103115,SMP,Swasta,-,0,0,0,0,0,10,2,1,http://dapo.dikdasmen.kemdikbud.go.id/sekolah/40C00130AD07683239B2
Prov. Aceh,Kab. Aceh Tenggara,Kec. Lawe Sumur,SMAN LAWE SUMUR,10113639,SMA,Negeri,-,0,0,0,0,0,6,3,2,http://dapo.dikdasmen.kemdikbud.go.id/sekolah/B3D6C990D925987741EA
Prov. Aceh,Kab. Aceh Tenggara,Kec. Lawe Sumur,SMAS DARUL IMAN,10103100,SMA,Swasta,-,0,0,0,0,0,5,2,1,http://dapo.dikdasmen.kemdikbud.go.id/sekolah/E2A8EF5D3F4E9F08F921
