provinsi,kab_kota,kecamatan,nama_sekolah,npsn,bp,status,last_sync,jml_sync,pd,rombel,guru,pegawai,ruang_kelas,ruang_lab,ruang_perpus,url_sekolah
Prov. Aceh,Kab. Aceh Tenggara,Kec. Tanoh Alas,SD N NGKERAN MUARA,10103054,SD,Negeri,-,0,0,0,0,0,14,0,1,http://dapo.dikdasmen.kemdikbud.go.id/sekolah/4851BD26DB281BFF407F
Prov. Aceh,Kab. Aceh Tenggara,Kec. Tanoh Alas,SD NEGERI SALIM PINIM,10103015,SD,Negeri,-,0,0,0,0,0,12,0,1,http://dapo.dikdasmen.kemdikbud.go.id/sekolah/8C5662D36CC530B47787
Prov. Aceh,Kab. Aceh Tenggara,Kec. Tanoh Alas,SD NEGERI TENEMBAK ALAS,10102998,SD,Negeri,-,0,0,0,0,0,6,0,1,http://dapo.dikdasmen.kemdikbud.go.id/sekolah/0E3304E5E485B8A89A78
Prov. Aceh,Kab. Aceh Tenggara,Kec. Tanoh Alas,SD SWASTA ISLAM DARUL HUFFAZH,69908058,SD,Swasta,-,0,0,0,0,0,4,0,0,http://dapo.dikdasmen.kemdikbud.go.id/sekolah/E2FDE93FDE4D656B930B
Prov. Aceh,Kab. Aceh Tenggara,Kec. Tanoh Alas,SMP NEGERI 4 LAWE ALAS SATAP,10110329,SMP,Negeri,-,0,0,0,0,0,8,3,3,http://dapo.dikdasmen.kemdikbud.go.id/sekolah/C36540EE3CCCB1663915
Prov. Aceh,Kab. Aceh Tenggara,Kec. Tanoh Alas,SMP SWASTA DARUL HUFFAZH,10113648,SMP,Swasta,22 Aug 2019 08:01:27,6,76,4,11,1,4,0,0,http://dapo.dikdasmen.kemdikbud.go.id/sekolah/E5FDEB29740345D51BD2
Prov. Aceh,Kab. Aceh Tenggara,Kec. Tanoh Alas,SMP SWASTA MUZAMMIL AL-AZIZIYAH,69973114,SMP,Swasta,-,0,0,0,0,0,2,0,0,http://dapo.dikdasmen.kemdikbud.go.id/sekolah/0594AC4FB95990A5ADEC
Prov. Aceh,Kab. Aceh Tenggara,Kec. Tanoh Alas,SMAN 1 TANOH ALAS,69773523,SMA,Negeri,21 Aug 2019 14:58:11,6,117,5,16,6,7,2,1,http://dapo.dikdasmen.kemdikbud.go.id/sekolah/C73AB5E1D94DBE241A50
