provinsi,kab_kota,kecamatan,nama_sekolah,npsn,bp,status,last_sync,jml_sync,pd,rombel,guru,pegawai,ruang_kelas,ruang_lab,ruang_perpus,url_sekolah
Prov. Aceh,Kab. Aceh Tenggara,Kec. Bambel,SD N 1 KUNING,10103172,SD,Negeri,-,0,0,0,0,0,6,0,1,http://dapo.dikdasmen.kemdikbud.go.id/sekolah/00D7BD949A7879B61B9B
Prov. Aceh,Kab. Aceh Tenggara,Kec. Bambel,SD N 1 LAWE HIJO,10103168,SD,Negeri,-,0,0,0,0,0,6,0,0,http://dapo.dikdasmen.kemdikbud.go.id/sekolah/5CF1AA15D0641C649B64
Prov. Aceh,Kab. Aceh Tenggara,Kec. Bambel,SD N 2 BAMBEL,10103266,SD,Negeri,-,0,0,0,0,0,6,0,1,http://dapo.dikdasmen.kemdikbud.go.id/sekolah/E42BAE6B58B902AB934D
Prov. Aceh,Kab. Aceh Tenggara,Kec. Bambel,SD N 2 LAWE HIJO,10103259,SD,Negeri,-,0,0,0,0,0,7,0,1,http://dapo.dikdasmen.kemdikbud.go.id/sekolah/1863F5C36F8A39CC04FE
Prov. Aceh,Kab. Aceh Tenggara,Kec. Bambel,SD N PAYA RAMBUNG,10103067,SD,Negeri,-,0,0,0,0,0,7,0,2,http://dapo.dikdasmen.kemdikbud.go.id/sekolah/5D78B4563DE6FD02464C
Prov. Aceh,Kab. Aceh Tenggara,Kec. Bambel,SD N TERUTUNG SEPERAI,10103005,SD,Negeri,-,0,0,0,0,0,6,0,1,http://dapo.dikdasmen.kemdikbud.go.id/sekolah/73C9A31B215437F8DB75
Prov. Aceh,Kab. Aceh Tenggara,Kec. Bambel,SD NEGERI 1 BAMBEL,10103175,SD,Negeri,-,0,0,0,0,0,13,0,1,http://dapo.dikdasmen.kemdikbud.go.id/sekolah/3107AB9ECA535FAEF644
Prov. Aceh,Kab. Aceh Tenggara,Kec. Bambel,SD NEGERI 1 BIAK MULI,10103173,SD,Negeri,-,0,0,0,0,0,14,0,1,http://dapo.dikdasmen.kemdikbud.go.id/sekolah/60A379D26E9B1F5C9D0B
Prov. Aceh,Kab. Aceh Tenggara,Kec. Bambel,SD NEGERI 2 BIAK MULI,10103264,SD,Negeri,-,0,0,0,0,0,8,0,1,http://dapo.dikdasmen.kemdikbud.go.id/sekolah/1F557EB2A207A396362C
Prov. Aceh,Kab. Aceh Tenggara,Kec. Bambel,SD NEGERI 2 KUNING,10103263,SD,Negeri,-,0,0,0,0,0,6,0,1,http://dapo.dikdasmen.kemdikbud.go.id/sekolah/4300EE9D65AEBF63A923
Prov. Aceh,Kab. Aceh Tenggara,Kec. Bambel,SD NEGERI CINTA MAJU,10103273,SD,Negeri,-,0,0,0,0,0,6,0,1,http://dapo.dikdasmen.kemdikbud.go.id/sekolah/4EFE7B8EA048E30F9DC1
Prov. Aceh,Kab. Aceh Tenggara,Kec. Bambel,SD NEGERI KAMPUNG NANGKA,10103228,SD,Negeri,-,0,0,0,0,0,9,0,1,http://dapo.dikdasmen.kemdikbud.go.id/sekolah/7A0068698004CC3A80BB
Prov. Aceh,Kab. Aceh Tenggara,Kec. Bambel,SD NEGERI KUNING ATAS,10103219,SD,Negeri,-,0,0,0,0,0,6,0,1,http://dapo.dikdasmen.kemdikbud.go.id/sekolah/E9FE9A65E2059433C9AD
Prov. Aceh,Kab. Aceh Tenggara,Kec. Bambel,SD NEGERI KUTA BULUH,10103216,SD,Negeri,-,0,0,0,0,0,6,0,1,http://dapo.dikdasmen.kemdikbud.go.id/sekolah/9B013FFB2DABDD81418E
Prov. Aceh,Kab. Aceh Tenggara,Kec. Bambel,SD NEGERI PINDING,10103059,SD,Negeri,-,0,0,0,0,0,7,0,1,http://dapo.dikdasmen.kemdikbud.go.id/sekolah/0EAAA28C17A557843BC8
Prov. Aceh,Kab. Aceh Tenggara,Kec. Bambel,SD IT ISLAMIC CENTRE DARUSSALAM,69966575,SD,Swasta,-,0,0,0,0,0,2,0,0,http://dapo.dikdasmen.kemdikbud.go.id/sekolah/0C3BF73E6237980C1872
Prov. Aceh,Kab. Aceh Tenggara,Kec. Bambel,SD SWASTA IT ALI MAHFUDZ,69978721,SD,Swasta,-,0,0,0,0,0,2,0,0,http://dapo.dikdasmen.kemdikbud.go.id/sekolah/1F6DCA86D9B31052F4A0
Prov. Aceh,Kab. Aceh Tenggara,Kec. Bambel,SD SWASTA IT THOBIBUL HADIS,69867974,SD,Swasta,-,0,0,0,0,0,10,0,0,http://dapo.dikdasmen.kemdikbud.go.id/sekolah/F6BF657439E539CCF43A
Prov. Aceh,Kab. Aceh Tenggara,Kec. Bambel,SMP N 1 BAMBEL,10103130,SMP,Negeri,-,0,0,0,0,0,13,3,1,http://dapo.dikdasmen.kemdikbud.go.id/sekolah/178A131DDE903622E9B4
Prov. Aceh,Kab. Aceh Tenggara,Kec. Bambel,SMP NEGERI 2 BAMBEL,10103083,SMP,Negeri,-,0,0,0,0,0,6,2,1,http://dapo.dikdasmen.kemdikbud.go.id/sekolah/1A8A21521ABFD483821E
Prov. Aceh,Kab. Aceh Tenggara,Kec. Bambel,SMP SWASTA DARUL MUTAUWABIN,69888798,SMP,Swasta,-,0,0,0,0,0,3,0,0,http://dapo.dikdasmen.kemdikbud.go.id/sekolah/9BDC78D8F11AF30F66FB
Prov. Aceh,Kab. Aceh Tenggara,Kec. Bambel,SMP SWASTA IT DARUL HIJRAH,69978873,SMP,Swasta,-,0,0,0,0,0,1,0,0,http://dapo.dikdasmen.kemdikbud.go.id/sekolah/DBD67DFD4050AFD23872
