provinsi,kab_kota,kecamatan,nama_sekolah,npsn,bp,status,last_sync,jml_sync,pd,rombel,guru,pegawai,ruang_kelas,ruang_lab,ruang_perpus,url_sekolah
Prov. Sumatera Barat,Kab. Agam,Kec. Tanjung Raya,SD NEGERI 01 MANINJAU,10300426,SD,Negeri,-,0,0,0,0,0,10,0,0,http://dapo.dikdasmen.kemdikbud.go.id/sekolah/47D01E84FF35FC573635
Prov. Sumatera Barat,Kab. Agam,Kec. Tanjung Raya,SD NEGERI 02 BAYUA,10300435,SD,Negeri,-,0,0,0,0,0,6,0,1,http://dapo.dikdasmen.kemdikbud.go.id/sekolah/41D2FC7872FC1C28523A
Prov. Sumatera Barat,Kab. Agam,Kec. Tanjung Raya,SD NEGERI 03 KOTO KACIAK,10300468,SD,Negeri,-,0,0,0,0,0,12,2,1,http://dapo.dikdasmen.kemdikbud.go.id/sekolah/0E8F6FE4AD36B5FE068E
Prov. Sumatera Barat,Kab. Agam,Kec. Tanjung Raya,SD NEGERI 04 SUNGAI RANGEH,10300481,SD,Negeri,-,0,0,0,0,0,6,0,0,http://dapo.dikdasmen.kemdikbud.go.id/sekolah/99AB4DAB974631A458E9
Prov. Sumatera Barat,Kab. Agam,Kec. Tanjung Raya,SD NEGERI 05 MANINJAU,10300697,SD,Negeri,-,0,0,0,0,0,13,0,0,http://dapo.dikdasmen.kemdikbud.go.id/sekolah/ACD23C1EE5038EF8C221
Prov. Sumatera Barat,Kab. Agam,Kec. Tanjung Raya,SD NEGERI 06 KUBU,10300674,SD,Negeri,-,0,0,0,0,0,6,0,1,http://dapo.dikdasmen.kemdikbud.go.id/sekolah/3DDC6165FE9BE841AB54
Prov. Sumatera Barat,Kab. Agam,Kec. Tanjung Raya,SD NEGERI 07 BAYUR,10300728,SD,Negeri,-,0,0,0,0,0,5,0,0,http://dapo.dikdasmen.kemdikbud.go.id/sekolah/E0A821E464FF62F460D1
Prov. Sumatera Barat,Kab. Agam,Kec. Tanjung Raya,SD NEGERI 08 ARIKIA,10300710,SD,Negeri,-,0,0,0,0,0,6,1,0,http://dapo.dikdasmen.kemdikbud.go.id/sekolah/2A3C06A61EE8CA7EE6E8
Prov. Sumatera Barat,Kab. Agam,Kec. Tanjung Raya,SD NEGERI 09 BANCAH,10300603,SD,Negeri,-,0,0,0,0,0,7,0,0,http://dapo.dikdasmen.kemdikbud.go.id/sekolah/659389A11C990C8AEC2D
Prov. Sumatera Barat,Kab. Agam,Kec. Tanjung Raya,SD NEGERI 10 KOTO BARU,10300617,SD,Negeri,-,0,0,0,0,0,8,0,1,http://dapo.dikdasmen.kemdikbud.go.id/sekolah/092B994F398D8D9A2E26
Prov. Sumatera Barat,Kab. Agam,Kec. Tanjung Raya,SD NEGERI 11 PANINJAUAN,10300599,SD,Negeri,-,0,0,0,0,0,6,0,0,http://dapo.dikdasmen.kemdikbud.go.id/sekolah/ADC14F6D39AFFDAB4F58
Prov. Sumatera Barat,Kab. Agam,Kec. Tanjung Raya,SD NEGERI 12 KOTO GADANG,10300645,SD,Negeri,-,0,0,0,0,0,5,0,2,http://dapo.dikdasmen.kemdikbud.go.id/sekolah/EFA17B7D353823D62578
Prov. Sumatera Barat,Kab. Agam,Kec. Tanjung Raya,SD NEGERI 13 TANJUNG SANI,10300627,SD,Negeri,-,0,0,0,0,0,7,0,0,http://dapo.dikdasmen.kemdikbud.go.id/sekolah/575120679BDA02DC4113
Prov. Sumatera Barat,Kab. Agam,Kec. Tanjung Raya,SD NEGERI 14 LABUAH,10300659,SD,Negeri,-,0,0,0,0,0,7,0,1,http://dapo.dikdasmen.kemdikbud.go.id/sekolah/364B61A7EF30B63AD68E
Prov. Sumatera Barat,Kab. Agam,Kec. Tanjung Raya,SD NEGERI 15 BATUNANGGAI,10300215,SD,Negeri,-,0,0,0,0,0,5,0,1,http://dapo.dikdasmen.kemdikbud.go.id/sekolah/E17934D3E5AE80917BDE
Prov. Sumatera Barat,Kab. Agam,Kec. Tanjung Raya,SD NEGERI 16 KOTO MALINTANG,10300223,SD,Negeri,-,0,0,0,0,0,5,0,1,http://dapo.dikdasmen.kemdikbud.go.id/sekolah/5D4D314E813367F5A3EB
Prov. Sumatera Barat,Kab. Agam,Kec. Tanjung Raya,SD NEGERI 17 PANDAN,10300197,SD,Negeri,-,0,0,0,0,0,6,0,1,http://dapo.dikdasmen.kemdikbud.go.id/sekolah/2078119F8ED2A49BDA3C
Prov. Sumatera Barat,Kab. Agam,Kec. Tanjung Raya,SD NEGERI 18 NAGARI,10300226,SD,Negeri,-,0,0,0,0,0,9,0,0,http://dapo.dikdasmen.kemdikbud.go.id/sekolah/93DFA0583067480ABF38
Prov. Sumatera Barat,Kab. Agam,Kec. Tanjung Raya,SD NEGERI 19 KOTO TINGGI,10300256,SD,Negeri,-,0,0,0,0,0,6,0,1,http://dapo.dikdasmen.kemdikbud.go.id/sekolah/E7D517CFBE9E0CFB2725
Prov. Sumatera Barat,Kab. Agam,Kec. Tanjung Raya,SD NEGERI 20 BALAI BELO,10300264,SD,Negeri,-,0,0,0,0,0,6,0,0,http://dapo.dikdasmen.kemdikbud.go.id/sekolah/FB4A1355921335DE8D2C
Prov. Sumatera Barat,Kab. Agam,Kec. Tanjung Raya,SD NEGERI 21 MUKO JALAN,10300240,SD,Negeri,-,0,0,0,0,0,6,0,0,http://dapo.dikdasmen.kemdikbud.go.id/sekolah/EBF7ACF9E329E8235397
Prov. Sumatera Barat,Kab. Agam,Kec. Tanjung Raya,SD NEGERI 22 GALAPUNG,10300131,SD,Negeri,-,0,0,0,0,0,5,0,0,http://dapo.dikdasmen.kemdikbud.go.id/sekolah/CD5A2CBBE9F927EA519E
Prov. Sumatera Barat,Kab. Agam,Kec. Tanjung Raya,SD NEGERI 23 KOTO BARU,10300138,SD,Negeri,-,0,0,0,0,0,6,0,0,http://dapo.dikdasmen.kemdikbud.go.id/sekolah/3D927E7D2CF2E2D1D95C
Prov. Sumatera Barat,Kab. Agam,Kec. Tanjung Raya,SD NEGERI 24 KOTO MALINTANG,10300113,SD,Negeri,-,0,0,0,0,0,6,0,1,http://dapo.dikdasmen.kemdikbud.go.id/sekolah/2BDB7751422E2D693C74
Prov. Sumatera Barat,Kab. Agam,Kec. Tanjung Raya,SD NEGERI 25 SUNGAI TAMPANG,10300170,SD,Negeri,-,0,0,0,0,0,7,0,1,http://dapo.dikdasmen.kemdikbud.go.id/sekolah/6566C2C735EE4AC5205C
Prov. Sumatera Barat,Kab. Agam,Kec. Tanjung Raya,SD NEGERI 26 SIGIRAN,10300177,SD,Negeri,-,0,0,0,0,0,6,0,0,http://dapo.dikdasmen.kemdikbud.go.id/sekolah/2FDC9685446C0DE01988
Prov. Sumatera Barat,Kab. Agam,Kec. Tanjung Raya,SD NEGERI 27 PANGKA TANJUNG,10300184,SD,Negeri,-,0,0,0,0,0,6,0,0,http://dapo.dikdasmen.kemdikbud.go.id/sekolah/FF40355B1BEF4BE0AC49
Prov. Sumatera Barat,Kab. Agam,Kec. Tanjung Raya,SD NEGERI 28 PASAR RABAA,10300156,SD,Negeri,-,0,0,0,0,0,7,0,1,http://dapo.dikdasmen.kemdikbud.go.id/sekolah/602B5BF3AC84869BD368
Prov. Sumatera Barat,Kab. Agam,Kec. Tanjung Raya,SD NEGERI 29 KOTO MALINTANG,10300267,SD,Negeri,-,0,0,0,0,0,6,0,1,http://dapo.dikdasmen.kemdikbud.go.id/sekolah/FD69A239DAB2A1B33FD8
Prov. Sumatera Barat,Kab. Agam,Kec. Tanjung Raya,SD NEGERI 30 KUKUBAN,10300368,SD,Negeri,-,0,0,0,0,0,6,0,0,http://dapo.dikdasmen.kemdikbud.go.id/sekolah/DDD422147E54A3B8C90B
Prov. Sumatera Barat,Kab. Agam,Kec. Tanjung Raya,SD NEGERI 31 BATUNG PANJANG,10300370,SD,Negeri,-,0,0,0,0,0,6,0,1,http://dapo.dikdasmen.kemdikbud.go.id/sekolah/7E795B7D03CB082C1F44
Prov. Sumatera Barat,Kab. Agam,Kec. Tanjung Raya,SD NEGERI 32 PANINJAUAN,10300378,SD,Negeri,-,0,0,0,0,0,6,1,1,http://dapo.dikdasmen.kemdikbud.go.id/sekolah/9B52FEF7F102CDF6A7F6
Prov. Sumatera Barat,Kab. Agam,Kec. Tanjung Raya,SD NEGERI 33 KOTO GADANG,10300381,SD,Negeri,-,0,0,0,1,0,10,0,0,http://dapo.dikdasmen.kemdikbud.go.id/sekolah/84A7049209DC59404C20
Prov. Sumatera Barat,Kab. Agam,Kec. Tanjung Raya,SD NEGERI 34 DAMA GADANG,10300365,SD,Negeri,-,0,0,0,0,0,6,0,1,http://dapo.dikdasmen.kemdikbud.go.id/sekolah/9605FF24248300BA301C
Prov. Sumatera Barat,Kab. Agam,Kec. Tanjung Raya,SD NEGERI 35 PANINJAUAN,10300356,SD,Negeri,-,0,0,0,0,0,6,0,5,http://dapo.dikdasmen.kemdikbud.go.id/sekolah/2F129CF6107E6D534A62
Prov. Sumatera Barat,Kab. Agam,Kec. Tanjung Raya,SD NEGERI 36 SAWAH RANG SALAYAN,10300358,SD,Negeri,-,0,0,0,0,0,6,0,0,http://dapo.dikdasmen.kemdikbud.go.id/sekolah/5BB378A48456AF32AF98
Prov. Sumatera Barat,Kab. Agam,Kec. Tanjung Raya,SD NEGERI 37 KAMPUNG JAMBU,10300362,SD,Negeri,-,0,0,0,0,0,4,0,0,http://dapo.dikdasmen.kemdikbud.go.id/sekolah/A82A4D99B956D867FAFF
Prov. Sumatera Barat,Kab. Agam,Kec. Tanjung Raya,SD NEGERI 38 LUBUK SAO,10300384,SD,Negeri,-,0,0,0,0,0,6,0,1,http://dapo.dikdasmen.kemdikbud.go.id/sekolah/00076EE0AD634CB3AEA1
Prov. Sumatera Barat,Kab. Agam,Kec. Tanjung Raya,SD ISLAM RASUNA SAID MANINJAU,10308181,SD,Swasta,-,0,0,0,0,0,6,2,1,http://dapo.dikdasmen.kemdikbud.go.id/sekolah/51D2D2A7AE3229AD1515
Prov. Sumatera Barat,Kab. Agam,Kec. Tanjung Raya,SD MUHAMMADIYAH BAYUA,10307766,SD,Swasta,-,0,0,0,0,0,6,0,0,http://dapo.dikdasmen.kemdikbud.go.id/sekolah/55CCFE25A77DC9F70537
Prov. Sumatera Barat,Kab. Agam,Kec. Tanjung Raya,SD MUHAMMADIYAH KOTO MALINTANG,10300457,SD,Swasta,-,0,0,0,0,0,6,0,0,http://dapo.dikdasmen.kemdikbud.go.id/sekolah/EDB1EC228C480FD3BEDF
