provinsi,kab_kota,kecamatan,nama_sekolah,npsn,bp,status,last_sync,jml_sync,pd,rombel,guru,pegawai,ruang_kelas,ruang_lab,ruang_perpus,url_sekolah
Prov. Sumatera Barat,Kab. Agam,Kec. Ampek Angkek,SD NEGERI 01 KOTO TUO,10300442,SD,Negeri,-,0,0,0,1,0,6,0,1,http://dapo.dikdasmen.kemdikbud.go.id/sekolah/7B69680A04792BF26AC0
Prov. Sumatera Barat,Kab. Agam,Kec. Ampek Angkek,SD NEGERI 02 TANJUNG GADANG,10307655,SD,Negeri,-,0,0,0,0,0,6,0,1,http://dapo.dikdasmen.kemdikbud.go.id/sekolah/C10854B7AD8558B601FC
Prov. Sumatera Barat,Kab. Agam,Kec. Ampek Angkek,SD NEGERI 03 KOTO MARAPAK,10300495,SD,Negeri,23 Aug 2019 10:37:40,2,123,6,6,3,6,0,1,http://dapo.dikdasmen.kemdikbud.go.id/sekolah/2DA2CF4C60C190A698AC
Prov. Sumatera Barat,Kab. Agam,Kec. Ampek Angkek,SD NEGERI 04 BIARO,10307656,SD,Negeri,-,0,0,0,0,0,6,0,1,http://dapo.dikdasmen.kemdikbud.go.id/sekolah/115645C7295F1A851160
Prov. Sumatera Barat,Kab. Agam,Kec. Ampek Angkek,SD NEGERI 05 BATU TABA,10307657,SD,Negeri,-,0,0,0,0,0,17,0,1,http://dapo.dikdasmen.kemdikbud.go.id/sekolah/AC79C8C5E703608C01C2
Prov. Sumatera Barat,Kab. Agam,Kec. Ampek Angkek,SD NEGERI 06 BATU TABA,10300691,SD,Negeri,-,0,0,0,0,0,7,0,1,http://dapo.dikdasmen.kemdikbud.go.id/sekolah/431F076E938F07138C6A
Prov. Sumatera Barat,Kab. Agam,Kec. Ampek Angkek,SD NEGERI 07 SITAPUNG,10307658,SD,Negeri,-,0,0,0,0,0,10,3,1,http://dapo.dikdasmen.kemdikbud.go.id/sekolah/FED43517485E37AB99A8
Prov. Sumatera Barat,Kab. Agam,Kec. Ampek Angkek,SD NEGERI 08 BONJO ALAM,10307659,SD,Negeri,-,0,0,0,0,0,7,0,0,http://dapo.dikdasmen.kemdikbud.go.id/sekolah/B8F544931890A42CE5C6
Prov. Sumatera Barat,Kab. Agam,Kec. Ampek Angkek,SD NEGERI 09 SURAU LAUT,10307660,SD,Negeri,-,0,0,0,0,0,6,0,1,http://dapo.dikdasmen.kemdikbud.go.id/sekolah/7C87991058C650CBC914
Prov. Sumatera Barat,Kab. Agam,Kec. Ampek Angkek,SD NEGERI 10 KUBU,10307661,SD,Negeri,-,0,0,0,0,0,6,0,1,http://dapo.dikdasmen.kemdikbud.go.id/sekolah/0492BF286A1C40A7AB56
Prov. Sumatera Barat,Kab. Agam,Kec. Ampek Angkek,SD NEGERI 11 BALAI GURAH,10307662,SD,Negeri,-,0,0,0,0,0,13,0,0,http://dapo.dikdasmen.kemdikbud.go.id/sekolah/C059E07FA92FA5C85642
Prov. Sumatera Barat,Kab. Agam,Kec. Ampek Angkek,SD NEGERI 12 KOTO HILALANG,10307663,SD,Negeri,-,0,0,0,0,0,6,0,1,http://dapo.dikdasmen.kemdikbud.go.id/sekolah/CA6C49501B0533377F90
Prov. Sumatera Barat,Kab. Agam,Kec. Ampek Angkek,SD NEGERI 13 PARIT PUTUS,10307664,SD,Negeri,-,0,0,0,0,0,13,0,0,http://dapo.dikdasmen.kemdikbud.go.id/sekolah/AEF1FAB992FE08674B7F
Prov. Sumatera Barat,Kab. Agam,Kec. Ampek Angkek,SD NEGERI 14 PINCURAN VII,10307665,SD,Negeri,31 Jul 2019 07:55:24,1,119,6,8,3,7,0,1,http://dapo.dikdasmen.kemdikbud.go.id/sekolah/E6E805AA5428DB2E4D5A
Prov. Sumatera Barat,Kab. Agam,Kec. Ampek Angkek,SD NEGERI 15 AMPANG GADANG,10307667,SD,Negeri,-,0,0,0,0,0,12,0,1,http://dapo.dikdasmen.kemdikbud.go.id/sekolah/FE3F8D702B76537EDF18
Prov. Sumatera Barat,Kab. Agam,Kec. Ampek Angkek,SD NEGERI 16 SURAU LAUT,10307668,SD,Negeri,-,0,0,0,0,0,6,0,1,http://dapo.dikdasmen.kemdikbud.go.id/sekolah/9810D9C12A6417CAFF28
Prov. Sumatera Barat,Kab. Agam,Kec. Ampek Angkek,SD NEGERI 17 BONJO ALAM,10307669,SD,Negeri,-,0,0,0,0,0,7,0,1,http://dapo.dikdasmen.kemdikbud.go.id/sekolah/F0824403DCF593A658AD
Prov. Sumatera Barat,Kab. Agam,Kec. Ampek Angkek,SD NEGERI 18 SITAPUNG,10300166,SD,Negeri,-,0,0,0,0,0,6,0,1,http://dapo.dikdasmen.kemdikbud.go.id/sekolah/34DB49E0E5191AE8746D
Prov. Sumatera Barat,Kab. Agam,Kec. Ampek Angkek,SD NEGERI 19 TANJUNG MEDAN,10307670,SD,Negeri,-,0,0,0,0,0,6,0,1,http://dapo.dikdasmen.kemdikbud.go.id/sekolah/583F86A3C9FD3A389DC9
Prov. Sumatera Barat,Kab. Agam,Kec. Ampek Angkek,SD NEGERI 20 LIMO BALAI,10307671,SD,Negeri,-,0,0,0,0,0,8,0,0,http://dapo.dikdasmen.kemdikbud.go.id/sekolah/1F2E39C8B04ED6F115AA
Prov. Sumatera Barat,Kab. Agam,Kec. Ampek Angkek,SD NEGERI 21 PILUBANG,10307672,SD,Negeri,-,0,0,0,0,0,6,0,1,http://dapo.dikdasmen.kemdikbud.go.id/sekolah/6B96A70FAB91BB313FF6
Prov. Sumatera Barat,Kab. Agam,Kec. Ampek Angkek,SD NEGERI 23 CIBUAK AMEH,10307674,SD,Negeri,-,0,0,0,0,0,6,0,1,http://dapo.dikdasmen.kemdikbud.go.id/sekolah/F874A691531A7B20742E
Prov. Sumatera Barat,Kab. Agam,Kec. Ampek Angkek,SD NEGERI 24 BIARO,10307675,SD,Negeri,-,0,0,0,0,0,6,0,0,http://dapo.dikdasmen.kemdikbud.go.id/sekolah/7E30189DAAEDD6CB3533
Prov. Sumatera Barat,Kab. Agam,Kec. Ampek Angkek,SD NEGERI 25 BONJO,10307676,SD,Negeri,-,0,0,0,0,0,6,0,1,http://dapo.dikdasmen.kemdikbud.go.id/sekolah/63A489E51710A018F87F
Prov. Sumatera Barat,Kab. Agam,Kec. Ampek Angkek,SD NEGERI 26 SURAU LABUAH,10307677,SD,Negeri,-,0,0,0,0,0,6,0,1,http://dapo.dikdasmen.kemdikbud.go.id/sekolah/16039F904D40ECC432F8
Prov. Sumatera Barat,Kab. Agam,Kec. Ampek Angkek,SD NEGERI 27 CANGKIANG,10307679,SD,Negeri,-,0,0,0,0,0,6,0,1,http://dapo.dikdasmen.kemdikbud.go.id/sekolah/FC88D4BDCEF7A4D50EB1
Prov. Sumatera Barat,Kab. Agam,Kec. Ampek Angkek,SD NEGERI 28 LUNDANG,10307680,SD,Negeri,-,0,0,0,0,0,6,0,0,http://dapo.dikdasmen.kemdikbud.go.id/sekolah/D593A38E21834723339F
Prov. Sumatera Barat,Kab. Agam,Kec. Ampek Angkek,SD NEGERI 29 KOTO HILALANG,10304988,SD,Negeri,-,0,0,0,0,0,10,0,1,http://dapo.dikdasmen.kemdikbud.go.id/sekolah/6834187A8DBC45F45320
Prov. Sumatera Barat,Kab. Agam,Kec. Ampek Angkek,SD ISLAM DARUL MAKMUR,10307987,SD,Swasta,-,0,0,0,0,0,15,0,1,http://dapo.dikdasmen.kemdikbud.go.id/sekolah/EAADE7FE0B18AB7858ED
Prov. Sumatera Barat,Kab. Agam,Kec. Ampek Angkek,SD IT HAJI DJALALUDDIN,69961018,SD,Swasta,-,0,0,0,0,0,7,2,1,http://dapo.dikdasmen.kemdikbud.go.id/sekolah/A7AFF455366271CEFCD3
Prov. Sumatera Barat,Kab. Agam,Kec. Ampek Angkek,SDIT BAITURRAHIM,69959719,SD,Swasta,-,0,0,0,0,0,9,0,0,http://dapo.dikdasmen.kemdikbud.go.id/sekolah/A2031163C45341084A81
