provinsi,kab_kota,kecamatan,nama_sekolah,npsn,bp,status,last_sync,jml_sync,pd,rombel,guru,pegawai,ruang_kelas,ruang_lab,ruang_perpus,url_sekolah
Prov. D.I. Yogyakarta,Kab. Bantul,Kec. Piyungan,SD 1 CEPOKOJAJAR,20400526,SD,Negeri,-,0,0,0,0,0,7,1,1,http://dapo.dikdasmen.kemdikbud.go.id/sekolah/F4BA3C9452C4498335A0
Prov. D.I. Yogyakarta,Kab. Bantul,Kec. Piyungan,SD 2 PETIR,20409867,SD,Negeri,-,0,0,0,0,0,8,2,1,http://dapo.dikdasmen.kemdikbud.go.id/sekolah/20D407D12D0E72A2EA82
Prov. D.I. Yogyakarta,Kab. Bantul,Kec. Piyungan,SD BANYAKAN,20400636,SD,Negeri,-,0,0,0,0,0,6,2,1,http://dapo.dikdasmen.kemdikbud.go.id/sekolah/D6F62D5FFC2E1F2FC06D
Prov. D.I. Yogyakarta,Kab. Bantul,Kec. Piyungan,SD BINTARAN,20400722,SD,Negeri,26 Aug 2019 08:33:12,13,230,9,11,5,8,1,1,http://dapo.dikdasmen.kemdikbud.go.id/sekolah/FD98323F8953D02838FD
Prov. D.I. Yogyakarta,Kab. Bantul,Kec. Piyungan,SD KLENGGOTAN,69852105,SD,Negeri,24 Aug 2019 07:50:37,8,167,6,8,2,7,0,1,http://dapo.dikdasmen.kemdikbud.go.id/sekolah/1C4596DA69FBB9D55A82
Prov. D.I. Yogyakarta,Kab. Bantul,Kec. Piyungan,SD NEGERI 1 PETIR,20400508,SD,Negeri,-,0,0,0,0,0,12,0,1,http://dapo.dikdasmen.kemdikbud.go.id/sekolah/99187231281F47814EEE
Prov. D.I. Yogyakarta,Kab. Bantul,Kec. Piyungan,SD NEGERI 2 CEPOKOJAJAR,20400719,SD,Negeri,-,0,0,0,0,0,13,0,1,http://dapo.dikdasmen.kemdikbud.go.id/sekolah/B97210A338A9914981EB
Prov. D.I. Yogyakarta,Kab. Bantul,Kec. Piyungan,SD NEGERI JOLOSUTRO,20403530,SD,Negeri,-,0,0,0,0,0,7,2,1,http://dapo.dikdasmen.kemdikbud.go.id/sekolah/84F41B962D291B4F555D
Prov. D.I. Yogyakarta,Kab. Bantul,Kec. Piyungan,SD NEGERI JOMBOR,20400690,SD,Negeri,-,0,0,0,0,0,7,1,2,http://dapo.dikdasmen.kemdikbud.go.id/sekolah/B6E7C4F4E30081B26E90
Prov. D.I. Yogyakarta,Kab. Bantul,Kec. Piyungan,SD NEGERI KABREGAN,20400686,SD,Negeri,-,0,0,0,0,0,6,1,1,http://dapo.dikdasmen.kemdikbud.go.id/sekolah/FE7BC9E5218883F2D363
Prov. D.I. Yogyakarta,Kab. Bantul,Kec. Piyungan,SD NEGERI KALIGATUK,20400225,SD,Negeri,-,0,0,0,0,0,6,2,1,http://dapo.dikdasmen.kemdikbud.go.id/sekolah/62A7101EBF094B5774D4
Prov. D.I. Yogyakarta,Kab. Bantul,Kec. Piyungan,SD NEGERI KARANGGAYAM,20403528,SD,Negeri,-,0,0,0,0,0,9,1,1,http://dapo.dikdasmen.kemdikbud.go.id/sekolah/7840F22151DAB2FBE16C
Prov. D.I. Yogyakarta,Kab. Bantul,Kec. Piyungan,SD NEGERI KEMBANGSARI,20400535,SD,Negeri,-,0,0,0,0,0,8,1,1,http://dapo.dikdasmen.kemdikbud.go.id/sekolah/89716B0D65669A701C1E
Prov. D.I. Yogyakarta,Kab. Bantul,Kec. Piyungan,SD NEGERI MANDUNGAN,20400267,SD,Negeri,-,0,0,0,0,0,6,2,1,http://dapo.dikdasmen.kemdikbud.go.id/sekolah/770C313D45526E0A7849
Prov. D.I. Yogyakarta,Kab. Bantul,Kec. Piyungan,SD NEGERI NGABLAK,20400276,SD,Negeri,-,0,0,0,0,0,12,1,1,http://dapo.dikdasmen.kemdikbud.go.id/sekolah/A97308376AA64A397EBE
Prov. D.I. Yogyakarta,Kab. Bantul,Kec. Piyungan,SD NEGERI PIYUNGAN,20400139,SD,Negeri,26 Aug 2019 16:03:09,14,460,18,24,4,18,2,1,http://dapo.dikdasmen.kemdikbud.go.id/sekolah/758DA41F42C2BB1634E7
Prov. D.I. Yogyakarta,Kab. Bantul,Kec. Piyungan,SD NEGERI SANANSARI,20400132,SD,Negeri,23 Aug 2019 14:17:26,2,106,6,8,4,6,1,2,http://dapo.dikdasmen.kemdikbud.go.id/sekolah/36F52F51C72A3D57086D
Prov. D.I. Yogyakarta,Kab. Bantul,Kec. Piyungan,SDN PAYAK,20400501,SD,Negeri,-,0,0,0,0,0,6,2,1,http://dapo.dikdasmen.kemdikbud.go.id/sekolah/B41A7EE719F60487AC6B
Prov. D.I. Yogyakarta,Kab. Bantul,Kec. Piyungan,SEKOLAH DASAR NEGERI MOJOSARI,20400270,SD,Negeri,-,0,0,0,0,0,6,0,1,http://dapo.dikdasmen.kemdikbud.go.id/sekolah/C151D574CCB964371878
Prov. D.I. Yogyakarta,Kab. Bantul,Kec. Piyungan,SD MUHAMMADIYAH KARANGPLOSO,20400496,SD,Swasta,-,0,0,0,0,0,12,1,1,http://dapo.dikdasmen.kemdikbud.go.id/sekolah/84B031081EB622A210D5
Prov. D.I. Yogyakarta,Kab. Bantul,Kec. Piyungan,SDIT KHOLID BIN WALID PIYUNGAN,69979469,SD,Swasta,-,0,0,0,0,0,4,0,1,http://dapo.dikdasmen.kemdikbud.go.id/sekolah/0922C0E08BD897366A49
Prov. D.I. Yogyakarta,Kab. Bantul,Kec. Piyungan,SMP NEGERI 1 PIYUNGAN,20400283,SMP,Negeri,-,0,0,0,0,0,22,8,1,http://dapo.dikdasmen.kemdikbud.go.id/sekolah/1F5E59E60A4A748A2E1E
Prov. D.I. Yogyakarta,Kab. Bantul,Kec. Piyungan,SMP NEGERI 2 PIYUNGAN,20400362,SMP,Negeri,-,0,0,0,0,0,16,5,1,http://dapo.dikdasmen.kemdikbud.go.id/sekolah/77D409B9A626C22C9469
Prov. D.I. Yogyakarta,Kab. Bantul,Kec. Piyungan,SMP MUHAMMADIYAH PIYUNGAN,20400314,SMP,Swasta,26 Aug 2019 12:23:17,14,247,9,20,9,9,4,1,http://dapo.dikdasmen.kemdikbud.go.id/sekolah/F771FE14849DD39F911E
Prov. D.I. Yogyakarta,Kab. Bantul,Kec. Piyungan,SMP PEMBANGUNAN PIYUNGAN,20400318,SMP,Swasta,-,0,0,0,0,0,17,2,1,http://dapo.dikdasmen.kemdikbud.go.id/sekolah/E7B317E61A4F0CEE29B5
Prov. D.I. Yogyakarta,Kab. Bantul,Kec. Piyungan,SMA NEGERI 1 PIYUNGAN,20400376,SMA,Negeri,-,0,0,0,0,0,19,4,1,http://dapo.dikdasmen.kemdikbud.go.id/sekolah/FA9604401D4574DFB8C8
Prov. D.I. Yogyakarta,Kab. Bantul,Kec. Piyungan,SMA MUHAMMADIYAH PIYUNGAN,20400399,SMA,Swasta,-,0,0,0,0,0,6,1,0,http://dapo.dikdasmen.kemdikbud.go.id/sekolah/B21752F601F502345964
Prov. D.I. Yogyakarta,Kab. Bantul,Kec. Piyungan,SMK BUDHI DHARMA PIYUNGAN BANTUL,20400440,SMK,Swasta,-,0,0,0,0,0,6,2,1,http://dapo.dikdasmen.kemdikbud.go.id/sekolah/51E4425CACA74962A7A9
Prov. D.I. Yogyakarta,Kab. Bantul,Kec. Piyungan,SMK MAARIF 1 PIYUNGAN,20408005,SMK,Swasta,-,0,0,0,0,0,15,1,1,http://dapo.dikdasmen.kemdikbud.go.id/sekolah/F1E735D447F012F4C7AD
Prov. D.I. Yogyakarta,Kab. Bantul,Kec. Piyungan,SMK MUHAMMADIYAH PIYUNGAN,20400451,SMK,Swasta,-,0,0,0,0,0,10,1,1,http://dapo.dikdasmen.kemdikbud.go.id/sekolah/A4901484FE9BFDBF55A4
Prov. D.I. Yogyakarta,Kab. Bantul,Kec. Piyungan,SMKS MAARIF 2 PIYUNGAN,20400434,SMK,Swasta,-,0,0,0,0,0,5,1,1,http://dapo.dikdasmen.kemdikbud.go.id/sekolah/3DFC0CB0B0DC69073057
Prov. D.I. Yogyakarta,Kab. Bantul,Kec. Piyungan,SLB DHARMA BHAKTI,20409743,SLB,Swasta,-,0,0,0,0,0,22,0,1,http://dapo.dikdasmen.kemdikbud.go.id/sekolah/016917B9251A9A401498
