provinsi,kab_kota,kecamatan,nama_sekolah,npsn,bp,status,last_sync,jml_sync,pd,rombel,guru,pegawai,ruang_kelas,ruang_lab,ruang_perpus,url_sekolah
Prov. Jawa Barat,Kab. Bandung Barat,Kec. Cililin,SD N 3 RANCAPANGGUNG ,20206314,SD,Negeri,-,0,0,0,0,0,9,0,0,http://dapo.dikdasmen.kemdikbud.go.id/sekolah/8058AC001F415371CAE0
Prov. Jawa Barat,Kab. Bandung Barat,Kec. Cililin,SD N BOJONGWANGI,20206919,SD,Negeri,-,0,0,0,0,0,6,0,0,http://dapo.dikdasmen.kemdikbud.go.id/sekolah/5F9B817D06B456524596
Prov. Jawa Barat,Kab. Bandung Barat,Kec. Cililin,SD NEGERI 1 CILILIN,20207576,SD,Negeri,-,0,0,0,0,0,8,0,1,http://dapo.dikdasmen.kemdikbud.go.id/sekolah/4374E7C87209B5EE816C
Prov. Jawa Barat,Kab. Bandung Barat,Kec. Cililin,SD NEGERI 1 KARANGTANJUNG,20205438,SD,Negeri,-,0,0,0,0,0,14,0,1,http://dapo.dikdasmen.kemdikbud.go.id/sekolah/5F4CC3FA7E35ECD12CC8
Prov. Jawa Barat,Kab. Bandung Barat,Kec. Cililin,SD NEGERI 1 RANCAPANGGUNG ,20206303,SD,Negeri,-,0,0,0,0,0,6,0,1,http://dapo.dikdasmen.kemdikbud.go.id/sekolah/B5299C0132135BAB01E2
Prov. Jawa Barat,Kab. Bandung Barat,Kec. Cililin,SD NEGERI 2 CILILIN,20207575,SD,Negeri,-,0,0,0,0,0,8,0,0,http://dapo.dikdasmen.kemdikbud.go.id/sekolah/BC25BF616E99DC08F826
Prov. Jawa Barat,Kab. Bandung Barat,Kec. Cililin,SD NEGERI 2 RANCAPANGGUNG ,20206313,SD,Negeri,-,0,0,0,0,0,10,0,1,http://dapo.dikdasmen.kemdikbud.go.id/sekolah/243F7F8B23A35295FF54
Prov. Jawa Barat,Kab. Bandung Barat,Kec. Cililin,SD NEGERI 4 CILILIN ,20207573,SD,Negeri,-,0,0,0,0,0,6,0,0,http://dapo.dikdasmen.kemdikbud.go.id/sekolah/2FF5B228F5623F66D366
Prov. Jawa Barat,Kab. Bandung Barat,Kec. Cililin,SD NEGERI 5 CILILIN,20207572,SD,Negeri,-,0,0,0,0,0,5,0,0,http://dapo.dikdasmen.kemdikbud.go.id/sekolah/9609D129BDD42E61FD46
Prov. Jawa Barat,Kab. Bandung Barat,Kec. Cililin,SD NEGERI BOJONGSALAM,20206857,SD,Negeri,-,0,0,0,0,0,6,0,1,http://dapo.dikdasmen.kemdikbud.go.id/sekolah/82EE5FABE644E9AFBF9E
Prov. Jawa Barat,Kab. Bandung Barat,Kec. Cililin,SD NEGERI BONGAS,20228180,SD,Negeri,-,0,0,0,0,0,12,1,1,http://dapo.dikdasmen.kemdikbud.go.id/sekolah/B54A26679345D6EA37C8
Prov. Jawa Barat,Kab. Bandung Barat,Kec. Cililin,SD NEGERI BONJOT,20206923,SD,Negeri,-,0,0,0,0,0,6,0,1,http://dapo.dikdasmen.kemdikbud.go.id/sekolah/C78F1661FF2EF780C7CF
Prov. Jawa Barat,Kab. Bandung Barat,Kec. Cililin,SD NEGERI BUDIASIH,20206930,SD,Negeri,-,0,0,0,0,0,6,0,1,http://dapo.dikdasmen.kemdikbud.go.id/sekolah/D2EFE609EB5036F75B68
Prov. Jawa Barat,Kab. Bandung Barat,Kec. Cililin,SD NEGERI BUDIHARJA,20206896,SD,Negeri,-,0,0,0,0,0,6,0,0,http://dapo.dikdasmen.kemdikbud.go.id/sekolah/5E8FBFDB164C0CE48109
Prov. Jawa Barat,Kab. Bandung Barat,Kec. Cililin,SD NEGERI BUDIKARYA,20206929,SD,Negeri,-,0,0,0,0,0,6,0,1,http://dapo.dikdasmen.kemdikbud.go.id/sekolah/B6DA21AF8287364C113C
Prov. Jawa Barat,Kab. Bandung Barat,Kec. Cililin,SD NEGERI BUDISARI,20206892,SD,Negeri,-,0,0,0,0,0,6,0,1,http://dapo.dikdasmen.kemdikbud.go.id/sekolah/D7822AA2D80AF304898A
Prov. Jawa Barat,Kab. Bandung Barat,Kec. Cililin,SD NEGERI BUDIWALUYA,20206891,SD,Negeri,-,0,0,0,0,0,6,0,0,http://dapo.dikdasmen.kemdikbud.go.id/sekolah/8DB0AD847B528B5E364E
Prov. Jawa Barat,Kab. Bandung Barat,Kec. Cililin,SD NEGERI CILILIN 3,20207574,SD,Negeri,-,0,0,0,0,0,5,0,1,http://dapo.dikdasmen.kemdikbud.go.id/sekolah/AAE396C8C5F6BBA43E76
Prov. Jawa Barat,Kab. Bandung Barat,Kec. Cililin,SD NEGERI CIMANONG,20207530,SD,Negeri,-,0,0,0,0,0,6,0,1,http://dapo.dikdasmen.kemdikbud.go.id/sekolah/CCC6B724DBA472F70CC7
Prov. Jawa Barat,Kab. Bandung Barat,Kec. Cililin,SD NEGERI DAYEUHLUHUR,20207657,SD,Negeri,-,0,0,0,0,0,7,0,1,http://dapo.dikdasmen.kemdikbud.go.id/sekolah/87D2900C3AE3AD23F64C
Prov. Jawa Barat,Kab. Bandung Barat,Kec. Cililin,SD NEGERI DERMALITA,20207656,SD,Negeri,-,0,0,0,0,0,7,0,1,http://dapo.dikdasmen.kemdikbud.go.id/sekolah/974D863F113FC238F9D9
Prov. Jawa Barat,Kab. Bandung Barat,Kec. Cililin,SD NEGERI GABUS,20207665,SD,Negeri,-,0,0,0,0,0,5,0,0,http://dapo.dikdasmen.kemdikbud.go.id/sekolah/01BFB6325949E858A08E
Prov. Jawa Barat,Kab. Bandung Barat,Kec. Cililin,SD NEGERI GANDASARI,20207648,SD,Negeri,-,0,0,0,0,0,6,0,1,http://dapo.dikdasmen.kemdikbud.go.id/sekolah/E38517190CFC22A0056D
Prov. Jawa Barat,Kab. Bandung Barat,Kec. Cililin,SD NEGERI GIRIASIH,20207723,SD,Negeri,-,0,0,0,0,0,6,0,0,http://dapo.dikdasmen.kemdikbud.go.id/sekolah/70FFA24C2B25B4A2F293
Prov. Jawa Barat,Kab. Bandung Barat,Kec. Cililin,SD NEGERI GROGOL,20207699,SD,Negeri,-,0,0,0,0,0,5,0,1,http://dapo.dikdasmen.kemdikbud.go.id/sekolah/138B739089E0F45618F1
Prov. Jawa Barat,Kab. Bandung Barat,Kec. Cililin,SD NEGERI HEGARMANAH,20205524,SD,Negeri,-,0,0,0,0,0,6,0,1,http://dapo.dikdasmen.kemdikbud.go.id/sekolah/B094F1C1C41AB201B042
Prov. Jawa Barat,Kab. Bandung Barat,Kec. Cililin,SD NEGERI KARANGANYAR,20205442,SD,Negeri,-,0,0,0,0,0,6,0,1,http://dapo.dikdasmen.kemdikbud.go.id/sekolah/1A25621D1876698AE33E
Prov. Jawa Barat,Kab. Bandung Barat,Kec. Cililin,SD NEGERI KARANGTANJUNG 2,20205437,SD,Negeri,-,0,0,0,0,0,7,0,1,http://dapo.dikdasmen.kemdikbud.go.id/sekolah/D730739865CBADB1BD11
Prov. Jawa Barat,Kab. Bandung Barat,Kec. Cililin,SD NEGERI LEMBANG,20205803,SD,Negeri,22 Aug 2019 22:55:55,0,0,0,0,0,6,0,0,http://dapo.dikdasmen.kemdikbud.go.id/sekolah/C9C5C3D678747559EFD3
Prov. Jawa Barat,Kab. Bandung Barat,Kec. Cililin,SD NEGERI LITASEMBADA,20205630,SD,Negeri,-,0,0,0,0,0,8,1,1,http://dapo.dikdasmen.kemdikbud.go.id/sekolah/FFDE9A500EB4ABA51A89
Prov. Jawa Barat,Kab. Bandung Barat,Kec. Cililin,SD NEGERI NANGGERANG,20205032,SD,Negeri,-,0,0,0,0,0,6,0,1,http://dapo.dikdasmen.kemdikbud.go.id/sekolah/321254D378A896826EC3
Prov. Jawa Barat,Kab. Bandung Barat,Kec. Cililin,SD NEGERI PADAMEKAR,20205356,SD,Negeri,-,0,0,0,0,0,6,0,1,http://dapo.dikdasmen.kemdikbud.go.id/sekolah/2A06F760D006B620EBEC
Prov. Jawa Barat,Kab. Bandung Barat,Kec. Cililin,SD NEGERI PANARUBAN,20205381,SD,Negeri,-,0,0,0,0,0,7,0,1,http://dapo.dikdasmen.kemdikbud.go.id/sekolah/F671F3FA1E683B4BDBB2
Prov. Jawa Barat,Kab. Bandung Barat,Kec. Cililin,SD NEGERI PASIRPANJANG,20206353,SD,Negeri,-,0,0,0,0,0,8,0,1,http://dapo.dikdasmen.kemdikbud.go.id/sekolah/605F8C83B7F22F9CDB40
Prov. Jawa Barat,Kab. Bandung Barat,Kec. Cililin,SD NEGERI PASIRSEREH,20206339,SD,Negeri,-,0,0,0,0,0,9,0,1,http://dapo.dikdasmen.kemdikbud.go.id/sekolah/5BE7C63DA801856BEC13
Prov. Jawa Barat,Kab. Bandung Barat,Kec. Cililin,SD NEGERI SIRNAGALIH,20206587,SD,Negeri,-,0,0,0,0,0,6,0,1,http://dapo.dikdasmen.kemdikbud.go.id/sekolah/A4831393D3087979EA95
Prov. Jawa Barat,Kab. Bandung Barat,Kec. Cililin,SD NEGERI SUGIHARTI,20206436,SD,Negeri,-,0,0,0,0,0,6,0,1,http://dapo.dikdasmen.kemdikbud.go.id/sekolah/B691496A17A013E353D3
Prov. Jawa Barat,Kab. Bandung Barat,Kec. Cililin,SD NEGERI SUKAMANAH,20206497,SD,Negeri,-,0,0,0,0,0,6,0,1,http://dapo.dikdasmen.kemdikbud.go.id/sekolah/9D1E0C15A7D53E34496A
Prov. Jawa Barat,Kab. Bandung Barat,Kec. Cililin,SD NEGERI WALAHIR,20205891,SD,Negeri,-,0,0,0,0,0,6,0,0,http://dapo.dikdasmen.kemdikbud.go.id/sekolah/D1DF320BA048A5FE98CE
Prov. Jawa Barat,Kab. Bandung Barat,Kec. Cililin,SD S SUMUR BANDUNG,20228191,SD,Swasta,-,0,0,0,0,0,7,0,1,http://dapo.dikdasmen.kemdikbud.go.id/sekolah/E8F23062F337C3E6AC3C
Prov. Jawa Barat,Kab. Bandung Barat,Kec. Cililin,SDARAFAH,20206672,SD,Swasta,-,0,0,0,0,0,6,0,0,http://dapo.dikdasmen.kemdikbud.go.id/sekolah/09EADE34A3A873732E9A
Prov. Jawa Barat,Kab. Bandung Barat,Kec. Cililin,SMP NEGERI 1 CILILIN,20206042,SMP,Negeri,-,0,0,0,0,0,28,2,1,http://dapo.dikdasmen.kemdikbud.go.id/sekolah/D24A7C6A43B2A705030D
Prov. Jawa Barat,Kab. Bandung Barat,Kec. Cililin,SMP NEGERI 2 CILILIN,20267625,SMP,Negeri,22 Aug 2019 20:13:17,0,0,0,0,0,14,2,1,http://dapo.dikdasmen.kemdikbud.go.id/sekolah/CF2067BF511AAD7FCB91
Prov. Jawa Barat,Kab. Bandung Barat,Kec. Cililin,SMP NEGERI 3 CILILIN,20271391,SMP,Negeri,-,0,0,0,0,0,10,1,1,http://dapo.dikdasmen.kemdikbud.go.id/sekolah/A54DCFB3ABF03602E851
Prov. Jawa Barat,Kab. Bandung Barat,Kec. Cililin,SMP NEGERI SATU ATAP LEMBANG CILILIN,60726182,SMP,Negeri,-,0,0,0,0,0,5,0,1,http://dapo.dikdasmen.kemdikbud.go.id/sekolah/C9EE3C6B87F95FAF7073
Prov. Jawa Barat,Kab. Bandung Barat,Kec. Cililin,SMP AL-MAHMUD,20227623,SMP,Swasta,-,0,0,0,0,0,6,2,1,http://dapo.dikdasmen.kemdikbud.go.id/sekolah/0F6258D6FC6B18546D08
Prov. Jawa Barat,Kab. Bandung Barat,Kec. Cililin,SMP BINGKAI CENDIKIA CILILIN,69973545,SMP,Swasta,22 Aug 2019 22:01:38,0,0,0,0,0,3,0,0,http://dapo.dikdasmen.kemdikbud.go.id/sekolah/128A2D48775D0BA26ADB
Prov. Jawa Barat,Kab. Bandung Barat,Kec. Cililin,SMP ISTIQOMAH CILILIN,20227664,SMP,Swasta,-,0,0,0,0,0,3,0,0,http://dapo.dikdasmen.kemdikbud.go.id/sekolah/CD7CF5038760D84841F4
Prov. Jawa Barat,Kab. Bandung Barat,Kec. Cililin,SMP MADYA BAKTI,20267619,SMP,Swasta,-,0,0,0,0,0,4,0,1,http://dapo.dikdasmen.kemdikbud.go.id/sekolah/70BA1C83225AEED1E77D
Prov. Jawa Barat,Kab. Bandung Barat,Kec. Cililin,SMP MUSLIMIN CILILIN,20227701,SMP,Swasta,-,0,0,0,0,0,20,1,1,http://dapo.dikdasmen.kemdikbud.go.id/sekolah/6E23435B6CEC7C752863
Prov. Jawa Barat,Kab. Bandung Barat,Kec. Cililin,SMP PGRI CILILIN,20206130,SMP,Swasta,-,0,0,0,0,0,6,0,0,http://dapo.dikdasmen.kemdikbud.go.id/sekolah/51786CA0A3DCE80A2025
Prov. Jawa Barat,Kab. Bandung Barat,Kec. Cililin,SMP PLUS ARAFAH,20227746,SMP,Swasta,-,0,0,0,0,0,7,3,1,http://dapo.dikdasmen.kemdikbud.go.id/sekolah/8FD6AC979D1BE58B9CFA
Prov. Jawa Barat,Kab. Bandung Barat,Kec. Cililin,SMP SUMUR BANDUNG,20206059,SMP,Swasta,-,0,0,0,0,0,10,2,1,http://dapo.dikdasmen.kemdikbud.go.id/sekolah/8D80BA7CC98787E59090
Prov. Jawa Barat,Kab. Bandung Barat,Kec. Cililin,SMP YPII CILILIN,20227786,SMP,Swasta,-,0,0,0,0,0,9,1,1,http://dapo.dikdasmen.kemdikbud.go.id/sekolah/F2138910CBC932741E73
Prov. Jawa Barat,Kab. Bandung Barat,Kec. Cililin,SMAN 1 CILILIN,20206146,SMA,Negeri,-,0,0,0,0,0,37,5,1,http://dapo.dikdasmen.kemdikbud.go.id/sekolah/4EAEB18E913A812223E7
Prov. Jawa Barat,Kab. Bandung Barat,Kec. Cililin,SMA LEPPESA 2 CILILIN,69946120,SMA,Swasta,-,0,0,0,0,0,7,1,1,http://dapo.dikdasmen.kemdikbud.go.id/sekolah/7B20739DF4B71B465EB4
Prov. Jawa Barat,Kab. Bandung Barat,Kec. Cililin,SMA MADYA UTAMA,69899353,SMA,Swasta,-,0,0,0,0,0,3,1,1,http://dapo.dikdasmen.kemdikbud.go.id/sekolah/581E5CE345592DFF28CF
Prov. Jawa Barat,Kab. Bandung Barat,Kec. Cililin,SMAS LEPPESA CILILIN,20227854,SMA,Swasta,-,0,0,0,0,0,12,1,1,http://dapo.dikdasmen.kemdikbud.go.id/sekolah/BD8C580D2CA2D9E665CE
Prov. Jawa Barat,Kab. Bandung Barat,Kec. Cililin,SMAS MITRA DARMA CILILIN,20227859,SMA,Swasta,22 Aug 2019 22:12:13,2,352,12,9,3,16,3,1,http://dapo.dikdasmen.kemdikbud.go.id/sekolah/EA52257F17843D9C6E34
Prov. Jawa Barat,Kab. Bandung Barat,Kec. Cililin,SMAS MUSLIMIN CILILIN,20227865,SMA,Swasta,21 Aug 2019 20:46:23,1,593,19,26,4,23,5,1,http://dapo.dikdasmen.kemdikbud.go.id/sekolah/0D2F49DB38B7D586194E
Prov. Jawa Barat,Kab. Bandung Barat,Kec. Cililin,SMAS SUMUR BANDUNG CILILIN,20251787,SMA,Swasta,-,0,0,0,0,0,5,4,1,http://dapo.dikdasmen.kemdikbud.go.id/sekolah/EDC2BE4107CC8EF79B32
Prov. Jawa Barat,Kab. Bandung Barat,Kec. Cililin,SMKS BINA SISWA 2 ,20279922,SMK,Swasta,-,0,0,0,0,0,8,1,0,http://dapo.dikdasmen.kemdikbud.go.id/sekolah/DB1562F8C420FF433C0E
Prov. Jawa Barat,Kab. Bandung Barat,Kec. Cililin,SMKS FARMASI MITADHARMA CILILIN,20267647,SMK,Swasta,22 Aug 2019 23:10:42,1,91,4,14,1,10,1,1,http://dapo.dikdasmen.kemdikbud.go.id/sekolah/F77B89B48854B2CD178C
Prov. Jawa Barat,Kab. Bandung Barat,Kec. Cililin,SMKS HARAPAN BANGSA 1 CILILIN,20228531,SMK,Swasta,-,0,0,0,0,0,4,1,1,http://dapo.dikdasmen.kemdikbud.go.id/sekolah/43209C2B1FB548555183
Prov. Jawa Barat,Kab. Bandung Barat,Kec. Cililin,SMKS HARAPAN BANGSA 2 CILILIN,20228532,SMK,Swasta,-,0,0,0,0,0,3,0,1,http://dapo.dikdasmen.kemdikbud.go.id/sekolah/76ED1EAD0442908F326C
Prov. Jawa Barat,Kab. Bandung Barat,Kec. Cililin,SMKS PUSAT TEKNOLOGI CILILIN,20267650,SMK,Swasta,-,0,0,0,0,0,11,1,1,http://dapo.dikdasmen.kemdikbud.go.id/sekolah/2944309C34DCF014E0C5
Prov. Jawa Barat,Kab. Bandung Barat,Kec. Cililin,SMKS SURYA PERTIWI ,20279921,SMK,Swasta,-,0,0,0,0,0,6,1,0,http://dapo.dikdasmen.kemdikbud.go.id/sekolah/96A505AA80C455DB2B91
Prov. Jawa Barat,Kab. Bandung Barat,Kec. Cililin,SMKS YPII CILILIN,20268303,SMK,Swasta,-,0,0,0,0,0,6,0,1,http://dapo.dikdasmen.kemdikbud.go.id/sekolah/B1468EE76C6BE6926DEF
Prov. Jawa Barat,Kab. Bandung Barat,Kec. Cililin,SLB BUDI MULIA CILILIN,20267656,SLB,Swasta,-,0,0,0,0,0,10,0,1,http://dapo.dikdasmen.kemdikbud.go.id/sekolah/71CE19F4BCE0963EA124
