provinsi,kab_kota,kecamatan,nama_sekolah,npsn,bp,status,last_sync,jml_sync,pd,rombel,guru,pegawai,ruang_kelas,ruang_lab,ruang_perpus,url_sekolah
Prov. Aceh,Kab. Aceh Besar,Kec. Simpang Tiga,SD NEGERI LAM URA,10107422,SD,Negeri,-,0,0,0,0,0,6,0,1,http://dapo.dikdasmen.kemdikbud.go.id/sekolah/1F0C02B70A54DCC6CDC5
Prov. Aceh,Kab. Aceh Besar,Kec. Simpang Tiga,SD NEGERI LAMKRAK,10107402,SD,Negeri,-,0,0,0,0,0,6,0,1,http://dapo.dikdasmen.kemdikbud.go.id/sekolah/872EB8ED66A7D39A5328
Prov. Aceh,Kab. Aceh Besar,Kec. Simpang Tiga,SD NEGERI SIMPANG TIGA,10107460,SD,Negeri,-,0,0,0,0,0,13,0,2,http://dapo.dikdasmen.kemdikbud.go.id/sekolah/5216284D4D0AFE2DBEBE
Prov. Aceh,Kab. Aceh Besar,Kec. Simpang Tiga,SMP NEGERI 1 SIMPANG TIGA,10100115,SMP,Negeri,-,0,0,0,0,0,6,1,1,http://dapo.dikdasmen.kemdikbud.go.id/sekolah/E668B38A909E0C533D32
Prov. Aceh,Kab. Aceh Besar,Kec. Simpang Tiga,SMA NEGERI 1 SIMPANG TIGA,10113363,SMA,Negeri,-,0,0,0,0,0,4,5,1,http://dapo.dikdasmen.kemdikbud.go.id/sekolah/82FC39622F7263388C42
