provinsi,kab_kota,kecamatan,nama_sekolah,npsn,bp,status,last_sync,jml_sync,pd,rombel,guru,pegawai,ruang_kelas,ruang_lab,ruang_perpus,url_sekolah
Prov. Aceh,Kab. Aceh Besar,Kec. Darul Kamal,SD NEGERI BLANG KIREE,10100311,SD,Negeri,-,0,0,0,0,0,9,0,0,http://dapo.dikdasmen.kemdikbud.go.id/sekolah/B5086B63E1980C9D9C6A
Prov. Aceh,Kab. Aceh Besar,Kec. Darul Kamal,SD NEGERI NEUSOK TEUBALUI,10107439,SD,Negeri,-,0,0,0,0,0,6,0,1,http://dapo.dikdasmen.kemdikbud.go.id/sekolah/36E6D0856EE565644524
Prov. Aceh,Kab. Aceh Besar,Kec. Darul Kamal,SDN LAMKUNYET,10107403,SD,Negeri,-,0,0,0,0,0,8,1,2,http://dapo.dikdasmen.kemdikbud.go.id/sekolah/C1A99D9B3E6851A2F6CF
Prov. Aceh,Kab. Aceh Besar,Kec. Darul Kamal,SMP NEGERI 1 DARUL KAMAL,10100101,SMP,Negeri,23 Aug 2019 17:16:49,3,124,6,14,6,6,2,1,http://dapo.dikdasmen.kemdikbud.go.id/sekolah/A01B75EAB153E0EF8A5C
Prov. Aceh,Kab. Aceh Besar,Kec. Darul Kamal,SMPIT Nurul Fikri Boarding School Aceh,69841005,SMP,Swasta,-,0,0,0,0,0,7,2,1,http://dapo.dikdasmen.kemdikbud.go.id/sekolah/8F4C1ABB9A2060149FD1
Prov. Aceh,Kab. Aceh Besar,Kec. Darul Kamal,SMK NEGERI 1 DARUL KAMAL,10113359,SMK,Negeri,-,0,0,0,0,0,11,1,1,http://dapo.dikdasmen.kemdikbud.go.id/sekolah/26E0D1752844C75F0F02
