provinsi,kab_kota,kecamatan,nama_sekolah,npsn,bp,status,last_sync,jml_sync,pd,rombel,guru,pegawai,ruang_kelas,ruang_lab,ruang_perpus,url_sekolah
Prov. Aceh,Kab. Aceh Besar,Kec. Leupung,SD N LAYEUN,10107423,SD,Negeri,-,0,0,0,0,0,6,0,1,http://dapo.dikdasmen.kemdikbud.go.id/sekolah/CBFD48272F6A74BCEE65
Prov. Aceh,Kab. Aceh Besar,Kec. Leupung,SD NEGERI GAROT LEUPUNG,10107371,SD,Negeri,-,0,0,0,0,0,6,0,0,http://dapo.dikdasmen.kemdikbud.go.id/sekolah/7F2536F551C935A0CF18
Prov. Aceh,Kab. Aceh Besar,Kec. Leupung,SD NEGERI LEUPUNG,10107424,SD,Negeri,-,0,0,0,0,0,6,0,0,http://dapo.dikdasmen.kemdikbud.go.id/sekolah/9A818839746B59528836
Prov. Aceh,Kab. Aceh Besar,Kec. Leupung,SD NEGERI PULOT,10107441,SD,Negeri,-,0,0,0,0,0,6,0,1,http://dapo.dikdasmen.kemdikbud.go.id/sekolah/1864D63B504DE4C320C4
Prov. Aceh,Kab. Aceh Besar,Kec. Leupung,SMP NEGERI 1 LEUPUNG,10100104,SMP,Negeri,-,0,0,0,0,0,3,3,1,http://dapo.dikdasmen.kemdikbud.go.id/sekolah/EF71DF9D71C3A65BC12B
Prov. Aceh,Kab. Aceh Besar,Kec. Leupung,SMA NEGERI 1 LEUPUNG,10100177,SMA,Negeri,-,0,0,0,0,0,6,4,1,http://dapo.dikdasmen.kemdikbud.go.id/sekolah/58B34A7E4F1F66CDB1C1
