provinsi,kab_kota,kecamatan,nama_sekolah,npsn,bp,status,last_sync,jml_sync,pd,rombel,guru,pegawai,ruang_kelas,ruang_lab,ruang_perpus,url_sekolah
Prov. Aceh,Kab. Aceh Besar,Kec. Krung Barona Jaya,SD NEGERI GLA MEUNASAH BARO,10100168,SD,Negeri,-,0,0,0,0,0,6,0,1,http://dapo.dikdasmen.kemdikbud.go.id/sekolah/F4EEAF74B045AB576A67
Prov. Aceh,Kab. Aceh Besar,Kec. Krung Barona Jaya,SD NEGERI LAM UJONG,10100144,SD,Negeri,-,0,0,0,0,0,6,0,0,http://dapo.dikdasmen.kemdikbud.go.id/sekolah/1B85322D9A555A1D57EB
Prov. Aceh,Kab. Aceh Besar,Kec. Krung Barona Jaya,SD NEGERI LAMREUNG,10107414,SD,Negeri,-,0,0,0,0,0,13,0,1,http://dapo.dikdasmen.kemdikbud.go.id/sekolah/76E19E55969BC96893DA
Prov. Aceh,Kab. Aceh Besar,Kec. Krung Barona Jaya,SD NEGERI RUMPET KRUNG BARONA JAYA,10107447,SD,Negeri,-,0,0,0,0,0,6,0,1,http://dapo.dikdasmen.kemdikbud.go.id/sekolah/614B154BECDE9A107DEA
Prov. Aceh,Kab. Aceh Besar,Kec. Krung Barona Jaya,SMA NEGERI 1 KRUENG BARONA JAYA,10100186,SMA,Negeri,-,0,0,0,0,0,23,6,2,http://dapo.dikdasmen.kemdikbud.go.id/sekolah/259A875B5CF7F9092D9C
