provinsi,kab_kota,kecamatan,nama_sekolah,npsn,bp,status,last_sync,jml_sync,pd,rombel,guru,pegawai,ruang_kelas,ruang_lab,ruang_perpus,url_sekolah
Prov. Aceh,Kab. Aceh Besar,Kec. Darul Imarah,SD N 1 JEUMPET,10107314,SD,Negeri,-,0,0,0,0,0,6,0,1,http://dapo.dikdasmen.kemdikbud.go.id/sekolah/0A59FAD66D694F17E484
Prov. Aceh,Kab. Aceh Besar,Kec. Darul Imarah,SD NEGERI 1 LAMBHEU,10107317,SD,Negeri,-,0,0,0,0,0,13,0,1,http://dapo.dikdasmen.kemdikbud.go.id/sekolah/9AC936E986507383F77C
Prov. Aceh,Kab. Aceh Besar,Kec. Darul Imarah,SD NEGERI 1 LAMCOT,10107318,SD,Negeri,-,0,0,0,0,0,6,0,1,http://dapo.dikdasmen.kemdikbud.go.id/sekolah/690172E4153194ACA758
Prov. Aceh,Kab. Aceh Besar,Kec. Darul Imarah,SD NEGERI 1 MATA IE,10107322,SD,Negeri,-,0,0,0,0,0,6,0,1,http://dapo.dikdasmen.kemdikbud.go.id/sekolah/0527A75A9AA828988553
Prov. Aceh,Kab. Aceh Besar,Kec. Darul Imarah,SD NEGERI 2 JEUMPET,10100149,SD,Negeri,-,0,0,0,0,0,6,0,1,http://dapo.dikdasmen.kemdikbud.go.id/sekolah/3FFE84D3EEB0B3BB6683
Prov. Aceh,Kab. Aceh Besar,Kec. Darul Imarah,SD NEGERI 2 LAMBHEU,10107332,SD,Negeri,-,0,0,0,0,0,7,0,2,http://dapo.dikdasmen.kemdikbud.go.id/sekolah/FB6C489A7096D3EB63D0
Prov. Aceh,Kab. Aceh Besar,Kec. Darul Imarah,SD NEGERI 2 LAMCOT,10107334,SD,Negeri,-,0,0,0,0,0,7,0,1,http://dapo.dikdasmen.kemdikbud.go.id/sekolah/F88CA2A699E72A936314
Prov. Aceh,Kab. Aceh Besar,Kec. Darul Imarah,SD NEGERI 2 MATA IE,10107338,SD,Negeri,23 Aug 2019 15:10:13,1,292,13,18,2,13,0,1,http://dapo.dikdasmen.kemdikbud.go.id/sekolah/D59D2CA5C8E91789BB15
Prov. Aceh,Kab. Aceh Besar,Kec. Darul Imarah,SD NEGERI GAROT,10107370,SD,Negeri,-,0,0,0,0,0,15,0,1,http://dapo.dikdasmen.kemdikbud.go.id/sekolah/52000999EE328DFE1775
Prov. Aceh,Kab. Aceh Besar,Kec. Darul Imarah,SD NEGERI GAROT GEUCEU,10100298,SD,Negeri,-,0,0,0,0,0,6,0,1,http://dapo.dikdasmen.kemdikbud.go.id/sekolah/A2ADA688527A048019AB
Prov. Aceh,Kab. Aceh Besar,Kec. Darul Imarah,SD NEGERI GUE GAJAH,10107373,SD,Negeri,-,0,0,0,0,0,6,0,1,http://dapo.dikdasmen.kemdikbud.go.id/sekolah/8645A47FB3DA577C9311
Prov. Aceh,Kab. Aceh Besar,Kec. Darul Imarah,SD NEGERI KANDANG CUT,10107377,SD,Negeri,-,0,0,0,0,0,6,0,1,http://dapo.dikdasmen.kemdikbud.go.id/sekolah/F230235292529FFCBC70
Prov. Aceh,Kab. Aceh Besar,Kec. Darul Imarah,SD NEGERI LAMPEUNEURUT,10107409,SD,Negeri,-,0,0,0,0,0,21,2,1,http://dapo.dikdasmen.kemdikbud.go.id/sekolah/C848884A1781C1F9FAB8
Prov. Aceh,Kab. Aceh Besar,Kec. Darul Imarah,SD NEGERI LAMTHEUN,10107421,SD,Negeri,-,0,0,0,0,0,6,0,1,http://dapo.dikdasmen.kemdikbud.go.id/sekolah/BFA8707BD0C3D096B631
Prov. Aceh,Kab. Aceh Besar,Kec. Darul Imarah,SD NEGERI MESJID LHEU,10107432,SD,Negeri,-,0,0,0,0,0,6,0,1,http://dapo.dikdasmen.kemdikbud.go.id/sekolah/876B27DAAEF48BD6ADBF
Prov. Aceh,Kab. Aceh Besar,Kec. Darul Imarah,SD IT NURUL FIKRI ACEH,10107375,SD,Swasta,-,0,0,0,0,0,23,2,1,http://dapo.dikdasmen.kemdikbud.go.id/sekolah/D514A88747D872D38C4D
Prov. Aceh,Kab. Aceh Besar,Kec. Darul Imarah,SMP N 1 DARUL IMARAH,10100210,SMP,Negeri,-,0,0,0,0,0,22,2,1,http://dapo.dikdasmen.kemdikbud.go.id/sekolah/F5C3785FE42464BE48D3
Prov. Aceh,Kab. Aceh Besar,Kec. Darul Imarah,SMP N 2 DARUL IMARAH,10100200,SMP,Negeri,-,0,0,0,0,0,11,4,1,http://dapo.dikdasmen.kemdikbud.go.id/sekolah/983C4E8C91FD9B1400E1
Prov. Aceh,Kab. Aceh Besar,Kec. Darul Imarah,SMP Islam Cendekia El-Hakim,69841004,SMP,Swasta,-,0,0,0,0,0,3,0,1,http://dapo.dikdasmen.kemdikbud.go.id/sekolah/DA487BE28D6B917FD2B5
Prov. Aceh,Kab. Aceh Besar,Kec. Darul Imarah,SMP IT LUQMANUL HAKIM,60729114,SMP,Swasta,-,0,0,0,0,0,6,0,1,http://dapo.dikdasmen.kemdikbud.go.id/sekolah/64D579591B5FA589A9AA
Prov. Aceh,Kab. Aceh Besar,Kec. Darul Imarah,SMP MADANI AL-AZIZIYAH,69874370,SMP,Swasta,-,0,0,0,0,0,3,2,0,http://dapo.dikdasmen.kemdikbud.go.id/sekolah/454E541C973037B1C477
Prov. Aceh,Kab. Aceh Besar,Kec. Darul Imarah,SMPS MALEM PUTRA 1,10100132,SMP,Swasta,22 Aug 2019 16:19:19,2,13,2,8,3,3,1,1,http://dapo.dikdasmen.kemdikbud.go.id/sekolah/97CF90E8ECABCA3B1C20
Prov. Aceh,Kab. Aceh Besar,Kec. Darul Imarah,SMPS MALEM PUTRA 2,10107487,SMP,Swasta,22 Aug 2019 18:58:09,4,19,3,2,2,3,1,1,http://dapo.dikdasmen.kemdikbud.go.id/sekolah/279876ABB7745E087FCB
Prov. Aceh,Kab. Aceh Besar,Kec. Darul Imarah,SMA NEGERI 1 DARUL IMARAH,10100185,SMA,Negeri,-,0,0,0,0,0,22,6,2,http://dapo.dikdasmen.kemdikbud.go.id/sekolah/7081522045C72D776A8D
Prov. Aceh,Kab. Aceh Besar,Kec. Darul Imarah,SMA Madani Al-Aziziyah,69986030,SMA,Swasta,-,0,0,0,0,0,2,1,1,http://dapo.dikdasmen.kemdikbud.go.id/sekolah/622C4E67B333B84C8854
Prov. Aceh,Kab. Aceh Besar,Kec. Darul Imarah,SMA TEUNGKU CHIK KUTA KARANG,10107497,SMA,Swasta,-,0,0,0,0,0,4,0,1,http://dapo.dikdasmen.kemdikbud.go.id/sekolah/7F3BF5C8A8DFB1CAD63E
Prov. Aceh,Kab. Aceh Besar,Kec. Darul Imarah,SMAS MALEM PUTRA 1,10100176,SMA,Swasta,-,0,0,0,0,0,3,1,1,http://dapo.dikdasmen.kemdikbud.go.id/sekolah/F84419F8CCC54E7A95A0
Prov. Aceh,Kab. Aceh Besar,Kec. Darul Imarah,SMAS MALEM PUTRA 2,10107495,SMA,Swasta,22 Aug 2019 15:16:57,6,37,3,5,2,4,2,1,http://dapo.dikdasmen.kemdikbud.go.id/sekolah/FA95682B67E8DCA2FC2C
