provinsi,kab_kota,kecamatan,nama_sekolah,npsn,bp,status,last_sync,jml_sync,pd,rombel,guru,pegawai,ruang_kelas,ruang_lab,ruang_perpus,url_sekolah
Prov. Aceh,Kab. Aceh Besar,Kec. Ingin Jaya,SD N GANI,10100290,SD,Negeri,-,0,0,0,0,0,9,0,1,http://dapo.dikdasmen.kemdikbud.go.id/sekolah/6D53984AF1F66EE8E09F
Prov. Aceh,Kab. Aceh Besar,Kec. Ingin Jaya,SD NEGERI 1 PAGAR AIR,10100295,SD,Negeri,-,0,0,0,0,0,10,1,1,http://dapo.dikdasmen.kemdikbud.go.id/sekolah/7003AB192E534EE49A6E
Prov. Aceh,Kab. Aceh Besar,Kec. Ingin Jaya,SD NEGERI 2 PAGAR AIR,10107339,SD,Negeri,-,0,0,0,0,0,6,0,1,http://dapo.dikdasmen.kemdikbud.go.id/sekolah/11438B2744073E18DD51
Prov. Aceh,Kab. Aceh Besar,Kec. Ingin Jaya,SD NEGERI AJEE RAYEUK,10107352,SD,Negeri,22 Aug 2019 13:27:37,2,84,6,8,1,6,0,1,http://dapo.dikdasmen.kemdikbud.go.id/sekolah/B09E3FDA63DE74F7460E
Prov. Aceh,Kab. Aceh Besar,Kec. Ingin Jaya,SD NEGERI ATEUK ANGGOK,10100315,SD,Negeri,-,0,0,0,0,0,6,0,1,http://dapo.dikdasmen.kemdikbud.go.id/sekolah/C98436252D52540721C5
Prov. Aceh,Kab. Aceh Besar,Kec. Ingin Jaya,SD NEGERI COT MEUTIWAN,10107362,SD,Negeri,-,0,0,0,0,0,6,0,1,http://dapo.dikdasmen.kemdikbud.go.id/sekolah/226C9D4AFB4413BED8F6
Prov. Aceh,Kab. Aceh Besar,Kec. Ingin Jaya,SD NEGERI DHAM CEUKOK,10107368,SD,Negeri,-,0,0,0,0,0,6,0,1,http://dapo.dikdasmen.kemdikbud.go.id/sekolah/C8CBB7A57C14ACAD97BC
Prov. Aceh,Kab. Aceh Besar,Kec. Ingin Jaya,SD NEGERI DHAM LUBUK,10100306,SD,Negeri,-,0,0,0,0,0,6,0,1,http://dapo.dikdasmen.kemdikbud.go.id/sekolah/767BEA6CCCC2DB905D37
Prov. Aceh,Kab. Aceh Besar,Kec. Ingin Jaya,SD NEGERI KAYEE LEUE,10107378,SD,Negeri,-,0,0,0,0,0,8,0,0,http://dapo.dikdasmen.kemdikbud.go.id/sekolah/2E8A9C38BEA1DF86AAFF
Prov. Aceh,Kab. Aceh Besar,Kec. Ingin Jaya,SD NEGERI LAMJAMPOK,10107399,SD,Negeri,-,0,0,0,0,0,6,0,1,http://dapo.dikdasmen.kemdikbud.go.id/sekolah/43D1D99E2D61689BCACD
Prov. Aceh,Kab. Aceh Besar,Kec. Ingin Jaya,SD NEGERI LAMSAYUEN,10100154,SD,Negeri,-,0,0,0,0,0,8,0,1,http://dapo.dikdasmen.kemdikbud.go.id/sekolah/46E5ACD4070951ED7131
Prov. Aceh,Kab. Aceh Besar,Kec. Ingin Jaya,SD NEGERI LAMTEUNGOH,10107420,SD,Negeri,-,0,0,0,0,0,6,0,1,http://dapo.dikdasmen.kemdikbud.go.id/sekolah/DB31ABECC817ADC48B55
Prov. Aceh,Kab. Aceh Besar,Kec. Ingin Jaya,SD NEGERI MEUNASAH TUTONG,10107430,SD,Negeri,-,0,0,0,0,0,6,0,2,http://dapo.dikdasmen.kemdikbud.go.id/sekolah/F84AD6824EAD57EF75CC
Prov. Aceh,Kab. Aceh Besar,Kec. Ingin Jaya,SD NEGERI PERTIWI LAMGAROT,10100163,SD,Negeri,-,0,0,0,0,0,15,0,1,http://dapo.dikdasmen.kemdikbud.go.id/sekolah/94F6AEFCC38EA4523FF2
Prov. Aceh,Kab. Aceh Besar,Kec. Ingin Jaya,SD IT AL FITYAN SCHOOL ACEH,10110602,SD,Swasta,-,0,0,0,0,0,16,3,2,http://dapo.dikdasmen.kemdikbud.go.id/sekolah/EC87F15FEF203395A080
Prov. Aceh,Kab. Aceh Besar,Kec. Ingin Jaya,SDIK NURUL QURAN,60729116,SD,Swasta,-,0,0,0,0,0,32,1,2,http://dapo.dikdasmen.kemdikbud.go.id/sekolah/B5D8CDBCB7F620A8925B
Prov. Aceh,Kab. Aceh Besar,Kec. Ingin Jaya,SMP N 3 INGIN JAYA,10100221,SMP,Negeri,-,0,0,0,0,0,20,3,1,http://dapo.dikdasmen.kemdikbud.go.id/sekolah/41027346E83175BC2B19
Prov. Aceh,Kab. Aceh Besar,Kec. Ingin Jaya,SMP NEGERI 1 INGIN JAYA,10100109,SMP,Negeri,-,0,0,0,0,0,10,3,1,http://dapo.dikdasmen.kemdikbud.go.id/sekolah/570780463045E5CB27D4
Prov. Aceh,Kab. Aceh Besar,Kec. Ingin Jaya,SMP NEGERI 2 INGIN JAYA,10100213,SMP,Negeri,-,0,0,0,0,0,11,3,1,http://dapo.dikdasmen.kemdikbud.go.id/sekolah/6F03600284B8AFC68421
Prov. Aceh,Kab. Aceh Besar,Kec. Ingin Jaya,SMP IT AL FITYAN SCHOOL ACEH,10110603,SMP,Swasta,-,0,0,0,0,0,13,4,1,http://dapo.dikdasmen.kemdikbud.go.id/sekolah/4EF21E6209DD81117A1C
Prov. Aceh,Kab. Aceh Besar,Kec. Ingin Jaya,SMP SWASTA ISLAM AL-FALAH,10100134,SMP,Swasta,-,0,0,0,0,0,12,3,1,http://dapo.dikdasmen.kemdikbud.go.id/sekolah/4DD68EDF368BDE90C527
Prov. Aceh,Kab. Aceh Besar,Kec. Ingin Jaya,SMPIK NURUL QURAN,69987311,SMP,Swasta,-,0,0,0,0,0,0,0,0,http://dapo.dikdasmen.kemdikbud.go.id/sekolah/B761B80326256A3FDF95
Prov. Aceh,Kab. Aceh Besar,Kec. Ingin Jaya,SMA NEGERI 1 INGIN JAYA,10100195,SMA,Negeri,-,0,0,0,0,0,21,3,1,http://dapo.dikdasmen.kemdikbud.go.id/sekolah/1B84401423CF0F6DCD72
Prov. Aceh,Kab. Aceh Besar,Kec. Ingin Jaya,SMA ISLAM AL-FALAH,10107494,SMA,Swasta,-,0,0,0,0,0,13,3,3,http://dapo.dikdasmen.kemdikbud.go.id/sekolah/227E3E66D85C2A51E964
Prov. Aceh,Kab. Aceh Besar,Kec. Ingin Jaya,SMA IT AL FITYAN,10110604,SMA,Swasta,-,0,0,0,0,0,19,2,1,http://dapo.dikdasmen.kemdikbud.go.id/sekolah/C0BC50F91365A42A860C
Prov. Aceh,Kab. Aceh Besar,Kec. Ingin Jaya,SMAS BINA BANGSA,10107492,SMA,Swasta,-,0,0,0,0,0,6,1,1,http://dapo.dikdasmen.kemdikbud.go.id/sekolah/E4F49BEC08E788494E8D
Prov. Aceh,Kab. Aceh Besar,Kec. Ingin Jaya,SMKN 1 AL MUBARKEYA INGIN JAYA,69831961,SMK,Negeri,-,0,0,0,0,0,32,2,1,http://dapo.dikdasmen.kemdikbud.go.id/sekolah/FA2B1CF6F62C1C2B33FD
Prov. Aceh,Kab. Aceh Besar,Kec. Ingin Jaya,SLBN Pembina Provinsi Aceh,69969844,SLB,Negeri,-,0,0,0,0,0,9,0,1,http://dapo.dikdasmen.kemdikbud.go.id/sekolah/F5EF2D872E8FCCBD9CE3
