provinsi,kab_kota,kecamatan,nama_sekolah,npsn,bp,status,last_sync,jml_sync,pd,rombel,guru,pegawai,ruang_kelas,ruang_lab,ruang_perpus,url_sekolah
Prov. Kepulauan Bangka Belitung,Kab. Bangka Selatan,Kec. Kep. Pongok,SD NEGERI 1 KEP. PONGOK,10900840,SD,Negeri,-,0,0,0,0,0,20,0,1,http://dapo.dikdasmen.kemdikbud.go.id/sekolah/D41D8DFE16C134CC7A0D
Prov. Kepulauan Bangka Belitung,Kab. Bangka Selatan,Kec. Kep. Pongok,SD NEGERI 2 KEP. PONGOK,10900847,SD,Negeri,-,0,0,0,0,0,9,0,1,http://dapo.dikdasmen.kemdikbud.go.id/sekolah/1DA301CA55B5F1A5E59F
Prov. Kepulauan Bangka Belitung,Kab. Bangka Selatan,Kec. Kep. Pongok,SD NEGERI 3 KEP. PONGOK,10900849,SD,Negeri,-,0,0,0,0,0,9,0,1,http://dapo.dikdasmen.kemdikbud.go.id/sekolah/C40693E386B62D0DC24C
Prov. Kepulauan Bangka Belitung,Kab. Bangka Selatan,Kec. Kep. Pongok,SMP NEGERI 1 KEP. PONGOK,10901358,SMP,Negeri,-,0,0,0,0,0,13,1,2,http://dapo.dikdasmen.kemdikbud.go.id/sekolah/2E021EA0E7BC4BB08680
Prov. Kepulauan Bangka Belitung,Kab. Bangka Selatan,Kec. Kep. Pongok,SMAN 1 KEP. PONGOK,10901468,SMA,Negeri,-,0,0,0,0,0,7,3,1,http://dapo.dikdasmen.kemdikbud.go.id/sekolah/E956A9AB886A1C2B6397
