provinsi,kab_kota,kecamatan,nama_sekolah,npsn,bp,status,last_sync,jml_sync,pd,rombel,guru,pegawai,ruang_kelas,ruang_lab,ruang_perpus,url_sekolah
Prov. Kepulauan Bangka Belitung,Kab. Bangka Selatan,Kec. Tukak Sadai,SD NEGERI 1 TUKAK SADAI,10900860,SD,Negeri,26 Aug 2019 13:23:24,8,226,11,14,5,17,0,1,http://dapo.dikdasmen.kemdikbud.go.id/sekolah/54F39968E3E6858DA39F
Prov. Kepulauan Bangka Belitung,Kab. Bangka Selatan,Kec. Tukak Sadai,SD NEGERI 2 TUKAK SADAI,10900861,SD,Negeri,-,0,0,0,0,0,17,0,1,http://dapo.dikdasmen.kemdikbud.go.id/sekolah/6D6040506099AADA8C66
Prov. Kepulauan Bangka Belitung,Kab. Bangka Selatan,Kec. Tukak Sadai,SD NEGERI 3 TUKAK SADAI,10900862,SD,Negeri,-,0,0,0,0,0,20,0,1,http://dapo.dikdasmen.kemdikbud.go.id/sekolah/4D3F3C96E9D3E5DC193B
Prov. Kepulauan Bangka Belitung,Kab. Bangka Selatan,Kec. Tukak Sadai,SD NEGERI 4 TUKAK SADAI,10900859,SD,Negeri,-,0,0,0,0,0,13,0,1,http://dapo.dikdasmen.kemdikbud.go.id/sekolah/0BA0C36A8B1536E7263B
Prov. Kepulauan Bangka Belitung,Kab. Bangka Selatan,Kec. Tukak Sadai,SD NEGERI 5 TUKAK SADAI,69900288,SD,Negeri,-,0,0,0,0,0,4,0,1,http://dapo.dikdasmen.kemdikbud.go.id/sekolah/F1BBEDAE2778C15FC14C
Prov. Kepulauan Bangka Belitung,Kab. Bangka Selatan,Kec. Tukak Sadai,SMP NEGERI 1 TUKAK SADAI,10901399,SMP,Negeri,-,0,0,0,0,0,14,1,1,http://dapo.dikdasmen.kemdikbud.go.id/sekolah/2BB0E55A2146CEC36F97
Prov. Kepulauan Bangka Belitung,Kab. Bangka Selatan,Kec. Tukak Sadai,SMP NEGERI 2 TUKAK SADAI,69769372,SMP,Negeri,-,0,0,0,0,0,9,0,1,http://dapo.dikdasmen.kemdikbud.go.id/sekolah/2BAB81FAF1EF9AAF3C77
Prov. Kepulauan Bangka Belitung,Kab. Bangka Selatan,Kec. Tukak Sadai,SMKN 1 TUKAK SADAI,10901841,SMK,Negeri,-,0,0,0,0,0,12,3,1,http://dapo.dikdasmen.kemdikbud.go.id/sekolah/7E2853EAC330FADF6F02
