provinsi,kab_kota,kecamatan,nama_sekolah,npsn,bp,status,last_sync,jml_sync,pd,rombel,guru,pegawai,ruang_kelas,ruang_lab,ruang_perpus,url_sekolah
Prov. Kepulauan Bangka Belitung,Kab. Bangka Selatan,Kec. Lepar,SD NEGERI 1 LEPAR PONGOK,10900898,SD,Negeri,24 Aug 2019 16:14:16,1,227,11,14,6,14,1,1,http://dapo.dikdasmen.kemdikbud.go.id/sekolah/A8D38545C9DB3795AFA8
Prov. Kepulauan Bangka Belitung,Kab. Bangka Selatan,Kec. Lepar,SD NEGERI 2 LEPAR PONGOK,10900926,SD,Negeri,-,0,0,0,0,0,21,0,1,http://dapo.dikdasmen.kemdikbud.go.id/sekolah/43EEFA5EC95728C2566F
Prov. Kepulauan Bangka Belitung,Kab. Bangka Selatan,Kec. Lepar,SD NEGERI 3 LEPAR PONGOK,10900856,SD,Negeri,26 Aug 2019 08:47:52,2,251,12,13,6,12,0,1,http://dapo.dikdasmen.kemdikbud.go.id/sekolah/F658A3A1976177FC627A
Prov. Kepulauan Bangka Belitung,Kab. Bangka Selatan,Kec. Lepar,SD NEGERI 4 LEPAR PONGOK,10900864,SD,Negeri,-,0,0,0,0,0,12,0,1,http://dapo.dikdasmen.kemdikbud.go.id/sekolah/E3EFA2165F80A1BF4FA0
Prov. Kepulauan Bangka Belitung,Kab. Bangka Selatan,Kec. Lepar,SD NEGERI 5 LEPAR PONGOK,69900287,SD,Negeri,-,0,0,0,0,0,6,0,1,http://dapo.dikdasmen.kemdikbud.go.id/sekolah/7FCD3D638124E08E1387
Prov. Kepulauan Bangka Belitung,Kab. Bangka Selatan,Kec. Lepar,SMP NEGERI 1 LEPAR PONGOK,10900872,SMP,Negeri,26 Aug 2019 11:17:14,3,138,6,10,9,7,1,1,http://dapo.dikdasmen.kemdikbud.go.id/sekolah/DC10CA5B9738BBE8366E
Prov. Kepulauan Bangka Belitung,Kab. Bangka Selatan,Kec. Lepar,SMP NEGERI 2 LEPAR PONGOK,10901360,SMP,Negeri,24 Aug 2019 08:05:24,1,92,4,11,5,9,0,1,http://dapo.dikdasmen.kemdikbud.go.id/sekolah/22B69563BDE9D9E39935
Prov. Kepulauan Bangka Belitung,Kab. Bangka Selatan,Kec. Lepar,SMP NEGERI 3 LEPAR PONGOK,10901404,SMP,Negeri,-,0,0,0,0,0,4,2,1,http://dapo.dikdasmen.kemdikbud.go.id/sekolah/C93C73BEB2A6ACF7830F
Prov. Kepulauan Bangka Belitung,Kab. Bangka Selatan,Kec. Lepar,SMAN 1 LEPAR PONGOK,10901410,SMA,Negeri,26 Aug 2019 12:53:26,5,297,10,20,9,10,3,1,http://dapo.dikdasmen.kemdikbud.go.id/sekolah/7562BEC73ABA32B4941F
