provinsi,kab_kota,kecamatan,nama_sekolah,npsn,bp,status,last_sync,jml_sync,pd,rombel,guru,pegawai,ruang_kelas,ruang_lab,ruang_perpus,url_sekolah
Prov. Aceh,Kab. Aceh Utara,Kec. Tanah Pasir,UPTD SD NEGERI 1 TANAH PASIR,10105833,SD,Negeri,-,0,0,0,0,0,9,0,0,http://dapo.dikdasmen.kemdikbud.go.id/sekolah/36FC95443A93E63E42F3
Prov. Aceh,Kab. Aceh Utara,Kec. Tanah Pasir,UPTD SD NEGERI 2 TANAH PASIR,10101562,SD,Negeri,-,0,0,0,0,0,8,0,1,http://dapo.dikdasmen.kemdikbud.go.id/sekolah/7C4BBE2350247FFDB9D8
Prov. Aceh,Kab. Aceh Utara,Kec. Tanah Pasir,UPTD SD NEGERI 3 Tanah Pasir,10106050,SD,Negeri,-,0,0,0,0,0,6,0,0,http://dapo.dikdasmen.kemdikbud.go.id/sekolah/439020EF6B3CF2EDBFC4
Prov. Aceh,Kab. Aceh Utara,Kec. Tanah Pasir,UPTD SD NEGERI 4 TANAH PASIR,10101095,SD,Negeri,-,0,0,0,0,0,10,0,1,http://dapo.dikdasmen.kemdikbud.go.id/sekolah/B969DEEE2A8883D7437B
Prov. Aceh,Kab. Aceh Utara,Kec. Tanah Pasir,UPTD SD NEGERI 5 TANAH PASIR,10106115,SD,Negeri,-,0,0,0,0,0,6,0,1,http://dapo.dikdasmen.kemdikbud.go.id/sekolah/6657FE6ABAA8A8552C95
Prov. Aceh,Kab. Aceh Utara,Kec. Tanah Pasir,UPTD SD NEGERI 6 TANAH PASIR,10105869,SD,Negeri,-,0,0,0,0,0,7,0,1,http://dapo.dikdasmen.kemdikbud.go.id/sekolah/AC90F0EC7E157498FB4D
Prov. Aceh,Kab. Aceh Utara,Kec. Tanah Pasir,UPTD SMP NEGERI 1 TANAH PASIR,10101393,SMP,Negeri,-,0,0,0,0,0,17,2,1,http://dapo.dikdasmen.kemdikbud.go.id/sekolah/1A7E6179EC4830A2EF31
Prov. Aceh,Kab. Aceh Utara,Kec. Tanah Pasir,SMA NEGERI 1 TANAH PASIR,10101189,SMA,Negeri,-,0,0,0,0,0,14,6,1,http://dapo.dikdasmen.kemdikbud.go.id/sekolah/DC4E0515166B237CB20B
