provinsi,kab_kota,kecamatan,nama_sekolah,npsn,bp,status,last_sync,jml_sync,pd,rombel,guru,pegawai,ruang_kelas,ruang_lab,ruang_perpus,url_sekolah
Prov. Aceh,Kab. Aceh Utara,Kec. Kuta Makmur,UPTD SD NEGERI 1 KUTA MAKMUR,10105817,SD,Negeri,-,0,0,0,0,0,6,0,1,http://dapo.dikdasmen.kemdikbud.go.id/sekolah/58AB97A9414A4FE18B42
Prov. Aceh,Kab. Aceh Utara,Kec. Kuta Makmur,UPTD SD NEGERI 10 KUTA MAKMUR,10105837,SD,Negeri,-,0,0,0,0,0,10,0,1,http://dapo.dikdasmen.kemdikbud.go.id/sekolah/B380A2F3F3F66C3AEF98
Prov. Aceh,Kab. Aceh Utara,Kec. Kuta Makmur,UPTD SD NEGERI 11 KUTA MAKMUR,10105856,SD,Negeri,-,0,0,0,0,0,11,0,1,http://dapo.dikdasmen.kemdikbud.go.id/sekolah/80A21D84B46391659C69
Prov. Aceh,Kab. Aceh Utara,Kec. Kuta Makmur,UPTD SD NEGERI 12 KUTA MAKMUR,10105873,SD,Negeri,-,0,0,0,0,0,6,0,1,http://dapo.dikdasmen.kemdikbud.go.id/sekolah/0E79654EEE2A0F138DFF
Prov. Aceh,Kab. Aceh Utara,Kec. Kuta Makmur,UPTD SD NEGERI 13 KUTA MAKMUR,10105892,SD,Negeri,-,0,0,0,0,0,5,0,1,http://dapo.dikdasmen.kemdikbud.go.id/sekolah/E0F38C074989A693EC81
Prov. Aceh,Kab. Aceh Utara,Kec. Kuta Makmur,UPTD SD NEGERI 14 KUTA MAKMUR,10105908,SD,Negeri,-,0,0,0,0,0,6,0,0,http://dapo.dikdasmen.kemdikbud.go.id/sekolah/7D8F8002C46511B0978A
Prov. Aceh,Kab. Aceh Utara,Kec. Kuta Makmur,UPTD SD NEGERI 15 KUTA MAKMUR,10105920,SD,Negeri,-,0,0,0,0,0,6,0,0,http://dapo.dikdasmen.kemdikbud.go.id/sekolah/9865D3E5AD3D52D13BA7
Prov. Aceh,Kab. Aceh Utara,Kec. Kuta Makmur,UPTD SD NEGERI 16 KUTA MAKMUR,10105930,SD,Negeri,-,0,0,0,0,0,9,0,1,http://dapo.dikdasmen.kemdikbud.go.id/sekolah/414D784159397A660FB3
Prov. Aceh,Kab. Aceh Utara,Kec. Kuta Makmur,UPTD SD NEGERI 17 KUTA MAKMUR,10105938,SD,Negeri,-,0,0,0,0,0,5,0,0,http://dapo.dikdasmen.kemdikbud.go.id/sekolah/C62BC6E4A87270BF6E48
Prov. Aceh,Kab. Aceh Utara,Kec. Kuta Makmur,UPTD SD NEGERI 18 KUTA MAKMUR,10105945,SD,Negeri,-,0,0,0,0,0,7,0,0,http://dapo.dikdasmen.kemdikbud.go.id/sekolah/FE58861ED9EB8DB5CF31
Prov. Aceh,Kab. Aceh Utara,Kec. Kuta Makmur,UPTD SD NEGERI 19 KUTA MAKMUR,10105952,SD,Negeri,-,0,0,0,0,0,6,0,1,http://dapo.dikdasmen.kemdikbud.go.id/sekolah/8E6F6ACECE580E84B931
Prov. Aceh,Kab. Aceh Utara,Kec. Kuta Makmur,UPTD SD NEGERI 2 KUTA MAKMUR,10105961,SD,Negeri,-,0,0,0,0,0,7,0,0,http://dapo.dikdasmen.kemdikbud.go.id/sekolah/B05220CD697CAB07661A
Prov. Aceh,Kab. Aceh Utara,Kec. Kuta Makmur,UPTD SD NEGERI 20 KUTA MAKMUR,10110699,SD,Negeri,-,0,0,0,0,0,6,0,0,http://dapo.dikdasmen.kemdikbud.go.id/sekolah/5C46F6710BFF22449BF1
Prov. Aceh,Kab. Aceh Utara,Kec. Kuta Makmur,UPTD SD NEGERI 3 KUTA MAKMUR,10106010,SD,Negeri,-,0,0,0,0,0,6,0,1,http://dapo.dikdasmen.kemdikbud.go.id/sekolah/CCE599408483EEF849E4
Prov. Aceh,Kab. Aceh Utara,Kec. Kuta Makmur,UPTD SD NEGERI 4 KUTAMAKMUR,10106033,SD,Negeri,-,0,0,0,0,0,11,0,2,http://dapo.dikdasmen.kemdikbud.go.id/sekolah/7A2D5B23BD68EB4234BF
Prov. Aceh,Kab. Aceh Utara,Kec. Kuta Makmur,UPTD SD NEGERI 5 KUTA MAKMUR,10106055,SD,Negeri,-,0,0,0,0,0,9,0,1,http://dapo.dikdasmen.kemdikbud.go.id/sekolah/F6FD9A088159E7472AFA
Prov. Aceh,Kab. Aceh Utara,Kec. Kuta Makmur,UPTD SD NEGERI 6 KUTA MAKMUR,10106077,SD,Negeri,-,0,0,0,0,0,6,0,0,http://dapo.dikdasmen.kemdikbud.go.id/sekolah/60184EB26C3A36AA8D42
Prov. Aceh,Kab. Aceh Utara,Kec. Kuta Makmur,UPTD SD NEGERI 7 KUTA MAKMUR,10106098,SD,Negeri,-,0,0,0,0,0,9,0,1,http://dapo.dikdasmen.kemdikbud.go.id/sekolah/8F9F03B699398E9B0F6C
Prov. Aceh,Kab. Aceh Utara,Kec. Kuta Makmur,UPTD SD NEGERI 8 KUTA MAKMUR,10106120,SD,Negeri,-,0,0,0,0,0,6,0,0,http://dapo.dikdasmen.kemdikbud.go.id/sekolah/66CEE3EA5BA0926D56E5
Prov. Aceh,Kab. Aceh Utara,Kec. Kuta Makmur,UPTD SD NEGERI 9 KUTA MAKMUR,10106142,SD,Negeri,-,0,0,0,0,0,6,0,0,http://dapo.dikdasmen.kemdikbud.go.id/sekolah/7947531CBBE39746EB6A
Prov. Aceh,Kab. Aceh Utara,Kec. Kuta Makmur,UPTD SMP NEGERI 1 KUTA MAKMUR,10106193,SMP,Negeri,-,0,0,0,0,0,15,2,3,http://dapo.dikdasmen.kemdikbud.go.id/sekolah/CD21F268B632D3E6B905
Prov. Aceh,Kab. Aceh Utara,Kec. Kuta Makmur,UPTD SMP NEGERI 2 KUTA MAKMUR,10106215,SMP,Negeri,-,0,0,0,0,0,6,2,1,http://dapo.dikdasmen.kemdikbud.go.id/sekolah/6BE4E4090F31860C3056
Prov. Aceh,Kab. Aceh Utara,Kec. Kuta Makmur,UPTD SMP NEGERI 3 KUTA MAKMUR,10106231,SMP,Negeri,-,0,0,0,0,0,10,1,1,http://dapo.dikdasmen.kemdikbud.go.id/sekolah/094D743583576D654439
Prov. Aceh,Kab. Aceh Utara,Kec. Kuta Makmur,UPTD SMP NEGERI 4 KUTA MAKMUR,10110702,SMP,Negeri,-,0,0,0,0,0,3,0,0,http://dapo.dikdasmen.kemdikbud.go.id/sekolah/E151A1CB2CAB3FAFEAEB
Prov. Aceh,Kab. Aceh Utara,Kec. Kuta Makmur,UPTD SMP NEGERI 5 KUTA MAKMUR,10110885,SMP,Negeri,-,0,0,0,0,0,3,2,1,http://dapo.dikdasmen.kemdikbud.go.id/sekolah/8F48EC37072FB50D54B9
Prov. Aceh,Kab. Aceh Utara,Kec. Kuta Makmur,SMA NEGERI 1 KUTA MAKMUR,10101311,SMA,Negeri,23 Aug 2019 12:35:29,1,248,12,34,14,15,4,1,http://dapo.dikdasmen.kemdikbud.go.id/sekolah/E414D8688DF86045A957
Prov. Aceh,Kab. Aceh Utara,Kec. Kuta Makmur,SMA NEGERI 2 KUTA MAKMUR,69726917,SMA,Negeri,-,0,0,0,0,0,3,1,1,http://dapo.dikdasmen.kemdikbud.go.id/sekolah/8AD5E81769DB7B7B23C7
Prov. Aceh,Kab. Aceh Utara,Kec. Kuta Makmur,SMK NURUL ISLAM,69948792,SMK,Swasta,-,0,0,0,0,0,16,1,0,http://dapo.dikdasmen.kemdikbud.go.id/sekolah/DF2FB1341342C516A284
