provinsi,kab_kota,kecamatan,nama_sekolah,npsn,bp,status,last_sync,jml_sync,pd,rombel,guru,pegawai,ruang_kelas,ruang_lab,ruang_perpus,url_sekolah
Prov. Aceh,Kab. Aceh Utara,Kec. Samudera,SD NEGERI 13 SAMUDERA,10105893,SD,Negeri,-,0,0,0,0,0,7,0,0,http://dapo.dikdasmen.kemdikbud.go.id/sekolah/F151A37D70F15D1262D0
Prov. Aceh,Kab. Aceh Utara,Kec. Samudera,UPTD SD NEGERI 1 SAMUDERA,10105826,SD,Negeri,-,0,0,0,0,0,9,0,1,http://dapo.dikdasmen.kemdikbud.go.id/sekolah/145D2B47453462D4E574
Prov. Aceh,Kab. Aceh Utara,Kec. Samudera,UPTD SD NEGERI 10 SAMUDERA,10105844,SD,Negeri,-,0,0,0,0,0,8,0,0,http://dapo.dikdasmen.kemdikbud.go.id/sekolah/EB5C8BC1703CB32A1201
Prov. Aceh,Kab. Aceh Utara,Kec. Samudera,UPTD SD NEGERI 11 SAMUDERA,10105862,SD,Negeri,-,0,0,0,0,0,6,0,0,http://dapo.dikdasmen.kemdikbud.go.id/sekolah/AA1A6D194F42CB008ECB
Prov. Aceh,Kab. Aceh Utara,Kec. Samudera,UPTD SD NEGERI 12 SAMUDERA,10105879,SD,Negeri,-,0,0,0,0,0,8,0,2,http://dapo.dikdasmen.kemdikbud.go.id/sekolah/F72F4CFD6CB30B09912E
Prov. Aceh,Kab. Aceh Utara,Kec. Samudera,UPTD SD NEGERI 2 SAMUDERA,10105970,SD,Negeri,-,0,0,0,0,0,12,0,1,http://dapo.dikdasmen.kemdikbud.go.id/sekolah/6F6D15772D3307DF5B15
Prov. Aceh,Kab. Aceh Utara,Kec. Samudera,UPTD SD NEGERI 3 SAMUDERA,10106020,SD,Negeri,-,0,0,0,0,0,12,0,0,http://dapo.dikdasmen.kemdikbud.go.id/sekolah/969A57EE5DB704C921BC
Prov. Aceh,Kab. Aceh Utara,Kec. Samudera,UPTD SD NEGERI 4 SAMUDERA,10101046,SD,Negeri,-,0,0,0,0,0,6,0,0,http://dapo.dikdasmen.kemdikbud.go.id/sekolah/322C3269C1392F8586E1
Prov. Aceh,Kab. Aceh Utara,Kec. Samudera,UPTD SD NEGERI 5 SAMUDERA,10106064,SD,Negeri,-,0,0,0,0,0,12,0,1,http://dapo.dikdasmen.kemdikbud.go.id/sekolah/104E22253900AC80091D
Prov. Aceh,Kab. Aceh Utara,Kec. Samudera,UPTD SD NEGERI 6 SAMUDERA,10106085,SD,Negeri,-,0,0,0,0,0,9,0,1,http://dapo.dikdasmen.kemdikbud.go.id/sekolah/B4C920E3C949DEC75AA5
Prov. Aceh,Kab. Aceh Utara,Kec. Samudera,UPTD SD NEGERI 7 SAMUDERA,10106106,SD,Negeri,-,0,0,0,0,0,8,0,1,http://dapo.dikdasmen.kemdikbud.go.id/sekolah/13F0F91206E80162FF0C
Prov. Aceh,Kab. Aceh Utara,Kec. Samudera,UPTD SD NEGERI 8 SAMUDERA,10106129,SD,Negeri,-,0,0,0,0,0,6,0,1,http://dapo.dikdasmen.kemdikbud.go.id/sekolah/5E1E486DF8428447D264
Prov. Aceh,Kab. Aceh Utara,Kec. Samudera,UPTD SD NEGERI 9 SAMUDERA,10106149,SD,Negeri,-,0,0,0,0,0,9,0,2,http://dapo.dikdasmen.kemdikbud.go.id/sekolah/9F11F29FBC189B34DAC3
Prov. Aceh,Kab. Aceh Utara,Kec. Samudera,UPTD SMP NEGERI 1 SAMUDERA,10106202,SMP,Negeri,-,0,0,0,0,0,22,2,2,http://dapo.dikdasmen.kemdikbud.go.id/sekolah/C0FE2E1B6F4629D19A39
Prov. Aceh,Kab. Aceh Utara,Kec. Samudera,UPTD SMP NEGERI 2 SAMUDERA,10113325,SMP,Negeri,-,0,0,0,0,0,5,1,1,http://dapo.dikdasmen.kemdikbud.go.id/sekolah/EB3ED22FDF87A46402FC
Prov. Aceh,Kab. Aceh Utara,Kec. Samudera,UPTD SMP NEGERI 3 SAMUDERA,69854743,SMP,Negeri,-,0,0,0,0,0,7,3,1,http://dapo.dikdasmen.kemdikbud.go.id/sekolah/B205E4B9322895E95DC4
Prov. Aceh,Kab. Aceh Utara,Kec. Samudera,UPTD SMP PERSENEG 4 SAMUDERA,10113646,SMP,Negeri,-,0,0,0,0,0,3,0,0,http://dapo.dikdasmen.kemdikbud.go.id/sekolah/7E00DE1EA6AC407F1FFB
Prov. Aceh,Kab. Aceh Utara,Kec. Samudera,UPTD SMP SWASTA MUBARRAK AL WALIYAH,69912002,SMP,Swasta,-,0,0,0,0,0,3,1,1,http://dapo.dikdasmen.kemdikbud.go.id/sekolah/1A66ED1EA2F0EA8446A1
Prov. Aceh,Kab. Aceh Utara,Kec. Samudera,UPTD SMP SWASTA USWATUN HASANAH,10108267,SMP,Swasta,-,0,0,0,0,0,10,1,1,http://dapo.dikdasmen.kemdikbud.go.id/sekolah/659581DE9F07F4CCA431
Prov. Aceh,Kab. Aceh Utara,Kec. Samudera,UPTD SMPS RATU NAHRISYAH,10113343,SMP,Swasta,-,0,0,0,0,0,3,0,0,http://dapo.dikdasmen.kemdikbud.go.id/sekolah/07979248392FB993486B
Prov. Aceh,Kab. Aceh Utara,Kec. Samudera,SMA NEGERI 1 SAMUDERA,10101307,SMA,Negeri,-,0,0,0,0,0,20,3,1,http://dapo.dikdasmen.kemdikbud.go.id/sekolah/90E2912DE69C21811500
Prov. Aceh,Kab. Aceh Utara,Kec. Samudera,SMA Swasta Uswatun Hasanah,69901468,SMA,Swasta,-,0,0,0,0,0,5,0,1,http://dapo.dikdasmen.kemdikbud.go.id/sekolah/5BBC606CC84E0BDEEA8C
Prov. Aceh,Kab. Aceh Utara,Kec. Samudera,SMK MUBARAK AL-WALIYAH,69943314,SMK,Swasta,-,0,0,0,0,0,3,1,1,http://dapo.dikdasmen.kemdikbud.go.id/sekolah/FBE04A038B0DA42236B0
