provinsi,kab_kota,kecamatan,nama_sekolah,npsn,bp,status,last_sync,jml_sync,pd,rombel,guru,pegawai,ruang_kelas,ruang_lab,ruang_perpus,url_sekolah
Prov. Aceh,Kab. Aceh Utara,Kec. Langkahan,SD PERSIAPAN NEGERI 13 LANGKAHAN,10112873,SD,Negeri,-,0,0,0,0,0,6,0,1,http://dapo.dikdasmen.kemdikbud.go.id/sekolah/915BF59B70B8BC33B181
Prov. Aceh,Kab. Aceh Utara,Kec. Langkahan,UPTD SD NEGERI 1 LANGKAHAN,10101416,SD,Negeri,-,0,0,0,0,0,8,0,1,http://dapo.dikdasmen.kemdikbud.go.id/sekolah/B1E708AF49EAEA819AA6
Prov. Aceh,Kab. Aceh Utara,Kec. Langkahan,UPTD SD NEGERI 10 LANGKAHAN,10101022,SD,Negeri,-,0,0,0,0,0,9,0,1,http://dapo.dikdasmen.kemdikbud.go.id/sekolah/4144EAC92D8F179C37DC
Prov. Aceh,Kab. Aceh Utara,Kec. Langkahan,UPTD SD NEGERI 11 LANGKAHAN,10101436,SD,Negeri,-,0,0,0,0,0,8,0,1,http://dapo.dikdasmen.kemdikbud.go.id/sekolah/950C8DD95388C0CE9117
Prov. Aceh,Kab. Aceh Utara,Kec. Langkahan,UPTD SD NEGERI 14 LANGKAHAN,10113082,SD,Negeri,-,0,0,0,0,0,7,0,0,http://dapo.dikdasmen.kemdikbud.go.id/sekolah/FBA9ACD733AE2B37D6DF
Prov. Aceh,Kab. Aceh Utara,Kec. Langkahan,UPTD SD NEGERI 2 LANGKAHAN,10101591,SD,Negeri,-,0,0,0,0,0,9,0,1,http://dapo.dikdasmen.kemdikbud.go.id/sekolah/F6E2FB8B01FDFC234908
Prov. Aceh,Kab. Aceh Utara,Kec. Langkahan,UPTD SD NEGERI 3 LANGKAHAN,10101617,SD,Negeri,-,0,0,0,0,0,9,0,1,http://dapo.dikdasmen.kemdikbud.go.id/sekolah/B37455C673088F8FA915
Prov. Aceh,Kab. Aceh Utara,Kec. Langkahan,UPTD SD NEGERI 4 LANGKAHAN,10101074,SD,Negeri,-,0,0,0,0,0,11,0,1,http://dapo.dikdasmen.kemdikbud.go.id/sekolah/3F5DD122800730BD2EDC
Prov. Aceh,Kab. Aceh Utara,Kec. Langkahan,UPTD SD NEGERI 5 LANGKAHAN,10105835,SD,Negeri,-,0,0,0,0,0,6,0,0,http://dapo.dikdasmen.kemdikbud.go.id/sekolah/1515DAEE976FDBCCA365
Prov. Aceh,Kab. Aceh Utara,Kec. Langkahan,UPTD SD NEGERI 6 LANGKAHAN,10101120,SD,Negeri,-,0,0,0,0,0,6,0,1,http://dapo.dikdasmen.kemdikbud.go.id/sekolah/2F95E60D9B2995B8684E
Prov. Aceh,Kab. Aceh Utara,Kec. Langkahan,UPTD SD NEGERI 7 LANGKAHAN,10101088,SD,Negeri,-,0,0,0,0,0,13,0,0,http://dapo.dikdasmen.kemdikbud.go.id/sekolah/5A7CC639B346F42923FE
Prov. Aceh,Kab. Aceh Utara,Kec. Langkahan,UPTD SD NEGERI 8 LANGKAHAN,10100984,SD,Negeri,-,0,0,0,2,0,12,1,1,http://dapo.dikdasmen.kemdikbud.go.id/sekolah/7512B7C7F7910AD6DF12
Prov. Aceh,Kab. Aceh Utara,Kec. Langkahan,UPTD SD NEGERI 9 LANGKAHAN,10100960,SD,Negeri,-,0,0,0,0,0,8,0,0,http://dapo.dikdasmen.kemdikbud.go.id/sekolah/31F21FD24E452F473C0B
Prov. Aceh,Kab. Aceh Utara,Kec. Langkahan,UPTD SD PERSIAPAN NEGERI 12 LANGKAHAN,10110465,SD,Negeri,-,0,0,0,0,0,6,0,1,http://dapo.dikdasmen.kemdikbud.go.id/sekolah/45FD34343351C2BD65E9
Prov. Aceh,Kab. Aceh Utara,Kec. Langkahan,SMP NEGERI 3 LANGKAHAN,10106216,SMP,Negeri,-,0,0,0,0,0,12,2,1,http://dapo.dikdasmen.kemdikbud.go.id/sekolah/13B792520EA8EBFCA980
Prov. Aceh,Kab. Aceh Utara,Kec. Langkahan,UPTD SMP NEGERI 1 LANGKAHAN,10106194,SMP,Negeri,-,0,0,0,0,0,12,0,1,http://dapo.dikdasmen.kemdikbud.go.id/sekolah/A42625648B28973C9DC6
Prov. Aceh,Kab. Aceh Utara,Kec. Langkahan,UPTD SMP NEGERI 2 LANGKAHAN,10106213,SMP,Negeri,-,0,0,0,0,0,6,1,1,http://dapo.dikdasmen.kemdikbud.go.id/sekolah/F78F4D049BBBE64A419A
Prov. Aceh,Kab. Aceh Utara,Kec. Langkahan,UPTD SMP NEGERI 4 LANGKAHAN,10110724,SMP,Negeri,-,0,0,0,0,0,5,1,1,http://dapo.dikdasmen.kemdikbud.go.id/sekolah/14EE69A3B4C8DA95B5BD
Prov. Aceh,Kab. Aceh Utara,Kec. Langkahan,UPTD SMP NEGERI 5 LANGKAHAN,10110726,SMP,Negeri,-,0,0,0,0,0,5,1,1,http://dapo.dikdasmen.kemdikbud.go.id/sekolah/101DF5529EB548065017
Prov. Aceh,Kab. Aceh Utara,Kec. Langkahan,SMPS MALEM DIWA,69925806,SMP,Swasta,-,0,0,0,0,0,7,0,1,http://dapo.dikdasmen.kemdikbud.go.id/sekolah/3C76FDB52DD8BBA93C95
Prov. Aceh,Kab. Aceh Utara,Kec. Langkahan,SMA NEGERI 1 LANGKAHAN,10101186,SMA,Negeri,-,0,0,0,0,0,14,3,2,http://dapo.dikdasmen.kemdikbud.go.id/sekolah/6CFE0AF93CF8F772ED0E
Prov. Aceh,Kab. Aceh Utara,Kec. Langkahan,SMA NEGERI 2 LANGKAHAN,10112168,SMA,Negeri,-,0,0,0,0,0,4,1,1,http://dapo.dikdasmen.kemdikbud.go.id/sekolah/F785C02C557F87841D3A
