provinsi,kab_kota,kecamatan,nama_sekolah,npsn,bp,status,last_sync,jml_sync,pd,rombel,guru,pegawai,ruang_kelas,ruang_lab,ruang_perpus,url_sekolah
Prov. Aceh,Kab. Aceh Utara,Kec. Pirak Timu,UPTD SD NEGERI 1 PIRAK TIMU,10101062,SD,Negeri,-,0,0,0,0,0,8,0,1,http://dapo.dikdasmen.kemdikbud.go.id/sekolah/35E3D042952CD1B33862
Prov. Aceh,Kab. Aceh Utara,Kec. Pirak Timu,UPTD SD NEGERI 2 PIRAK TIMU,10106145,SD,Negeri,-,0,0,0,0,0,20,0,0,http://dapo.dikdasmen.kemdikbud.go.id/sekolah/B8E0388EF8E2B9F2BE68
Prov. Aceh,Kab. Aceh Utara,Kec. Pirak Timu,UPTD SD NEGERI 3 PIRAK TIMU,10105840,SD,Negeri,-,0,0,0,0,0,6,0,0,http://dapo.dikdasmen.kemdikbud.go.id/sekolah/FAFF3CD4B2015950B207
Prov. Aceh,Kab. Aceh Utara,Kec. Pirak Timu,UPTD SD NEGERI 4 PIRAK TIMU,10105858,SD,Negeri,-,0,0,0,0,0,10,0,0,http://dapo.dikdasmen.kemdikbud.go.id/sekolah/7E4C2DC761EE72ECFEDB
Prov. Aceh,Kab. Aceh Utara,Kec. Pirak Timu,UPTD SD NEGERI 5 PIRAK TIMU,10105922,SD,Negeri,-,0,0,0,0,0,8,0,1,http://dapo.dikdasmen.kemdikbud.go.id/sekolah/8BC9F970880D7B1432E5
Prov. Aceh,Kab. Aceh Utara,Kec. Pirak Timu,UPTD SD NEGERI 6 PIRAK TIMU,69964135,SD,Negeri,-,0,0,0,0,0,3,0,0,http://dapo.dikdasmen.kemdikbud.go.id/sekolah/A06ECB2739609ADC923E
Prov. Aceh,Kab. Aceh Utara,Kec. Pirak Timu,UPTD SMP NEGERI 1 PIRAK TIMU,10101388,SMP,Negeri,-,0,0,0,0,1,10,1,0,http://dapo.dikdasmen.kemdikbud.go.id/sekolah/8795A1C7FA90384813F0
Prov. Aceh,Kab. Aceh Utara,Kec. Pirak Timu,SMA NEGERI 1 PIRAK TIMU,69759157,SMA,Negeri,-,0,0,0,0,0,5,2,1,http://dapo.dikdasmen.kemdikbud.go.id/sekolah/04460C874B989559EA0B
Prov. Aceh,Kab. Aceh Utara,Kec. Pirak Timu,SMKS Kafilul Yatim,69970964,SMK,Swasta,-,0,0,0,0,0,2,1,1,http://dapo.dikdasmen.kemdikbud.go.id/sekolah/1BF899C474AB4071D38E
