provinsi,kab_kota,kecamatan,nama_sekolah,npsn,bp,status,last_sync,jml_sync,pd,rombel,guru,pegawai,ruang_kelas,ruang_lab,ruang_perpus,url_sekolah
Prov. Aceh,Kab. Aceh Utara,Kec. Banda Baro,SD NEGERI 2 BANDA BARO,10105897,SD,Negeri,-,0,0,0,0,0,7,0,0,http://dapo.dikdasmen.kemdikbud.go.id/sekolah/A8F6264D2F56A25F4F5B
Prov. Aceh,Kab. Aceh Utara,Kec. Banda Baro,UPTD SD NEGERI 1 BANDA BARO,10101640,SD,Negeri,-,0,0,0,0,0,6,0,1,http://dapo.dikdasmen.kemdikbud.go.id/sekolah/5A22F46EB3EE623DDCCB
Prov. Aceh,Kab. Aceh Utara,Kec. Banda Baro,UPTD SD NEGERI 3 BANDA BARO,10101694,SD,Negeri,-,0,0,0,0,0,6,0,0,http://dapo.dikdasmen.kemdikbud.go.id/sekolah/09ED43EF8E2AF2DD9303
Prov. Aceh,Kab. Aceh Utara,Kec. Banda Baro,UPTD SD NEGERI 4 BANDA BARO,10101624,SD,Negeri,-,0,0,0,0,0,5,0,0,http://dapo.dikdasmen.kemdikbud.go.id/sekolah/DCDB6F98F17FF4AE400B
Prov. Aceh,Kab. Aceh Utara,Kec. Banda Baro,UPTD SD NEGERI 5 BANDA BARO,10101636,SD,Negeri,-,0,0,0,0,0,6,0,1,http://dapo.dikdasmen.kemdikbud.go.id/sekolah/6C7370746F09688A96EE
Prov. Aceh,Kab. Aceh Utara,Kec. Banda Baro,SD SWASTA PINUS,10106162,SD,Swasta,-,0,0,0,0,0,11,1,1,http://dapo.dikdasmen.kemdikbud.go.id/sekolah/07CEF2D155E36D770F5D
Prov. Aceh,Kab. Aceh Utara,Kec. Banda Baro,UPTD SMP NEGERI 1 Banda Baro,10106233,SMP,Negeri,-,0,0,0,0,0,14,3,0,http://dapo.dikdasmen.kemdikbud.go.id/sekolah/2F5DA67182C778D88160
Prov. Aceh,Kab. Aceh Utara,Kec. Banda Baro,UPTD SMP NEGERI 2 BANDA BARO,10106253,SMP,Negeri,-,0,0,0,0,0,6,1,1,http://dapo.dikdasmen.kemdikbud.go.id/sekolah/91E070E5B8DC000C2B89
Prov. Aceh,Kab. Aceh Utara,Kec. Banda Baro,SMA NEGERI 1 BANDA BARO,69726918,SMA,Negeri,-,0,0,0,0,0,6,2,1,http://dapo.dikdasmen.kemdikbud.go.id/sekolah/F58297F2E1A3FC83FDB9
