provinsi,kab_kota,kecamatan,nama_sekolah,npsn,bp,status,last_sync,jml_sync,pd,rombel,guru,pegawai,ruang_kelas,ruang_lab,ruang_perpus,url_sekolah
Prov. Aceh,Kab. Aceh Utara,Kec. Lapang,UPTD SD NEGERI 1 LAPANG,10106028,SD,Negeri,-,0,0,0,0,0,8,0,1,http://dapo.dikdasmen.kemdikbud.go.id/sekolah/4A033FD2D0AE0DCFA728
Prov. Aceh,Kab. Aceh Utara,Kec. Lapang,UPTD SD NEGERI 2 LAPANG,10101125,SD,Negeri,-,0,0,0,0,0,6,0,0,http://dapo.dikdasmen.kemdikbud.go.id/sekolah/864999109EE466318525
Prov. Aceh,Kab. Aceh Utara,Kec. Lapang,UPTD SD NEGERI 3 LAPANG,10106137,SD,Negeri,-,0,0,0,0,0,10,0,0,http://dapo.dikdasmen.kemdikbud.go.id/sekolah/7155EFFE4026F038BCD9
Prov. Aceh,Kab. Aceh Utara,Kec. Lapang,UPTD SD NEGERI 4 LAPANG,10106157,SD,Negeri,-,0,0,0,0,0,6,0,0,http://dapo.dikdasmen.kemdikbud.go.id/sekolah/E0E817780E1E739F839E
Prov. Aceh,Kab. Aceh Utara,Kec. Lapang,UPTD SD NEGERI 5 LAPANG,10105852,SD,Negeri,-,0,0,0,0,0,10,0,0,http://dapo.dikdasmen.kemdikbud.go.id/sekolah/D28C2D11C15D811969E2
Prov. Aceh,Kab. Aceh Utara,Kec. Lapang,UPTD SD NEGERI 6 LAPANG,10105886,SD,Negeri,-,0,0,0,0,0,8,0,1,http://dapo.dikdasmen.kemdikbud.go.id/sekolah/ED2D0FA313A8620A68EA
Prov. Aceh,Kab. Aceh Utara,Kec. Lapang,UPTD SMP NEGERI 1 LAPANG,10106228,SMP,Negeri,-,0,0,0,0,0,14,1,1,http://dapo.dikdasmen.kemdikbud.go.id/sekolah/E2B7D4552E91C80DB5C2
Prov. Aceh,Kab. Aceh Utara,Kec. Lapang,SMK NEGERI 1 LAPANG,10113067,SMK,Negeri,-,0,0,0,0,0,12,1,1,http://dapo.dikdasmen.kemdikbud.go.id/sekolah/BEFBF96628C0261A3594
