provinsi,kab_kota,kecamatan,nama_sekolah,npsn,bp,status,last_sync,jml_sync,pd,rombel,guru,pegawai,ruang_kelas,ruang_lab,ruang_perpus,url_sekolah
Prov. Sumatera Utara,Kab. Asahan,Kec. Sei Kepayang Timur,SDN 010016 SEI PASIR,10204758,SD,Negeri,-,0,0,0,0,0,6,0,1,http://dapo.dikdasmen.kemdikbud.go.id/sekolah/FFB41C9550919B3864C3
Prov. Sumatera Utara,Kab. Asahan,Kec. Sei Kepayang Timur,SDN 010017 SEI TEMPURUNG,10204757,SD,Negeri,-,0,0,0,0,0,6,0,1,http://dapo.dikdasmen.kemdikbud.go.id/sekolah/E2740DE53D889E3FA7F8
Prov. Sumatera Utara,Kab. Asahan,Kec. Sei Kepayang Timur,SDN 013817 SEI PASIR,10204663,SD,Negeri,-,0,0,0,0,0,6,0,0,http://dapo.dikdasmen.kemdikbud.go.id/sekolah/E41F199B7E74AB84759A
Prov. Sumatera Utara,Kab. Asahan,Kec. Sei Kepayang Timur,SDN 014637 SEI SEMBILANG,10203895,SD,Negeri,-,0,0,0,0,0,6,0,0,http://dapo.dikdasmen.kemdikbud.go.id/sekolah/36A7E4EA067802B3395C
Prov. Sumatera Utara,Kab. Asahan,Kec. Sei Kepayang Timur,SDN 015912 SEI LUNANG,10203852,SD,Negeri,-,0,0,0,0,0,6,0,1,http://dapo.dikdasmen.kemdikbud.go.id/sekolah/16C83D826874A2124960
Prov. Sumatera Utara,Kab. Asahan,Kec. Sei Kepayang Timur,SD Swasta Alwashliyah Sei Tempurung Psr.Bangka,10204383,SD,Swasta,-,0,0,0,0,0,6,0,0,http://dapo.dikdasmen.kemdikbud.go.id/sekolah/FC99247BF88266524014
Prov. Sumatera Utara,Kab. Asahan,Kec. Sei Kepayang Timur,SMP N 1 Sei Kepayang Timur Satu Atap,10259594,SMP,Negeri,-,0,0,0,0,0,4,1,1,http://dapo.dikdasmen.kemdikbud.go.id/sekolah/46904490EC2409B1290E
