provinsi,kab_kota,kecamatan,nama_sekolah,npsn,bp,status,last_sync,jml_sync,pd,rombel,guru,pegawai,ruang_kelas,ruang_lab,ruang_perpus,url_sekolah
Prov. Sumatera Utara,Kab. Asahan,Kec. Simpang Empat,SD N 010031,10204727,SD,Negeri,-,0,0,0,0,0,6,0,1,http://dapo.dikdasmen.kemdikbud.go.id/sekolah/9E9977D0BD5A5F3D7CEF
Prov. Sumatera Utara,Kab. Asahan,Kec. Simpang Empat,SD N 015917 SIMPANG EMPAT,10203847,SD,Negeri,-,0,0,0,0,0,10,0,2,http://dapo.dikdasmen.kemdikbud.go.id/sekolah/EDDA3B13F27FF462D19A
Prov. Sumatera Utara,Kab. Asahan,Kec. Simpang Empat,SD NEGERI 010029,10204729,SD,Negeri,-,0,0,0,0,0,6,0,0,http://dapo.dikdasmen.kemdikbud.go.id/sekolah/4D5B2BC1944B71A728A0
Prov. Sumatera Utara,Kab. Asahan,Kec. Simpang Empat,SD NEGERI 010033 PERK. HESSA,10204740,SD,Negeri,23 Aug 2019 16:47:43,0,0,0,0,0,6,0,1,http://dapo.dikdasmen.kemdikbud.go.id/sekolah/6B3EE69CF05ABE29C5D1
Prov. Sumatera Utara,Kab. Asahan,Kec. Simpang Empat,SD NEGERI 013820 SILOMLOM,10204660,SD,Negeri,-,0,0,0,0,0,6,0,1,http://dapo.dikdasmen.kemdikbud.go.id/sekolah/104594095F07BFBA6ECD
Prov. Sumatera Utara,Kab. Asahan,Kec. Simpang Empat,SD NEGERI 015918,10203846,SD,Negeri,-,0,0,0,0,0,6,0,0,http://dapo.dikdasmen.kemdikbud.go.id/sekolah/7B6B4FC1B07B0778A697
Prov. Sumatera Utara,Kab. Asahan,Kec. Simpang Empat,SD NEGERI NO 010035 SIMP EMPAT,10204742,SD,Negeri,-,0,0,0,0,0,9,0,1,http://dapo.dikdasmen.kemdikbud.go.id/sekolah/82FD8DD0445FBD9C6420
Prov. Sumatera Utara,Kab. Asahan,Kec. Simpang Empat,SD NEGERI NO 013822 SILOMLOM,10204658,SD,Negeri,-,0,0,0,0,0,9,0,1,http://dapo.dikdasmen.kemdikbud.go.id/sekolah/42A134942C1619764AF7
Prov. Sumatera Utara,Kab. Asahan,Kec. Simpang Empat,SD NEGERI NO. 017130 SIMPANG EMPAT,10204165,SD,Negeri,-,0,0,0,0,0,6,0,1,http://dapo.dikdasmen.kemdikbud.go.id/sekolah/E5650E2AE76ACD617ABE
Prov. Sumatera Utara,Kab. Asahan,Kec. Simpang Empat,SDN 010011 SEI DUA HULU,10204780,SD,Negeri,-,0,0,0,0,0,7,0,0,http://dapo.dikdasmen.kemdikbud.go.id/sekolah/436F9A55350F45006BE1
Prov. Sumatera Utara,Kab. Asahan,Kec. Simpang Empat,SDN 010027 SIMPANG EMPAT,10204731,SD,Negeri,-,0,0,0,0,0,6,0,0,http://dapo.dikdasmen.kemdikbud.go.id/sekolah/35AA9F614D87A65993AE
Prov. Sumatera Utara,Kab. Asahan,Kec. Simpang Empat,SDN 010028 SIMPANG EMPAT,10204730,SD,Negeri,-,0,0,0,0,0,8,0,1,http://dapo.dikdasmen.kemdikbud.go.id/sekolah/5C99E5C222A979BAE2CE
Prov. Sumatera Utara,Kab. Asahan,Kec. Simpang Empat,SDN 010030 SEI LAMA,10204728,SD,Negeri,-,0,0,0,0,0,6,0,0,http://dapo.dikdasmen.kemdikbud.go.id/sekolah/4215D8FD4414538892D2
Prov. Sumatera Utara,Kab. Asahan,Kec. Simpang Empat,SDN 013819 SEI LAMA,10204661,SD,Negeri,-,0,0,0,0,0,6,0,1,http://dapo.dikdasmen.kemdikbud.go.id/sekolah/942CD089B5ED1DF607D3
Prov. Sumatera Utara,Kab. Asahan,Kec. Simpang Empat,SDN 014631 SEI DUA HULU,10259616,SD,Negeri,-,0,0,0,0,0,9,0,0,http://dapo.dikdasmen.kemdikbud.go.id/sekolah/F95398A54293D2937392
Prov. Sumatera Utara,Kab. Asahan,Kec. Simpang Empat,SDN 014641 SIMPANG EMPAT,10203908,SD,Negeri,-,0,0,0,0,0,12,0,1,http://dapo.dikdasmen.kemdikbud.go.id/sekolah/A8E7CB68BB4F4DC6303D
Prov. Sumatera Utara,Kab. Asahan,Kec. Simpang Empat,SDN 014642 SIMPANG EMPAT,10203907,SD,Negeri,-,0,0,0,0,0,9,0,0,http://dapo.dikdasmen.kemdikbud.go.id/sekolah/DB0C74F6CC8BB4CB6CCF
Prov. Sumatera Utara,Kab. Asahan,Kec. Simpang Empat,SDN 014643 SEI LAMA,10203906,SD,Negeri,-,0,0,0,0,0,8,0,1,http://dapo.dikdasmen.kemdikbud.go.id/sekolah/D7D696B8F381B904905C
Prov. Sumatera Utara,Kab. Asahan,Kec. Simpang Empat,SDN 016538 SEI DUA HULU,10204017,SD,Negeri,-,0,0,0,0,0,6,0,1,http://dapo.dikdasmen.kemdikbud.go.id/sekolah/ED5470CB1129E795DE41
Prov. Sumatera Utara,Kab. Asahan,Kec. Simpang Empat,SDN 016544 SEI LAMA,10204202,SD,Negeri,-,0,0,0,0,0,6,0,2,http://dapo.dikdasmen.kemdikbud.go.id/sekolah/1A88ECC3487F66225DBB
Prov. Sumatera Utara,Kab. Asahan,Kec. Simpang Empat,SDN 017129 SILOMLOM,10204166,SD,Negeri,-,0,0,0,0,0,7,0,1,http://dapo.dikdasmen.kemdikbud.go.id/sekolah/86471511F0CBB1558CF4
Prov. Sumatera Utara,Kab. Asahan,Kec. Simpang Empat,SD SILATURRAHMI,10259874,SD,Swasta,-,0,0,0,0,0,11,0,0,http://dapo.dikdasmen.kemdikbud.go.id/sekolah/964C80F04945E693AB26
Prov. Sumatera Utara,Kab. Asahan,Kec. Simpang Empat,SD Swasta Islam Terpadu Ar Rayhan,69948611,SD,Swasta,-,0,0,0,0,0,3,0,0,http://dapo.dikdasmen.kemdikbud.go.id/sekolah/21A83DB0F00752CD4AD4
Prov. Sumatera Utara,Kab. Asahan,Kec. Simpang Empat,SMP N 1 SIMPANG EMPAT,10204145,SMP,Negeri,-,0,0,0,0,0,20,2,1,http://dapo.dikdasmen.kemdikbud.go.id/sekolah/BA8A865A0F300E544D88
Prov. Sumatera Utara,Kab. Asahan,Kec. Simpang Empat,SMP N 2 SIMPANG EMPAT,10204087,SMP,Negeri,-,0,0,0,0,0,11,1,1,http://dapo.dikdasmen.kemdikbud.go.id/sekolah/563FB427363D849D8F40
Prov. Sumatera Utara,Kab. Asahan,Kec. Simpang Empat,SMP N 3 SIMPANG EMPAT,10204113,SMP,Negeri,-,0,0,0,0,0,10,1,1,http://dapo.dikdasmen.kemdikbud.go.id/sekolah/38A402145F8624818A5A
Prov. Sumatera Utara,Kab. Asahan,Kec. Simpang Empat,SMP DAERAH SIMPANG EMPAT,10204033,SMP,Swasta,31 Jul 2019 00:23:07,1,124,4,9,2,6,1,1,http://dapo.dikdasmen.kemdikbud.go.id/sekolah/6B4A6EDC51EA4CF055A6
Prov. Sumatera Utara,Kab. Asahan,Kec. Simpang Empat,SMPS SWASTA ISLAM TERPADU AR RAYHAN,69901807,SMP,Swasta,-,0,0,0,0,0,3,0,0,http://dapo.dikdasmen.kemdikbud.go.id/sekolah/73E9028B19D733FA33B4
Prov. Sumatera Utara,Kab. Asahan,Kec. Simpang Empat,SMAN 1 SIMPANG EMPAT,10204057,SMA,Negeri,-,0,0,0,0,0,25,4,1,http://dapo.dikdasmen.kemdikbud.go.id/sekolah/FF43D3455A50145F33CB
Prov. Sumatera Utara,Kab. Asahan,Kec. Simpang Empat,SMKS HARAPAN SIMPANG EMPAT,10258720,SMK,Swasta,-,0,0,0,0,0,3,1,1,http://dapo.dikdasmen.kemdikbud.go.id/sekolah/71698901AF8B17CFA3A9
