provinsi,kab_kota,kecamatan,nama_sekolah,npsn,bp,status,last_sync,jml_sync,pd,rombel,guru,pegawai,ruang_kelas,ruang_lab,ruang_perpus,url_sekolah
Prov. Aceh,Kab. Aceh Selatan,Kec. Bakongan Timur,SD NEGERI 1 SEUBADEH,10102689,SD,Negeri,-,0,0,0,0,0,6,0,1,http://dapo.dikdasmen.kemdikbud.go.id/sekolah/254E9B3190FE4F776973
Prov. Aceh,Kab. Aceh Selatan,Kec. Bakongan Timur,SD NEGERI 2 SEUBADEH,10102808,SD,Negeri,-,0,0,0,0,0,6,0,1,http://dapo.dikdasmen.kemdikbud.go.id/sekolah/5AE3838E204A326AAB66
Prov. Aceh,Kab. Aceh Selatan,Kec. Bakongan Timur,SD NEGERI SAWAH TINGKEUM,10102605,SD,Negeri,-,0,0,0,0,0,6,0,1,http://dapo.dikdasmen.kemdikbud.go.id/sekolah/2770692FE3E9A4AAB178
Prov. Aceh,Kab. Aceh Selatan,Kec. Bakongan Timur,SD NEGERI SELEUKAT,10102597,SD,Negeri,-,0,0,0,0,0,6,0,0,http://dapo.dikdasmen.kemdikbud.go.id/sekolah/D102268185232C3FF04D
Prov. Aceh,Kab. Aceh Selatan,Kec. Bakongan Timur,SD NEGERI UJUNG PULO,10102624,SD,Negeri,-,0,0,0,0,0,6,0,1,http://dapo.dikdasmen.kemdikbud.go.id/sekolah/F61A1088B644EB8B93C2
Prov. Aceh,Kab. Aceh Selatan,Kec. Bakongan Timur,SD NEGERI UJUNG PULO CUT,10102970,SD,Negeri,-,0,0,0,0,0,6,0,0,http://dapo.dikdasmen.kemdikbud.go.id/sekolah/2437AABF626D5817E946
Prov. Aceh,Kab. Aceh Selatan,Kec. Bakongan Timur,SDN Lhok Jamin,10102845,SD,Negeri,-,0,0,0,0,0,6,0,1,http://dapo.dikdasmen.kemdikbud.go.id/sekolah/AC1E514F889F06F814B2
Prov. Aceh,Kab. Aceh Selatan,Kec. Bakongan Timur,SMP NEGERI 1 BAKONGAN TIMUR,10102705,SMP,Negeri,-,0,0,0,0,0,11,1,2,http://dapo.dikdasmen.kemdikbud.go.id/sekolah/8671AB03E596A54E9048
Prov. Aceh,Kab. Aceh Selatan,Kec. Bakongan Timur,SMAN 1 BAKONGAN TIMUR,10111579,SMA,Negeri,-,0,0,0,0,0,8,2,1,http://dapo.dikdasmen.kemdikbud.go.id/sekolah/A82CFE73959271C97ED0
