provinsi,kab_kota,kecamatan,nama_sekolah,npsn,bp,status,last_sync,jml_sync,pd,rombel,guru,pegawai,ruang_kelas,ruang_lab,ruang_perpus,url_sekolah
Prov. Aceh,Kab. Aceh Selatan,Kec. Bakongan,SD NEGERI 1 BAKONGAN,10102837,SD,Negeri,-,0,0,0,0,0,6,0,1,http://dapo.dikdasmen.kemdikbud.go.id/sekolah/6623349EF35C6D26BE85
Prov. Aceh,Kab. Aceh Selatan,Kec. Bakongan,SD NEGERI 2 BAKONGAN,10102963,SD,Negeri,-,0,0,0,0,0,6,0,1,http://dapo.dikdasmen.kemdikbud.go.id/sekolah/EB4E5F535F19DCF265D1
Prov. Aceh,Kab. Aceh Selatan,Kec. Bakongan,SD NEGERI 3 BAKONGAN,10102973,SD,Negeri,-,0,0,0,0,0,6,0,0,http://dapo.dikdasmen.kemdikbud.go.id/sekolah/1A915692060692C55E1E
Prov. Aceh,Kab. Aceh Selatan,Kec. Bakongan,SD NEGERI UJONG PADANG,10102631,SD,Negeri,-,0,0,0,0,0,6,0,1,http://dapo.dikdasmen.kemdikbud.go.id/sekolah/8596E826CA25CA5B9224
Prov. Aceh,Kab. Aceh Selatan,Kec. Bakongan,SD NEGERI UJUNG MANGKI,10102621,SD,Negeri,-,0,0,0,0,0,6,0,1,http://dapo.dikdasmen.kemdikbud.go.id/sekolah/D94C31443897A30528C4
Prov. Aceh,Kab. Aceh Selatan,Kec. Bakongan,SMP NEGERI 1 BAKONGAN,10102709,SMP,Negeri,-,0,0,0,0,0,11,2,1,http://dapo.dikdasmen.kemdikbud.go.id/sekolah/1859C0CACFECC91ABBEE
Prov. Aceh,Kab. Aceh Selatan,Kec. Bakongan,SMAN 1 BAKONGAN,10102794,SMA,Negeri,-,0,0,0,0,0,12,5,1,http://dapo.dikdasmen.kemdikbud.go.id/sekolah/4BB6CE60A3B54C735ECB
