provinsi,kab_kota,kecamatan,nama_sekolah,npsn,bp,status,last_sync,jml_sync,pd,rombel,guru,pegawai,ruang_kelas,ruang_lab,ruang_perpus,url_sekolah
Prov. Aceh,Kab. Aceh Selatan,Kec. Trumon Tengah,SD NEGERI 1 LADANG RIMBA,10102660,SD,Negeri,-,0,0,0,0,0,9,0,2,http://dapo.dikdasmen.kemdikbud.go.id/sekolah/665CE96CC6A8723B61C1
Prov. Aceh,Kab. Aceh Selatan,Kec. Trumon Tengah,SD NEGERI 2 LADANG RIMBA,10102822,SD,Negeri,-,0,0,0,0,0,6,0,1,http://dapo.dikdasmen.kemdikbud.go.id/sekolah/A37E637FDD7B357AE68B
Prov. Aceh,Kab. Aceh Selatan,Kec. Trumon Tengah,SD NEGERI IE JEUREUNEH,10102938,SD,Negeri,-,0,0,0,0,0,6,0,1,http://dapo.dikdasmen.kemdikbud.go.id/sekolah/872C060E7552D564F986
Prov. Aceh,Kab. Aceh Selatan,Kec. Trumon Tengah,SD NEGERI KREUNG BATEE,10102934,SD,Negeri,-,0,0,0,0,0,6,0,1,http://dapo.dikdasmen.kemdikbud.go.id/sekolah/08F7A2848C6DF8012E85
Prov. Aceh,Kab. Aceh Selatan,Kec. Trumon Tengah,SD NEGERI UPT III COTBAYU,10102900,SD,Negeri,-,0,0,0,0,0,6,0,1,http://dapo.dikdasmen.kemdikbud.go.id/sekolah/79DEF67F4B54220F5AC0
Prov. Aceh,Kab. Aceh Selatan,Kec. Trumon Tengah,SD NEGERI UPT IV IE JEREUNEH,10102626,SD,Negeri,-,0,0,0,0,0,6,0,1,http://dapo.dikdasmen.kemdikbud.go.id/sekolah/8775366891CEC97D7A78
Prov. Aceh,Kab. Aceh Selatan,Kec. Trumon Tengah,SMP NEGERI 1 TRUMON TIMUR,10102720,SMP,Negeri,-,0,0,0,1,0,14,1,2,http://dapo.dikdasmen.kemdikbud.go.id/sekolah/D45F0B633BA529D04514
Prov. Aceh,Kab. Aceh Selatan,Kec. Trumon Tengah,SMA NEGERI TRUMON TENGAH,69874009,SMA,Negeri,-,0,0,0,0,0,6,0,1,http://dapo.dikdasmen.kemdikbud.go.id/sekolah/E0D21090ED3A49B47548
