provinsi,kab_kota,kecamatan,nama_sekolah,npsn,bp,status,last_sync,jml_sync,pd,rombel,guru,pegawai,ruang_kelas,ruang_lab,ruang_perpus,url_sekolah
Prov. Kepulauan Bangka Belitung,Kab. Bangka Barat,Kec. Jebus,SD Negeri 1 Jebus,10900657,SD,Negeri,26 Aug 2019 08:28:32,7,261,11,13,5,11,1,1,http://dapo.dikdasmen.kemdikbud.go.id/sekolah/CF1B658E4CEA1BF8341D
Prov. Kepulauan Bangka Belitung,Kab. Bangka Barat,Kec. Jebus,SD Negeri 10 Jebus,10900579,SD,Negeri,-,0,0,0,0,0,6,0,1,http://dapo.dikdasmen.kemdikbud.go.id/sekolah/3E76F036F6C34181FF98
Prov. Kepulauan Bangka Belitung,Kab. Bangka Barat,Kec. Jebus,SD Negeri 11 Jebus,10900654,SD,Negeri,-,0,0,0,0,0,6,1,1,http://dapo.dikdasmen.kemdikbud.go.id/sekolah/29AEFE02C3E3CA4DD57A
Prov. Kepulauan Bangka Belitung,Kab. Bangka Barat,Kec. Jebus,SD Negeri 12 Jebus,10900710,SD,Negeri,-,0,0,0,0,0,15,0,1,http://dapo.dikdasmen.kemdikbud.go.id/sekolah/03552136CF572B211C10
Prov. Kepulauan Bangka Belitung,Kab. Bangka Barat,Kec. Jebus,SD Negeri 13 Jebus,10900700,SD,Negeri,-,0,0,0,0,0,6,0,1,http://dapo.dikdasmen.kemdikbud.go.id/sekolah/1C961DEE45718BC108C5
Prov. Kepulauan Bangka Belitung,Kab. Bangka Barat,Kec. Jebus,SD Negeri 14 Jebus,10900584,SD,Negeri,-,0,0,0,0,0,7,0,1,http://dapo.dikdasmen.kemdikbud.go.id/sekolah/B66F093A11E00DDEA500
Prov. Kepulauan Bangka Belitung,Kab. Bangka Barat,Kec. Jebus,SD Negeri 15 Jebus,10900722,SD,Negeri,-,0,0,0,0,0,6,0,1,http://dapo.dikdasmen.kemdikbud.go.id/sekolah/B1F0ED4ABC9D8B9E0603
Prov. Kepulauan Bangka Belitung,Kab. Bangka Barat,Kec. Jebus,SD Negeri 16 Jebus,10900702,SD,Negeri,-,0,0,0,0,0,6,0,1,http://dapo.dikdasmen.kemdikbud.go.id/sekolah/756DE68DC131004A35D0
Prov. Kepulauan Bangka Belitung,Kab. Bangka Barat,Kec. Jebus,SD Negeri 17 Jebus,69854816,SD,Negeri,-,0,0,0,0,0,5,0,1,http://dapo.dikdasmen.kemdikbud.go.id/sekolah/E76DB3686B18694A9186
Prov. Kepulauan Bangka Belitung,Kab. Bangka Barat,Kec. Jebus,SD Negeri 2 Jebus,10900683,SD,Negeri,-,0,0,0,0,1,9,0,1,http://dapo.dikdasmen.kemdikbud.go.id/sekolah/279C49A4B36682EF7024
Prov. Kepulauan Bangka Belitung,Kab. Bangka Barat,Kec. Jebus,SD Negeri 3 Jebus,10900583,SD,Negeri,-,0,0,0,0,0,7,0,1,http://dapo.dikdasmen.kemdikbud.go.id/sekolah/35600A54C07DFB2C1DB2
Prov. Kepulauan Bangka Belitung,Kab. Bangka Barat,Kec. Jebus,SD Negeri 4 Jebus,10900557,SD,Negeri,-,0,0,0,0,0,9,0,1,http://dapo.dikdasmen.kemdikbud.go.id/sekolah/3942ADCEA17F0A97081D
Prov. Kepulauan Bangka Belitung,Kab. Bangka Barat,Kec. Jebus,SD Negeri 5 Jebus,10900642,SD,Negeri,-,0,0,0,0,0,9,0,1,http://dapo.dikdasmen.kemdikbud.go.id/sekolah/7D7C9D7159239BA307B3
Prov. Kepulauan Bangka Belitung,Kab. Bangka Barat,Kec. Jebus,SD Negeri 6 Jebus,10900696,SD,Negeri,-,0,0,0,0,0,7,0,1,http://dapo.dikdasmen.kemdikbud.go.id/sekolah/25EE60F2DBD5614BDEF6
Prov. Kepulauan Bangka Belitung,Kab. Bangka Barat,Kec. Jebus,SD Negeri 7 Jebus,10900649,SD,Negeri,-,0,0,0,0,0,12,1,1,http://dapo.dikdasmen.kemdikbud.go.id/sekolah/9427490674756E994CAB
Prov. Kepulauan Bangka Belitung,Kab. Bangka Barat,Kec. Jebus,SD Negeri 8 Jebus,10900717,SD,Negeri,-,0,0,0,0,0,6,0,1,http://dapo.dikdasmen.kemdikbud.go.id/sekolah/51A8AE28421A89553084
Prov. Kepulauan Bangka Belitung,Kab. Bangka Barat,Kec. Jebus,SD Negeri 9 Jebus,10900681,SD,Negeri,-,0,0,0,0,0,7,0,1,http://dapo.dikdasmen.kemdikbud.go.id/sekolah/F53884836950FF5F41F6
Prov. Kepulauan Bangka Belitung,Kab. Bangka Barat,Kec. Jebus,SMP Negeri 1 Jebus,10900612,SMP,Negeri,-,0,0,0,0,0,17,3,1,http://dapo.dikdasmen.kemdikbud.go.id/sekolah/20787D11CF7B1491EF96
Prov. Kepulauan Bangka Belitung,Kab. Bangka Barat,Kec. Jebus,SMP Negeri 2 Jebus,10900608,SMP,Negeri,24 Aug 2019 08:27:54,19,413,15,26,8,16,3,1,http://dapo.dikdasmen.kemdikbud.go.id/sekolah/6EF273324C6B98843C3C
Prov. Kepulauan Bangka Belitung,Kab. Bangka Barat,Kec. Jebus,SMP Negeri 3 Jebus,10901759,SMP,Negeri,-,0,0,0,0,0,6,2,1,http://dapo.dikdasmen.kemdikbud.go.id/sekolah/71074A9878B369689E00
Prov. Kepulauan Bangka Belitung,Kab. Bangka Barat,Kec. Jebus,SMP ISLAM TERPADU NU TA LIMUL MUTAALIM,69987790,SMP,Swasta,-,0,0,0,0,0,0,0,0,http://dapo.dikdasmen.kemdikbud.go.id/sekolah/D933070FB86CF2A1B22A
Prov. Kepulauan Bangka Belitung,Kab. Bangka Barat,Kec. Jebus,SMAN 1 JEBUS,10900631,SMA,Negeri,-,0,0,0,0,0,18,6,1,http://dapo.dikdasmen.kemdikbud.go.id/sekolah/711A10E656F6E3B763D4
