provinsi,kab_kota,kecamatan,nama_sekolah,npsn,bp,status,last_sync,jml_sync,pd,rombel,guru,pegawai,ruang_kelas,ruang_lab,ruang_perpus,url_sekolah
Prov. Jawa Tengah,Kab. Banyumas,Kec. Kembaran,SD N 1 DUKUHWALUH,20302367,SD,Negeri,-,0,0,0,0,0,12,1,1,http://dapo.dikdasmen.kemdikbud.go.id/sekolah/F1BF0FB56C75F6512A67
Prov. Jawa Tengah,Kab. Banyumas,Kec. Kembaran,SD N 1 LINGGASARI,20302718,SD,Negeri,-,0,0,0,0,0,9,0,1,http://dapo.dikdasmen.kemdikbud.go.id/sekolah/3FCB8A34E1B23C70E74C
Prov. Jawa Tengah,Kab. Banyumas,Kec. Kembaran,SD N 1 SAMBENG KULON,20302864,SD,Negeri,-,0,0,0,0,0,7,0,1,http://dapo.dikdasmen.kemdikbud.go.id/sekolah/F7C9B912A407DB36DA5C
Prov. Jawa Tengah,Kab. Banyumas,Kec. Kembaran,SD N 2 DUKUHWALUH,20302620,SD,Negeri,-,0,0,0,0,0,7,1,1,http://dapo.dikdasmen.kemdikbud.go.id/sekolah/DD2257FA6525E63CB6D5
Prov. Jawa Tengah,Kab. Banyumas,Kec. Kembaran,SD N 2 PLIKEN,20301656,SD,Negeri,-,0,0,0,0,0,12,1,1,http://dapo.dikdasmen.kemdikbud.go.id/sekolah/3C0DE16D26184CF951F3
Prov. Jawa Tengah,Kab. Banyumas,Kec. Kembaran,SD N 3 DUKUH WALUH,20301838,SD,Negeri,-,0,0,0,0,0,7,1,1,http://dapo.dikdasmen.kemdikbud.go.id/sekolah/A9FED5B7C275CE583761
Prov. Jawa Tengah,Kab. Banyumas,Kec. Kembaran,SD N 3 PLIKEN,20301561,SD,Negeri,-,0,0,0,0,0,6,0,1,http://dapo.dikdasmen.kemdikbud.go.id/sekolah/D68BB27DCC53F7ADE5D5
Prov. Jawa Tengah,Kab. Banyumas,Kec. Kembaran,SD N 4 PLIKEN,20301609,SD,Negeri,-,0,0,0,0,0,6,0,0,http://dapo.dikdasmen.kemdikbud.go.id/sekolah/82243B2E49F8A13670C2
Prov. Jawa Tengah,Kab. Banyumas,Kec. Kembaran,SD N SAMBENG WETAN,20302045,SD,Negeri,-,0,0,0,0,0,6,1,0,http://dapo.dikdasmen.kemdikbud.go.id/sekolah/FEDAF72054FAA9077F4E
Prov. Jawa Tengah,Kab. Banyumas,Kec. Kembaran,SD NEGERI 1 BANTARWUNI,20302207,SD,Negeri,-,0,0,0,0,0,6,0,1,http://dapo.dikdasmen.kemdikbud.go.id/sekolah/E1C492E2293D3933AA19
Prov. Jawa Tengah,Kab. Banyumas,Kec. Kembaran,SD NEGERI 1 BOJONGSARI,20302332,SD,Negeri,-,0,0,0,0,0,13,3,0,http://dapo.dikdasmen.kemdikbud.go.id/sekolah/4E765EB8F50E2C263A7A
Prov. Jawa Tengah,Kab. Banyumas,Kec. Kembaran,SD NEGERI 1 PLIKEN,20302845,SD,Negeri,-,0,0,0,0,0,7,0,1,http://dapo.dikdasmen.kemdikbud.go.id/sekolah/16728508674DF25E1641
Prov. Jawa Tengah,Kab. Banyumas,Kec. Kembaran,SD NEGERI 1 PURBADANA,20302846,SD,Negeri,-,0,0,0,0,0,7,1,1,http://dapo.dikdasmen.kemdikbud.go.id/sekolah/1E105795E0EEA6CF5E24
Prov. Jawa Tengah,Kab. Banyumas,Kec. Kembaran,SD NEGERI 2 BANTARWUNI,20302594,SD,Negeri,-,0,0,0,0,0,7,0,1,http://dapo.dikdasmen.kemdikbud.go.id/sekolah/E8294DA8B96036D31C52
Prov. Jawa Tengah,Kab. Banyumas,Kec. Kembaran,SD NEGERI 2 SAMBENG KULON,20301745,SD,Negeri,-,0,0,0,1,0,6,0,0,http://dapo.dikdasmen.kemdikbud.go.id/sekolah/4F0BC3FC86D496764784
Prov. Jawa Tengah,Kab. Banyumas,Kec. Kembaran,SD NEGERI 3 LINGGASARI,20301806,SD,Negeri,-,0,0,0,0,0,9,0,0,http://dapo.dikdasmen.kemdikbud.go.id/sekolah/ED655D2BE7576B5E3416
Prov. Jawa Tengah,Kab. Banyumas,Kec. Kembaran,SD NEGERI KARANGSOKA,20302099,SD,Negeri,-,0,0,0,0,0,6,0,0,http://dapo.dikdasmen.kemdikbud.go.id/sekolah/98550642CDBA0C63B196
Prov. Jawa Tengah,Kab. Banyumas,Kec. Kembaran,SD NEGERI KEMBARAN,20302768,SD,Negeri,-,0,0,0,0,0,12,1,1,http://dapo.dikdasmen.kemdikbud.go.id/sekolah/33873D224AA6CCDB39AE
Prov. Jawa Tengah,Kab. Banyumas,Kec. Kembaran,SD NEGERI KRAMAT,20302027,SD,Negeri,-,0,0,0,0,0,6,0,1,http://dapo.dikdasmen.kemdikbud.go.id/sekolah/9CAF7324F42626309E6C
Prov. Jawa Tengah,Kab. Banyumas,Kec. Kembaran,SD NEGERI LARANGAN,20302020,SD,Negeri,-,0,0,0,0,0,11,0,1,http://dapo.dikdasmen.kemdikbud.go.id/sekolah/68C5A8022DD808298A3C
Prov. Jawa Tengah,Kab. Banyumas,Kec. Kembaran,SD NEGERI LEDUG,20302022,SD,Negeri,-,0,0,0,0,0,24,1,1,http://dapo.dikdasmen.kemdikbud.go.id/sekolah/5A9E2CC01C72E929A2F9
Prov. Jawa Tengah,Kab. Banyumas,Kec. Kembaran,SD NEGERI TAMBAKSARI,20302794,SD,Negeri,-,0,0,0,0,0,12,1,1,http://dapo.dikdasmen.kemdikbud.go.id/sekolah/4A77CF5FED26E829FED4
Prov. Jawa Tengah,Kab. Banyumas,Kec. Kembaran,SDN 2 BOJONGSARI,20301811,SD,Negeri,-,0,0,0,0,0,11,0,1,http://dapo.dikdasmen.kemdikbud.go.id/sekolah/CFB76F34FA494E4A490A
Prov. Jawa Tengah,Kab. Banyumas,Kec. Kembaran,SDN 2 LINGGASARI,20302624,SD,Negeri,-,0,0,0,0,0,6,0,1,http://dapo.dikdasmen.kemdikbud.go.id/sekolah/151C0ADE82A961EDBB2B
Prov. Jawa Tengah,Kab. Banyumas,Kec. Kembaran,SDN 2 PURBADANA,20301727,SD,Negeri,-,0,0,0,0,0,6,1,1,http://dapo.dikdasmen.kemdikbud.go.id/sekolah/3BC6360EA9D88E99B824
Prov. Jawa Tengah,Kab. Banyumas,Kec. Kembaran,SDN 4 DUKUHWALUH,20301546,SD,Negeri,-,0,0,0,1,0,6,1,1,http://dapo.dikdasmen.kemdikbud.go.id/sekolah/CF1C567CA628B975EEB0
Prov. Jawa Tengah,Kab. Banyumas,Kec. Kembaran,SDN KARANGSARI,20302086,SD,Negeri,-,0,0,0,0,0,11,0,1,http://dapo.dikdasmen.kemdikbud.go.id/sekolah/9BF575E0691FED23674E
Prov. Jawa Tengah,Kab. Banyumas,Kec. Kembaran,SDN KARANGTENGAH,20302284,SD,Negeri,-,0,0,0,0,0,6,0,1,http://dapo.dikdasmen.kemdikbud.go.id/sekolah/0CF197430DAEE80280E7
Prov. Jawa Tengah,Kab. Banyumas,Kec. Kembaran,SDN PURWODADI,20302044,SD,Negeri,-,0,0,0,0,0,6,0,1,http://dapo.dikdasmen.kemdikbud.go.id/sekolah/10FE205BDBA493FF3D18
Prov. Jawa Tengah,Kab. Banyumas,Kec. Kembaran,SD ISLAM SINAR MENTARI,69988142,SD,Swasta,-,0,0,0,0,0,0,0,0,http://dapo.dikdasmen.kemdikbud.go.id/sekolah/037AB76252C09F79E349
Prov. Jawa Tengah,Kab. Banyumas,Kec. Kembaran,SD UMP,20362734,SD,Swasta,-,0,0,0,0,0,16,0,0,http://dapo.dikdasmen.kemdikbud.go.id/sekolah/678BCA951D9F38E95BFD
Prov. Jawa Tengah,Kab. Banyumas,Kec. Kembaran,SMP NEGERI 1 KEMBARAN,20302010,SMP,Negeri,-,0,0,0,0,0,22,4,1,http://dapo.dikdasmen.kemdikbud.go.id/sekolah/E2A52BD47E1756EF94AD
Prov. Jawa Tengah,Kab. Banyumas,Kec. Kembaran,SMP NEGERI 2 KEMBARAN,20301950,SMP,Negeri,-,0,0,0,0,0,18,2,1,http://dapo.dikdasmen.kemdikbud.go.id/sekolah/D1B49D5C0A5144DB384E
Prov. Jawa Tengah,Kab. Banyumas,Kec. Kembaran,SMP GUNUNGJATI KEMBARAN,20301864,SMP,Swasta,-,0,0,0,0,0,10,2,1,http://dapo.dikdasmen.kemdikbud.go.id/sekolah/0642731B9AD109232281
Prov. Jawa Tengah,Kab. Banyumas,Kec. Kembaran,SMP ISLAM WALISONGO KEMBARAN,69888430,SMP,Swasta,-,0,0,0,0,0,6,0,1,http://dapo.dikdasmen.kemdikbud.go.id/sekolah/64B8B8465500DEA2AA0B
Prov. Jawa Tengah,Kab. Banyumas,Kec. Kembaran,SMP MUHAMMADIYAH KEMBARAN,20301867,SMP,Swasta,-,0,0,0,0,0,3,1,1,http://dapo.dikdasmen.kemdikbud.go.id/sekolah/9BEF124DF1B0C7F5FD8E
Prov. Jawa Tengah,Kab. Banyumas,Kec. Kembaran,SMK KESEHATAN KESATRIAN 2 PURWOKERTO,69980585,SMK,Swasta,-,0,0,0,0,0,2,1,1,http://dapo.dikdasmen.kemdikbud.go.id/sekolah/A56CC5FEE3171B7835F6
Prov. Jawa Tengah,Kab. Banyumas,Kec. Kembaran,SMK Mulia Bakti Purwokerto,69948352,SMK,Swasta,22 Aug 2019 16:59:44,9,70,6,15,3,6,1,1,http://dapo.dikdasmen.kemdikbud.go.id/sekolah/6D1B321D431D17755781
Prov. Jawa Tengah,Kab. Banyumas,Kec. Kembaran,SMKS MAARIF NU 1 KEMBARAN,20302017,SMK,Swasta,-,0,0,0,0,0,9,1,1,http://dapo.dikdasmen.kemdikbud.go.id/sekolah/4B11D3CBA8D67F37EA1E
