provinsi,kab_kota,kecamatan,nama_sekolah,npsn,bp,status,last_sync,jml_sync,pd,rombel,guru,pegawai,ruang_kelas,ruang_lab,ruang_perpus,url_sekolah
Prov. Aceh,Kab. Aceh Singkil,Kec. Kuala Baru,SD N 1 KUALA BARU,10104175,SD,Negeri,-,0,0,0,0,0,8,0,1,http://dapo.dikdasmen.kemdikbud.go.id/sekolah/3023875E54B91CCF22C8
Prov. Aceh,Kab. Aceh Singkil,Kec. Kuala Baru,SD N 2 KUALA BARU,10107687,SD,Negeri,-,0,0,0,0,0,8,0,1,http://dapo.dikdasmen.kemdikbud.go.id/sekolah/DBDF53EF992669588ED8
Prov. Aceh,Kab. Aceh Singkil,Kec. Kuala Baru,SD NEGERI KAYU MENANG,10107705,SD,Negeri,-,0,0,0,0,0,4,0,1,http://dapo.dikdasmen.kemdikbud.go.id/sekolah/2F1882C90B9343A42C54
Prov. Aceh,Kab. Aceh Singkil,Kec. Kuala Baru,SMP N KUALA BARU,10104060,SMP,Negeri,-,0,0,0,0,0,7,2,1,http://dapo.dikdasmen.kemdikbud.go.id/sekolah/6F8D796CAB3551E5ED42
Prov. Aceh,Kab. Aceh Singkil,Kec. Kuala Baru,SMKN KELAUTAN DAN PERIKANAN KUALA BARU,10107801,SMK,Negeri,-,0,0,0,0,0,6,1,1,http://dapo.dikdasmen.kemdikbud.go.id/sekolah/E866FC91CA22A2D627E6
