provinsi,kab_kota,kecamatan,nama_sekolah,npsn,bp,status,last_sync,jml_sync,pd,rombel,guru,pegawai,ruang_kelas,ruang_lab,ruang_perpus,url_sekolah
Prov. Aceh,Kab. Aceh Singkil,Kec. Pulau Banyak Barat,SD N HALOBAN,10107703,SD,Negeri,-,0,0,0,0,0,9,0,1,http://dapo.dikdasmen.kemdikbud.go.id/sekolah/8300E7E2FAC8A0BB30C1
Prov. Aceh,Kab. Aceh Singkil,Kec. Pulau Banyak Barat,SD N UJUNG SIALIT,10107744,SD,Negeri,-,0,0,0,0,0,11,0,1,http://dapo.dikdasmen.kemdikbud.go.id/sekolah/5869D0CD2351308920A6
Prov. Aceh,Kab. Aceh Singkil,Kec. Pulau Banyak Barat,SDN 2 HALOBAN,69794650,SD,Negeri,-,0,0,0,0,0,7,0,1,http://dapo.dikdasmen.kemdikbud.go.id/sekolah/89A2E5FAF49332C83299
Prov. Aceh,Kab. Aceh Singkil,Kec. Pulau Banyak Barat,SDN Suka Makmur,10111440,SD,Negeri,-,0,0,0,0,0,6,0,1,http://dapo.dikdasmen.kemdikbud.go.id/sekolah/167EBBD7EB9211992D5E
Prov. Aceh,Kab. Aceh Singkil,Kec. Pulau Banyak Barat,SMP N 2 PULAU BANYAK,10107792,SMP,Negeri,-,0,0,0,0,0,7,2,1,http://dapo.dikdasmen.kemdikbud.go.id/sekolah/73DA31BE6713A7393AC9
Prov. Aceh,Kab. Aceh Singkil,Kec. Pulau Banyak Barat,SMPN 1 PULAU BANYAK BARAT,69978367,SMP,Negeri,-,0,0,0,0,0,3,0,0,http://dapo.dikdasmen.kemdikbud.go.id/sekolah/53D1A2E956F69C3CB2E3
Prov. Aceh,Kab. Aceh Singkil,Kec. Pulau Banyak Barat,SMA NEGERI 1 PULAU BANYAK BARAT,69786208,SMA,Negeri,-,0,0,0,0,0,5,3,1,http://dapo.dikdasmen.kemdikbud.go.id/sekolah/9D50EF556B8A2100E806
