provinsi,kab_kota,kecamatan,nama_sekolah,npsn,bp,status,last_sync,jml_sync,pd,rombel,guru,pegawai,ruang_kelas,ruang_lab,ruang_perpus,url_sekolah
Prov. Aceh,Kab. Aceh Singkil,Kec. Pulau Banyak,SD N 1 PULAU BALAI,10107679,SD,Negeri,-,0,0,0,0,0,8,0,1,http://dapo.dikdasmen.kemdikbud.go.id/sekolah/0514696C37AAF94D2040
Prov. Aceh,Kab. Aceh Singkil,Kec. Pulau Banyak,SD N 2 PULAU BALAI,10104186,SD,Negeri,-,0,0,0,0,0,13,0,1,http://dapo.dikdasmen.kemdikbud.go.id/sekolah/F40F51458ACD5B62BEEE
Prov. Aceh,Kab. Aceh Singkil,Kec. Pulau Banyak,SD NEGERI TELUK NIBUNG,10107738,SD,Negeri,-,0,0,0,0,0,8,0,1,http://dapo.dikdasmen.kemdikbud.go.id/sekolah/25599491A131562422AE
Prov. Aceh,Kab. Aceh Singkil,Kec. Pulau Banyak,SDN 2 TELUK NIBUNG,69978348,SD,Negeri,-,0,0,0,0,0,2,0,0,http://dapo.dikdasmen.kemdikbud.go.id/sekolah/3E04031C0717FD31B0FB
Prov. Aceh,Kab. Aceh Singkil,Kec. Pulau Banyak,SMP Negeri 1 PULAU BANYAK,10104063,SMP,Negeri,-,0,0,0,5,0,9,2,1,http://dapo.dikdasmen.kemdikbud.go.id/sekolah/F5C9BEE57C9AD3B3D22E
Prov. Aceh,Kab. Aceh Singkil,Kec. Pulau Banyak,SMPN Satap 3 Teluk Nibung,10112511,SMP,Negeri,-,0,0,0,0,0,7,1,1,http://dapo.dikdasmen.kemdikbud.go.id/sekolah/9920BA54F7D5136F29C9
Prov. Aceh,Kab. Aceh Singkil,Kec. Pulau Banyak,SMAN 1 PULAU BANYAK,10104042,SMA,Negeri,-,0,0,0,0,0,9,1,1,http://dapo.dikdasmen.kemdikbud.go.id/sekolah/7EDA777A372727547E73
