provinsi,kab_kota,kecamatan,nama_sekolah,npsn,bp,status,last_sync,jml_sync,pd,rombel,guru,pegawai,ruang_kelas,ruang_lab,ruang_perpus,url_sekolah
Prov. Aceh,Kab. Aceh Singkil,Kec. Singkil,SD N 1 PEMUKA,10107677,SD,Negeri,-,0,0,0,0,0,7,0,1,http://dapo.dikdasmen.kemdikbud.go.id/sekolah/1EC6E959B22DC211B6A8
Prov. Aceh,Kab. Aceh Singkil,Kec. Singkil,SD N 1 SINGKIL,10107683,SD,Negeri,-,0,0,0,0,0,9,0,1,http://dapo.dikdasmen.kemdikbud.go.id/sekolah/1F601106E138E73DDE63
Prov. Aceh,Kab. Aceh Singkil,Kec. Singkil,SD N 2 PEMUKA,10107689,SD,Negeri,23 Aug 2019 09:40:41,2,87,6,10,2,6,0,1,http://dapo.dikdasmen.kemdikbud.go.id/sekolah/73885FD4D639B8353D7A
Prov. Aceh,Kab. Aceh Singkil,Kec. Singkil,SD N 2 SINGKIL,10107693,SD,Negeri,-,0,0,0,0,0,6,0,1,http://dapo.dikdasmen.kemdikbud.go.id/sekolah/6F7589306A4286B4C0EB
Prov. Aceh,Kab. Aceh Singkil,Kec. Singkil,SD N 3 SINGKIL,10104182,SD,Negeri,-,0,0,0,0,0,11,0,1,http://dapo.dikdasmen.kemdikbud.go.id/sekolah/6F2837F5452368AA9A70
Prov. Aceh,Kab. Aceh Singkil,Kec. Singkil,SD N 4 SINGKIL,10107696,SD,Negeri,-,0,0,0,0,0,7,0,1,http://dapo.dikdasmen.kemdikbud.go.id/sekolah/571E102D11A1284B96F2
Prov. Aceh,Kab. Aceh Singkil,Kec. Singkil,SD N KILANGAN,10107707,SD,Negeri,-,0,0,0,0,0,7,0,1,http://dapo.dikdasmen.kemdikbud.go.id/sekolah/CEF0B7436440E93F147D
Prov. Aceh,Kab. Aceh Singkil,Kec. Singkil,SD N KUTA SIMBOLING,10107710,SD,Negeri,-,0,0,0,0,0,6,0,1,http://dapo.dikdasmen.kemdikbud.go.id/sekolah/B03E10680AE3B225CB5A
Prov. Aceh,Kab. Aceh Singkil,Kec. Singkil,SD N RANTAU GEDANG,10107720,SD,Negeri,-,0,0,0,0,0,7,0,1,http://dapo.dikdasmen.kemdikbud.go.id/sekolah/71F6F457048C8A169061
Prov. Aceh,Kab. Aceh Singkil,Kec. Singkil,SD N SUKA MAKMUR,10107730,SD,Negeri,-,0,0,0,0,0,6,0,1,http://dapo.dikdasmen.kemdikbud.go.id/sekolah/E409271CF62338D98E17
Prov. Aceh,Kab. Aceh Singkil,Kec. Singkil,SD N TAKAL PASIR,10107733,SD,Negeri,-,0,0,0,0,0,6,0,1,http://dapo.dikdasmen.kemdikbud.go.id/sekolah/40BE78EBDE5BD229D2F6
Prov. Aceh,Kab. Aceh Singkil,Kec. Singkil,SD N TELUK RUMBIA,10108167,SD,Negeri,-,0,0,0,0,0,9,0,1,http://dapo.dikdasmen.kemdikbud.go.id/sekolah/1D20C80E8C60A97BC237
Prov. Aceh,Kab. Aceh Singkil,Kec. Singkil,SD N UJUNG BAWANG,10107743,SD,Negeri,-,0,0,0,0,0,6,0,1,http://dapo.dikdasmen.kemdikbud.go.id/sekolah/79193EAD9F413AEDEEB1
Prov. Aceh,Kab. Aceh Singkil,Kec. Singkil,SDN SELOK ACEH,10107721,SD,Negeri,-,0,0,0,0,0,6,0,2,http://dapo.dikdasmen.kemdikbud.go.id/sekolah/3DDB71D81DE06C58DFCA
Prov. Aceh,Kab. Aceh Singkil,Kec. Singkil,SDN Siti Ambia,10111443,SD,Negeri,-,0,0,0,0,0,6,0,1,http://dapo.dikdasmen.kemdikbud.go.id/sekolah/51E9FDE0A900349083B6
Prov. Aceh,Kab. Aceh Singkil,Kec. Singkil,SDN TELUK AMBUN,10108165,SD,Negeri,-,0,0,0,0,0,6,0,1,http://dapo.dikdasmen.kemdikbud.go.id/sekolah/EC356F58B897F127C406
Prov. Aceh,Kab. Aceh Singkil,Kec. Singkil,SMP N 2 PULO SAROK SINGKIL,10104077,SMP,Negeri,-,0,0,0,0,0,5,1,1,http://dapo.dikdasmen.kemdikbud.go.id/sekolah/41A7AB8A8A11A7781A60
Prov. Aceh,Kab. Aceh Singkil,Kec. Singkil,SMP NEGERI 1 SINGKIL,10104083,SMP,Negeri,-,0,0,0,0,0,13,2,1,http://dapo.dikdasmen.kemdikbud.go.id/sekolah/9827AFCABC373E19B58A
Prov. Aceh,Kab. Aceh Singkil,Kec. Singkil,SMP NEGERI 3 SINGKIL,10108193,SMP,Negeri,-,0,0,0,2,0,4,1,1,http://dapo.dikdasmen.kemdikbud.go.id/sekolah/2DA28CE5A2753C684573
Prov. Aceh,Kab. Aceh Singkil,Kec. Singkil,SMPN 4 SINGKIL,69786353,SMP,Negeri,-,0,0,0,0,0,3,0,1,http://dapo.dikdasmen.kemdikbud.go.id/sekolah/B9FF6A88FDCC1005CA27
Prov. Aceh,Kab. Aceh Singkil,Kec. Singkil,SMPS Islam Terpadu Darul Hasanah SIngkil,69903672,SMP,Swasta,-,0,0,0,0,0,3,0,0,http://dapo.dikdasmen.kemdikbud.go.id/sekolah/1D30729FD95BFC51E70C
Prov. Aceh,Kab. Aceh Singkil,Kec. Singkil,SMPS MUHAMMADIYAH,69786352,SMP,Swasta,-,0,0,0,0,0,6,0,0,http://dapo.dikdasmen.kemdikbud.go.id/sekolah/EEA92A7F99BDA93379FA
Prov. Aceh,Kab. Aceh Singkil,Kec. Singkil,SMAN 1 SINGKIL,10104039,SMA,Negeri,-,0,0,0,0,0,18,5,1,http://dapo.dikdasmen.kemdikbud.go.id/sekolah/C7CBFADCD01CCC54C772
Prov. Aceh,Kab. Aceh Singkil,Kec. Singkil,SMK Swasta Muhammadiyah Singkil,69947031,SMK,Swasta,-,0,0,0,0,0,6,2,0,http://dapo.dikdasmen.kemdikbud.go.id/sekolah/6A351406A27DCC5D3683
Prov. Aceh,Kab. Aceh Singkil,Kec. Singkil,SLB Negeri Al-Fansury,69968408,SLB,Negeri,-,0,0,0,0,0,6,0,1,http://dapo.dikdasmen.kemdikbud.go.id/sekolah/2C6ACB98289A39241512
