provinsi,kab_kota,kecamatan,nama_sekolah,npsn,bp,status,last_sync,jml_sync,pd,rombel,guru,pegawai,ruang_kelas,ruang_lab,ruang_perpus,url_sekolah
Prov. Sulawesi Tengah,Kab. Banggai,Kec. Luwuk Selatan,SD INPRES 9 LUWUK,40201597,SD,Negeri,-,0,0,0,0,0,7,0,1,http://dapo.dikdasmen.kemdikbud.go.id/sekolah/4C3A37E7F496DA6AEB4B
Prov. Sulawesi Tengah,Kab. Banggai,Kec. Luwuk Selatan,SD INPRES KM 8,40201940,SD,Negeri,-,0,0,0,0,0,14,0,1,http://dapo.dikdasmen.kemdikbud.go.id/sekolah/E9E82518FC9B628F2D3A
Prov. Sulawesi Tengah,Kab. Banggai,Kec. Luwuk Selatan,SD INPRES SIMPONG,40201840,SD,Negeri,-,0,0,0,0,0,14,1,1,http://dapo.dikdasmen.kemdikbud.go.id/sekolah/BCA4D1A1F3D1969B4FE4
Prov. Sulawesi Tengah,Kab. Banggai,Kec. Luwuk Selatan,SD NEGERI HANGA HANGA,40201512,SD,Negeri,-,0,0,0,0,0,16,0,1,http://dapo.dikdasmen.kemdikbud.go.id/sekolah/C81F35B447D83D4F48BE
Prov. Sulawesi Tengah,Kab. Banggai,Kec. Luwuk Selatan,SD NEGERI MAAHAS,69787556,SD,Negeri,-,0,0,0,0,0,18,0,1,http://dapo.dikdasmen.kemdikbud.go.id/sekolah/619B0FCFFE3D49626657
Prov. Sulawesi Tengah,Kab. Banggai,Kec. Luwuk Selatan,SD NEGERI ONU BUBUNG,40201533,SD,Negeri,-,0,0,0,0,0,6,0,1,http://dapo.dikdasmen.kemdikbud.go.id/sekolah/D81B3B5E58AB30A947BE
Prov. Sulawesi Tengah,Kab. Banggai,Kec. Luwuk Selatan,SDIT AR-RAYYAN LUWUK,40209803,SD,Swasta,-,0,0,0,0,0,6,0,0,http://dapo.dikdasmen.kemdikbud.go.id/sekolah/E1E7D228628FDCD1D604
Prov. Sulawesi Tengah,Kab. Banggai,Kec. Luwuk Selatan,SMKS KESEHATAN CITRA MEDIKA LUWUK,69765074,SMK,Swasta,-,0,0,0,0,0,3,5,1,http://dapo.dikdasmen.kemdikbud.go.id/sekolah/510871D99731E46982D0
Prov. Sulawesi Tengah,Kab. Banggai,Kec. Luwuk Selatan,SMKS SPP KOSGORO LUWUK,40206533,SMK,Swasta,-,0,0,0,0,0,5,1,1,http://dapo.dikdasmen.kemdikbud.go.id/sekolah/19B5932F716F37E7E4AA
