provinsi,kab_kota,kecamatan,nama_sekolah,npsn,bp,status,last_sync,jml_sync,pd,rombel,guru,pegawai,ruang_kelas,ruang_lab,ruang_perpus,url_sekolah
Prov. Sulawesi Tengah,Kab. Banggai,Kec. Balantak Utara,SD INPRES BATUSIMPANG,40221911,SD,Negeri,-,0,0,0,0,0,6,0,1,http://dapo.dikdasmen.kemdikbud.go.id/sekolah/CF41DC3C1A07A281CD3B
Prov. Sulawesi Tengah,Kab. Banggai,Kec. Balantak Utara,SD INPRES PANGKALASEANG,40201854,SD,Negeri,-,0,0,0,0,0,6,0,1,http://dapo.dikdasmen.kemdikbud.go.id/sekolah/94588015D64BD1517306
Prov. Sulawesi Tengah,Kab. Banggai,Kec. Balantak Utara,SD NEGERI KAMPANGAR,40203965,SD,Negeri,-,0,0,0,0,0,7,0,1,http://dapo.dikdasmen.kemdikbud.go.id/sekolah/6BDA4B2C1BB5213ED620
Prov. Sulawesi Tengah,Kab. Banggai,Kec. Balantak Utara,SD NEGERI ONDOLIANG,40201532,SD,Negeri,-,0,0,0,0,0,6,0,0,http://dapo.dikdasmen.kemdikbud.go.id/sekolah/BEFCC6A0DA9D6F0D5033
Prov. Sulawesi Tengah,Kab. Banggai,Kec. Balantak Utara,SD NEGERI TEKU,40201698,SD,Negeri,-,0,0,0,0,0,6,0,1,http://dapo.dikdasmen.kemdikbud.go.id/sekolah/2DD33DFDA5ADA6C72584
Prov. Sulawesi Tengah,Kab. Banggai,Kec. Balantak Utara,SMP NEGERI 5 SATAP BALANTAK,40205726,SMP,Negeri,-,0,0,0,0,0,3,1,0,http://dapo.dikdasmen.kemdikbud.go.id/sekolah/505E58B8F4FAA9F89379
Prov. Sulawesi Tengah,Kab. Banggai,Kec. Balantak Utara,SMKN 1 Balantak Utara,69975574,SMK,Negeri,-,0,0,0,0,0,6,1,1,http://dapo.dikdasmen.kemdikbud.go.id/sekolah/8C37DDBAD4422DD82895
