provinsi,kab_kota,kecamatan,nama_sekolah,npsn,bp,status,last_sync,jml_sync,pd,rombel,guru,pegawai,ruang_kelas,ruang_lab,ruang_perpus,url_sekolah
Prov. Sulawesi Tengah,Kab. Banggai,Kec. Nuhon,SD INPRES 2 TOMEANG,40201769,SD,Negeri,-,0,0,0,0,0,6,0,1,http://dapo.dikdasmen.kemdikbud.go.id/sekolah/83534998B07862BF973D
Prov. Sulawesi Tengah,Kab. Banggai,Kec. Nuhon,SD INPRES BALAANG,40201700,SD,Negeri,-,0,0,0,0,0,6,0,1,http://dapo.dikdasmen.kemdikbud.go.id/sekolah/81AE05687B29183E3E0D
Prov. Sulawesi Tengah,Kab. Banggai,Kec. Nuhon,SD INPRES BANGKETA,40201762,SD,Negeri,-,0,0,0,0,0,6,0,1,http://dapo.dikdasmen.kemdikbud.go.id/sekolah/29313FE38474B68B9974
Prov. Sulawesi Tengah,Kab. Banggai,Kec. Nuhon,SD INPRES BATU HITAM,40204264,SD,Negeri,-,0,0,0,0,0,6,0,0,http://dapo.dikdasmen.kemdikbud.go.id/sekolah/7F72C033F0C466A496EB
Prov. Sulawesi Tengah,Kab. Banggai,Kec. Nuhon,SD INPRES BINOHU,40201912,SD,Negeri,-,0,0,0,0,0,6,1,1,http://dapo.dikdasmen.kemdikbud.go.id/sekolah/1A3B9306F2082E806224
Prov. Sulawesi Tengah,Kab. Banggai,Kec. Nuhon,SD INPRES BOLOBUNGKANG,40203955,SD,Negeri,-,0,0,0,0,0,7,0,1,http://dapo.dikdasmen.kemdikbud.go.id/sekolah/D33956C7FDDB03800451
Prov. Sulawesi Tengah,Kab. Banggai,Kec. Nuhon,SD INPRES DAMAI MAKMUR,40201908,SD,Negeri,-,0,0,0,0,0,6,0,0,http://dapo.dikdasmen.kemdikbud.go.id/sekolah/DC575854F15B645EF2FE
Prov. Sulawesi Tengah,Kab. Banggai,Kec. Nuhon,SD INPRES JAYA MAKMUR,40201904,SD,Negeri,-,0,0,0,0,0,6,0,1,http://dapo.dikdasmen.kemdikbud.go.id/sekolah/16EC5A43188F1B2CFC53
Prov. Sulawesi Tengah,Kab. Banggai,Kec. Nuhon,SD INPRES KABUABUA,40201905,SD,Negeri,-,0,0,0,0,0,5,0,1,http://dapo.dikdasmen.kemdikbud.go.id/sekolah/18F0140F6FB1DC6261A0
Prov. Sulawesi Tengah,Kab. Banggai,Kec. Nuhon,SD INPRES POPOSON,40201687,SD,Negeri,-,0,0,0,0,0,6,0,0,http://dapo.dikdasmen.kemdikbud.go.id/sekolah/87B428F8EA71D0E6B7C2
Prov. Sulawesi Tengah,Kab. Banggai,Kec. Nuhon,SD INPRES PULO DALAGAN,40201690,SD,Negeri,-,0,0,0,0,0,7,0,1,http://dapo.dikdasmen.kemdikbud.go.id/sekolah/69FA022324316BF17AA0
Prov. Sulawesi Tengah,Kab. Banggai,Kec. Nuhon,SD INPRES SAITI,40201861,SD,Negeri,-,0,0,0,0,0,6,0,1,http://dapo.dikdasmen.kemdikbud.go.id/sekolah/66F331258BF7256AED53
Prov. Sulawesi Tengah,Kab. Banggai,Kec. Nuhon,SD INPRES SUMBER AGUNG,40201846,SD,Negeri,-,0,0,0,0,0,6,0,1,http://dapo.dikdasmen.kemdikbud.go.id/sekolah/8508A7C26A95F824BBE4
Prov. Sulawesi Tengah,Kab. Banggai,Kec. Nuhon,SD NEGERI 1 TOMEANG,40201558,SD,Negeri,-,0,0,0,0,0,6,0,1,http://dapo.dikdasmen.kemdikbud.go.id/sekolah/A4E2298222F45D452307
Prov. Sulawesi Tengah,Kab. Banggai,Kec. Nuhon,SD NEGERI BELLA,40201592,SD,Negeri,-,0,0,0,0,0,7,0,1,http://dapo.dikdasmen.kemdikbud.go.id/sekolah/84683708849C769DD7DC
Prov. Sulawesi Tengah,Kab. Banggai,Kec. Nuhon,SD NEGERI MANTAN B,40201552,SD,Negeri,-,0,0,0,0,0,6,0,1,http://dapo.dikdasmen.kemdikbud.go.id/sekolah/A85383A77D8F88E0A447
Prov. Sulawesi Tengah,Kab. Banggai,Kec. Nuhon,SD NEGERI PETAK,40201553,SD,Negeri,-,0,0,0,0,0,6,0,1,http://dapo.dikdasmen.kemdikbud.go.id/sekolah/50B1B5A5C09C9C3D8847
Prov. Sulawesi Tengah,Kab. Banggai,Kec. Nuhon,SD NEGERI TETESULU,40201713,SD,Negeri,-,0,0,0,0,0,6,0,0,http://dapo.dikdasmen.kemdikbud.go.id/sekolah/AF9D53F38BB29EE87115
Prov. Sulawesi Tengah,Kab. Banggai,Kec. Nuhon,SDN OBO BALINGARA,69765048,SD,Negeri,-,0,0,0,0,0,6,0,0,http://dapo.dikdasmen.kemdikbud.go.id/sekolah/5F26C9C4D0838D637C43
Prov. Sulawesi Tengah,Kab. Banggai,Kec. Nuhon,SDN PIBOMBO,69775673,SD,Negeri,-,0,0,0,0,0,7,0,1,http://dapo.dikdasmen.kemdikbud.go.id/sekolah/FDF0683B0DF8EE9B8A19
Prov. Sulawesi Tengah,Kab. Banggai,Kec. Nuhon,SD MUHAMMADIYAH PAKOWA BUNTA,40201873,SD,Swasta,-,0,0,0,0,0,6,0,0,http://dapo.dikdasmen.kemdikbud.go.id/sekolah/D610873A7080D4C01C30
Prov. Sulawesi Tengah,Kab. Banggai,Kec. Nuhon,SMP NEGERI 1 NUHON,40201660,SMP,Negeri,-,0,0,0,0,0,13,1,1,http://dapo.dikdasmen.kemdikbud.go.id/sekolah/F727107CA3C1DDF79A95
Prov. Sulawesi Tengah,Kab. Banggai,Kec. Nuhon,SMP NEGERI 2 NUHON,40206491,SMP,Negeri,-,0,0,0,0,0,9,1,2,http://dapo.dikdasmen.kemdikbud.go.id/sekolah/2E3E77C32C11BECDC36D
Prov. Sulawesi Tengah,Kab. Banggai,Kec. Nuhon,SMP NEGERI 3 NUHON,40204322,SMP,Negeri,-,0,0,0,0,0,3,0,1,http://dapo.dikdasmen.kemdikbud.go.id/sekolah/28AA14F86254812F35B1
Prov. Sulawesi Tengah,Kab. Banggai,Kec. Nuhon,SMP NEGERI 4 SATAP NUHON,40206510,SMP,Negeri,-,0,0,0,0,0,4,0,1,http://dapo.dikdasmen.kemdikbud.go.id/sekolah/66DE5872B7F1F28286B4
Prov. Sulawesi Tengah,Kab. Banggai,Kec. Nuhon,SMP NEGERI 5 NUHON,69961146,SMP,Negeri,-,0,0,0,0,0,6,0,1,http://dapo.dikdasmen.kemdikbud.go.id/sekolah/10482AEB5F6703E5F29D
Prov. Sulawesi Tengah,Kab. Banggai,Kec. Nuhon,SMAN 1 NUHON,40205585,SMA,Negeri,-,0,0,0,0,0,6,1,1,http://dapo.dikdasmen.kemdikbud.go.id/sekolah/F7C55735019B995AE8AB
Prov. Sulawesi Tengah,Kab. Banggai,Kec. Nuhon,SMAN 2 NUHON,69786242,SMA,Negeri,23 Aug 2019 12:43:25,6,132,6,16,2,4,1,1,http://dapo.dikdasmen.kemdikbud.go.id/sekolah/B32AD2C32455A0722904
Prov. Sulawesi Tengah,Kab. Banggai,Kec. Nuhon,SMKS PERTANIAN HAYATUL ISLAM,40206760,SMK,Swasta,-,0,0,0,0,0,5,1,1,http://dapo.dikdasmen.kemdikbud.go.id/sekolah/0DA4C782DC74389E678D
