provinsi,kab_kota,kecamatan,nama_sekolah,npsn,bp,status,last_sync,jml_sync,pd,rombel,guru,pegawai,ruang_kelas,ruang_lab,ruang_perpus,url_sekolah
Prov. Sulawesi Tengah,Kab. Banggai,Kec. Pagimana,SD INPRES 2 JAYA BAKTI,69759852,SD,Negeri,-,0,0,0,0,0,10,0,1,http://dapo.dikdasmen.kemdikbud.go.id/sekolah/372C0C0C6889A4DE6A61
Prov. Sulawesi Tengah,Kab. Banggai,Kec. Pagimana,SD INPRES BALAIGONDI,40201588,SD,Negeri,-,0,0,0,0,0,6,0,0,http://dapo.dikdasmen.kemdikbud.go.id/sekolah/EF77B323CA7277E7908A
Prov. Sulawesi Tengah,Kab. Banggai,Kec. Pagimana,SD INPRES BASABUNGAN,40201590,SD,Negeri,-,0,0,0,0,0,7,1,1,http://dapo.dikdasmen.kemdikbud.go.id/sekolah/45B0CC0C7E3F6909B53D
Prov. Sulawesi Tengah,Kab. Banggai,Kec. Pagimana,SD INPRES BONDAT,40201917,SD,Negeri,-,0,0,0,0,0,6,0,1,http://dapo.dikdasmen.kemdikbud.go.id/sekolah/696E9B3C15C912EC3CF2
Prov. Sulawesi Tengah,Kab. Banggai,Kec. Pagimana,SD INPRES HOHUDONGAN,40201499,SD,Negeri,-,0,0,0,0,0,6,0,1,http://dapo.dikdasmen.kemdikbud.go.id/sekolah/0160D1AD46A92ED0AF59
Prov. Sulawesi Tengah,Kab. Banggai,Kec. Pagimana,SD INPRES LAMO,40204374,SD,Negeri,-,0,0,0,0,0,6,0,0,http://dapo.dikdasmen.kemdikbud.go.id/sekolah/37BB7D1FA09F932225E1
Prov. Sulawesi Tengah,Kab. Banggai,Kec. Pagimana,SD INPRES PAKOWA,40201536,SD,Negeri,-,0,0,0,0,0,6,0,3,http://dapo.dikdasmen.kemdikbud.go.id/sekolah/77902F6AB9B0A9254104
Prov. Sulawesi Tengah,Kab. Banggai,Kec. Pagimana,SD INPRES PEMBINA PAGIMANA,40201538,SD,Negeri,-,0,0,0,0,0,6,0,2,http://dapo.dikdasmen.kemdikbud.go.id/sekolah/0533F9B253F51F07BCB8
Prov. Sulawesi Tengah,Kab. Banggai,Kec. Pagimana,SD INPRES PISOU,40201669,SD,Negeri,-,0,0,0,0,0,6,0,1,http://dapo.dikdasmen.kemdikbud.go.id/sekolah/4FF6146F70F771E4F661
Prov. Sulawesi Tengah,Kab. Banggai,Kec. Pagimana,SD INPRES POH,40201685,SD,Negeri,-,0,0,0,0,0,6,0,1,http://dapo.dikdasmen.kemdikbud.go.id/sekolah/025DFA7B05E7470935B1
Prov. Sulawesi Tengah,Kab. Banggai,Kec. Pagimana,SD INPRES TOMBANG,40201720,SD,Negeri,-,0,0,0,0,0,6,0,0,http://dapo.dikdasmen.kemdikbud.go.id/sekolah/3687BB4A29967C68900B
Prov. Sulawesi Tengah,Kab. Banggai,Kec. Pagimana,SD INPRES TONGKONUNUK,40201722,SD,Negeri,-,0,0,0,0,0,6,0,1,http://dapo.dikdasmen.kemdikbud.go.id/sekolah/88427B0F8BC4BE6CED57
Prov. Sulawesi Tengah,Kab. Banggai,Kec. Pagimana,SD NEGERI 1 JAYA BAKTI,40201572,SD,Negeri,-,0,0,0,0,0,9,0,0,http://dapo.dikdasmen.kemdikbud.go.id/sekolah/AAAD6CADC26FDB3A9790
Prov. Sulawesi Tengah,Kab. Banggai,Kec. Pagimana,SD NEGERI 1 PAGIMANA,40201579,SD,Negeri,-,0,0,0,0,0,6,0,1,http://dapo.dikdasmen.kemdikbud.go.id/sekolah/0C51A915E91623D3157A
Prov. Sulawesi Tengah,Kab. Banggai,Kec. Pagimana,SD NEGERI 2 PAGIMANA,40201583,SD,Negeri,-,0,0,0,0,0,9,0,2,http://dapo.dikdasmen.kemdikbud.go.id/sekolah/833F02C9D176D65969DA
Prov. Sulawesi Tengah,Kab. Banggai,Kec. Pagimana,SD NEGERI ASAAN,40201586,SD,Negeri,-,0,0,0,0,0,18,0,1,http://dapo.dikdasmen.kemdikbud.go.id/sekolah/E2A273EDF83CD67D2858
Prov. Sulawesi Tengah,Kab. Banggai,Kec. Pagimana,SD NEGERI BAJO POAT,40201587,SD,Negeri,-,0,0,0,0,0,6,0,0,http://dapo.dikdasmen.kemdikbud.go.id/sekolah/139471AB9D1F504FFF29
Prov. Sulawesi Tengah,Kab. Banggai,Kec. Pagimana,SD NEGERI BULU,40201515,SD,Negeri,-,0,0,0,0,0,6,0,1,http://dapo.dikdasmen.kemdikbud.go.id/sekolah/64F95396E38723875310
Prov. Sulawesi Tengah,Kab. Banggai,Kec. Pagimana,SD NEGERI BUNGAWON,40201517,SD,Negeri,-,0,0,0,0,0,6,0,0,http://dapo.dikdasmen.kemdikbud.go.id/sekolah/7A288AC246DBDF8449D8
Prov. Sulawesi Tengah,Kab. Banggai,Kec. Pagimana,SD NEGERI DONGKALAN,69988147,SD,Negeri,-,0,0,0,0,0,0,0,0,http://dapo.dikdasmen.kemdikbud.go.id/sekolah/2A9BC28E1DE957359319
Prov. Sulawesi Tengah,Kab. Banggai,Kec. Pagimana,SD NEGERI HUHAK,40201500,SD,Negeri,-,0,0,0,0,0,6,0,0,http://dapo.dikdasmen.kemdikbud.go.id/sekolah/CA229FA7780A8D3CACC6
Prov. Sulawesi Tengah,Kab. Banggai,Kec. Pagimana,SD NEGERI KARYA BAKTI,40201505,SD,Negeri,-,0,0,0,0,0,6,0,0,http://dapo.dikdasmen.kemdikbud.go.id/sekolah/BADF61A010D4F3D652C2
Prov. Sulawesi Tengah,Kab. Banggai,Kec. Pagimana,SD NEGERI LAMBANGAN,40204263,SD,Negeri,-,0,0,0,0,0,6,0,1,http://dapo.dikdasmen.kemdikbud.go.id/sekolah/4D314ABCD7D3864B6ECC
Prov. Sulawesi Tengah,Kab. Banggai,Kec. Pagimana,SD NEGERI NAIN,40201529,SD,Negeri,-,0,0,0,0,0,4,1,3,http://dapo.dikdasmen.kemdikbud.go.id/sekolah/F737FB65304B73D175F7
Prov. Sulawesi Tengah,Kab. Banggai,Kec. Pagimana,SD NEGERI PULAU TEMBANG,40201689,SD,Negeri,-,0,0,0,0,0,6,0,1,http://dapo.dikdasmen.kemdikbud.go.id/sekolah/8E2D413A4597E9FBF3C3
Prov. Sulawesi Tengah,Kab. Banggai,Kec. Pagimana,SD NEGERI SEPA,40201683,SD,Negeri,-,0,0,0,0,0,6,0,1,http://dapo.dikdasmen.kemdikbud.go.id/sekolah/74E7905276F77C40DDB0
Prov. Sulawesi Tengah,Kab. Banggai,Kec. Pagimana,SD NEGERI SINAMPANGNYO,40201672,SD,Negeri,-,0,0,0,0,0,6,0,1,http://dapo.dikdasmen.kemdikbud.go.id/sekolah/28E334AABFD7223B7B88
Prov. Sulawesi Tengah,Kab. Banggai,Kec. Pagimana,SD NEGERI SIUNA,40203964,SD,Negeri,-,0,0,0,0,0,6,0,1,http://dapo.dikdasmen.kemdikbud.go.id/sekolah/30A9419A079ED33AB705
Prov. Sulawesi Tengah,Kab. Banggai,Kec. Pagimana,SD NEGERI TALOYON,40201680,SD,Negeri,-,0,0,0,0,0,6,0,1,http://dapo.dikdasmen.kemdikbud.go.id/sekolah/C0DE276806480B9D83C3
Prov. Sulawesi Tengah,Kab. Banggai,Kec. Pagimana,SD NEGERI TAMPE,40201681,SD,Negeri,-,0,0,0,0,0,6,0,0,http://dapo.dikdasmen.kemdikbud.go.id/sekolah/5EE480F34769FEFB098A
Prov. Sulawesi Tengah,Kab. Banggai,Kec. Pagimana,SD NEGERI TANJUNG JEPARA,40201696,SD,Negeri,-,0,0,0,0,0,6,0,1,http://dapo.dikdasmen.kemdikbud.go.id/sekolah/187616553A8E007E20B5
Prov. Sulawesi Tengah,Kab. Banggai,Kec. Pagimana,SD NEGERI TINTINGAN,40201715,SD,Negeri,-,0,0,0,0,0,8,0,1,http://dapo.dikdasmen.kemdikbud.go.id/sekolah/50F61033E4B59B03640F
Prov. Sulawesi Tengah,Kab. Banggai,Kec. Pagimana,SD NEGERI TOIPAN,40201719,SD,Negeri,-,0,0,0,0,0,6,0,0,http://dapo.dikdasmen.kemdikbud.go.id/sekolah/E387C452F15CC20D4667
Prov. Sulawesi Tengah,Kab. Banggai,Kec. Pagimana,SD NEGERI UWEDAKA,40201701,SD,Negeri,-,0,0,0,0,0,6,0,0,http://dapo.dikdasmen.kemdikbud.go.id/sekolah/9AB9DAEE6387868D8509
Prov. Sulawesi Tengah,Kab. Banggai,Kec. Pagimana,SMP NEGERI 1 PAGIMANA,40204304,SMP,Negeri,-,0,0,0,0,0,15,2,1,http://dapo.dikdasmen.kemdikbud.go.id/sekolah/036F9491C9138BB696DF
Prov. Sulawesi Tengah,Kab. Banggai,Kec. Pagimana,SMP NEGERI 3 PAGIMANA,40203983,SMP,Negeri,-,0,0,0,0,0,6,1,1,http://dapo.dikdasmen.kemdikbud.go.id/sekolah/302D7D5CBE61F986B315
Prov. Sulawesi Tengah,Kab. Banggai,Kec. Pagimana,SMP NEGERI 4 PAGIMANA,40206498,SMP,Negeri,-,0,0,0,0,0,3,0,0,http://dapo.dikdasmen.kemdikbud.go.id/sekolah/FBCA1EB0BCAA50E605A6
Prov. Sulawesi Tengah,Kab. Banggai,Kec. Pagimana,SMP NEGERI 5 SATU ATAP PAGIMANA,40204319,SMP,Negeri,-,0,0,0,0,0,6,1,1,http://dapo.dikdasmen.kemdikbud.go.id/sekolah/C646741AF80C6F392F7F
Prov. Sulawesi Tengah,Kab. Banggai,Kec. Pagimana,SMP NEGERI 7 SATAP PAGIMANA,40206221,SMP,Negeri,-,0,0,0,0,0,3,0,1,http://dapo.dikdasmen.kemdikbud.go.id/sekolah/CA9F16E5372F31628430
Prov. Sulawesi Tengah,Kab. Banggai,Kec. Pagimana,SMP NEGERI 8 SATAP PAGIMANA,40206282,SMP,Negeri,-,0,0,0,0,0,3,1,0,http://dapo.dikdasmen.kemdikbud.go.id/sekolah/74E51B766E4E476E2804
Prov. Sulawesi Tengah,Kab. Banggai,Kec. Pagimana,SMP NEGERI 9 PAGIMANA,40206560,SMP,Negeri,-,0,0,0,0,0,5,2,2,http://dapo.dikdasmen.kemdikbud.go.id/sekolah/F804336F5A2D9DD778D0
Prov. Sulawesi Tengah,Kab. Banggai,Kec. Pagimana,SMP ISLAM PAGIMANA,40201615,SMP,Swasta,-,0,0,0,0,0,11,3,1,http://dapo.dikdasmen.kemdikbud.go.id/sekolah/E3778FC236038D52347F
Prov. Sulawesi Tengah,Kab. Banggai,Kec. Pagimana,SMA NEGERI 3 PAGIMANA,69876150,SMA,Negeri,-,0,0,0,0,0,3,0,0,http://dapo.dikdasmen.kemdikbud.go.id/sekolah/892397A505DFED77AA3F
Prov. Sulawesi Tengah,Kab. Banggai,Kec. Pagimana,SMAN 1 PAGIMANA,40201627,SMA,Negeri,-,0,0,0,0,0,20,3,1,http://dapo.dikdasmen.kemdikbud.go.id/sekolah/FDD2E98CC900D40F51D8
Prov. Sulawesi Tengah,Kab. Banggai,Kec. Pagimana,SMAN 2 PAGIMANA,40204321,SMA,Negeri,-,0,0,0,1,0,8,2,1,http://dapo.dikdasmen.kemdikbud.go.id/sekolah/DF4108D2120C25445564
