provinsi,kab_kota,kecamatan,nama_sekolah,npsn,bp,status,last_sync,jml_sync,pd,rombel,guru,pegawai,ruang_kelas,ruang_lab,ruang_perpus,url_sekolah
Prov. Sulawesi Tengah,Kab. Banggai,Kec. Toili,SD INPRES 1 RUSAKENCANA,40201741,SD,Negeri,-,0,0,0,0,0,6,0,1,http://dapo.dikdasmen.kemdikbud.go.id/sekolah/598D55D469B769D156F1
Prov. Sulawesi Tengah,Kab. Banggai,Kec. Toili,SD INPRES 1 TIRTAKENCANA,40201746,SD,Negeri,-,0,0,0,0,0,10,0,1,http://dapo.dikdasmen.kemdikbud.go.id/sekolah/CF8628E9726B9D03AAF5
Prov. Sulawesi Tengah,Kab. Banggai,Kec. Toili,SD INPRES 2 CENDANAPURA,40203956,SD,Negeri,-,0,0,0,0,0,6,0,1,http://dapo.dikdasmen.kemdikbud.go.id/sekolah/4D992AF00B971A774F1F
Prov. Sulawesi Tengah,Kab. Banggai,Kec. Toili,SD INPRES 2 RUSAKENCANA,40201733,SD,Negeri,-,0,0,0,0,0,6,0,1,http://dapo.dikdasmen.kemdikbud.go.id/sekolah/F9ECBC49D19443A085B3
Prov. Sulawesi Tengah,Kab. Banggai,Kec. Toili,SD INPRES 2 TIRTA KENCANA,40201752,SD,Negeri,-,0,0,0,0,0,9,0,1,http://dapo.dikdasmen.kemdikbud.go.id/sekolah/3A6A76A4D66974E1FB99
Prov. Sulawesi Tengah,Kab. Banggai,Kec. Toili,SD INPRES 2 TOILI,40201753,SD,Negeri,-,0,0,0,0,0,6,0,1,http://dapo.dikdasmen.kemdikbud.go.id/sekolah/C0AE0712FBB6B19A4D60
Prov. Sulawesi Tengah,Kab. Banggai,Kec. Toili,SD INPRES 2 TOLISU,40201768,SD,Negeri,-,0,0,0,0,0,6,0,1,http://dapo.dikdasmen.kemdikbud.go.id/sekolah/5592A3A5CC69810A82F8
Prov. Sulawesi Tengah,Kab. Banggai,Kec. Toili,SD INPRES 3 TOILI,40201776,SD,Negeri,-,0,0,0,0,0,6,0,1,http://dapo.dikdasmen.kemdikbud.go.id/sekolah/C29E5CED67388120467E
Prov. Sulawesi Tengah,Kab. Banggai,Kec. Toili,SD INPRES 3 TOLISU,40201778,SD,Negeri,-,0,0,0,0,0,7,0,1,http://dapo.dikdasmen.kemdikbud.go.id/sekolah/F24553828FF9886EA629
Prov. Sulawesi Tengah,Kab. Banggai,Kec. Toili,SD INPRES 4 TOLISU,40201765,SD,Negeri,-,0,0,0,0,0,6,0,1,http://dapo.dikdasmen.kemdikbud.go.id/sekolah/AB1E9386F0EEB89A6A46
Prov. Sulawesi Tengah,Kab. Banggai,Kec. Toili,SD INPRES AGRO ESTATE,40201756,SD,Negeri,-,0,0,0,0,0,6,0,1,http://dapo.dikdasmen.kemdikbud.go.id/sekolah/52C61B6D35E67EE3484F
Prov. Sulawesi Tengah,Kab. Banggai,Kec. Toili,SD INPRES ARGAKENCANA 3,40204323,SD,Negeri,-,0,0,0,0,0,6,0,1,http://dapo.dikdasmen.kemdikbud.go.id/sekolah/0843A0487E4CCDC42501
Prov. Sulawesi Tengah,Kab. Banggai,Kec. Toili,SD INPRES SENTRAL SARI,40201850,SD,Negeri,-,0,0,0,0,0,8,0,3,http://dapo.dikdasmen.kemdikbud.go.id/sekolah/26EBF0403014C24A6A0D
Prov. Sulawesi Tengah,Kab. Banggai,Kec. Toili,SD INPRES SUKAJAYA,40201844,SD,Negeri,-,0,0,0,0,0,6,0,1,http://dapo.dikdasmen.kemdikbud.go.id/sekolah/FD4911CBD68B2ECFCA51
Prov. Sulawesi Tengah,Kab. Banggai,Kec. Toili,SD INPRES TIRTASARI,40201849,SD,Negeri,-,0,0,0,0,0,7,0,1,http://dapo.dikdasmen.kemdikbud.go.id/sekolah/700D542B8AA1AF79F076
Prov. Sulawesi Tengah,Kab. Banggai,Kec. Toili,SD INPRES TOHITISARI,40201864,SD,Negeri,-,0,0,0,0,0,6,0,1,http://dapo.dikdasmen.kemdikbud.go.id/sekolah/FAFFB13BA0FFE86ED048
Prov. Sulawesi Tengah,Kab. Banggai,Kec. Toili,SD NEGERI 1 TOLISU,40201557,SD,Negeri,-,0,0,0,0,0,10,0,1,http://dapo.dikdasmen.kemdikbud.go.id/sekolah/BD68FE64F0B64402D903
Prov. Sulawesi Tengah,Kab. Banggai,Kec. Toili,SD NEGERI 5 TOILI,40201605,SD,Negeri,-,0,0,0,0,0,8,0,1,http://dapo.dikdasmen.kemdikbud.go.id/sekolah/93C532AFB2004BA8C271
Prov. Sulawesi Tengah,Kab. Banggai,Kec. Toili,SD NEGERI 6 TOILI,40201608,SD,Negeri,-,0,0,0,0,0,13,1,1,http://dapo.dikdasmen.kemdikbud.go.id/sekolah/49ED89C13792144BC213
Prov. Sulawesi Tengah,Kab. Banggai,Kec. Toili,SD NEGERI 7 TOILI,40201610,SD,Negeri,-,0,0,0,0,0,7,0,0,http://dapo.dikdasmen.kemdikbud.go.id/sekolah/97131BC238EB4F044054
Prov. Sulawesi Tengah,Kab. Banggai,Kec. Toili,SD NEGERI MANSAHANG,40201551,SD,Negeri,-,0,0,0,0,0,6,0,1,http://dapo.dikdasmen.kemdikbud.go.id/sekolah/A461A134D255FFCC8E38
Prov. Sulawesi Tengah,Kab. Banggai,Kec. Toili,SD NEGERI RUSAKENCANA,40201692,SD,Negeri,-,0,0,0,0,0,9,0,1,http://dapo.dikdasmen.kemdikbud.go.id/sekolah/0262A566923A1001F168
Prov. Sulawesi Tengah,Kab. Banggai,Kec. Toili,SD NEGERI SINGKOYO,40201673,SD,Negeri,-,0,0,0,0,0,6,0,1,http://dapo.dikdasmen.kemdikbud.go.id/sekolah/872095B77E4114188DEF
Prov. Sulawesi Tengah,Kab. Banggai,Kec. Toili,SD NEGERI TIRTASARI,40201717,SD,Negeri,-,0,0,0,0,0,12,0,1,http://dapo.dikdasmen.kemdikbud.go.id/sekolah/B5B82910241ADC9BF58E
Prov. Sulawesi Tengah,Kab. Banggai,Kec. Toili,SD NEGERI UWEMEA,40201702,SD,Negeri,-,0,0,0,0,0,6,0,0,http://dapo.dikdasmen.kemdikbud.go.id/sekolah/E2A86D2D529CEE5C5E0A
Prov. Sulawesi Tengah,Kab. Banggai,Kec. Toili,SD IT INSAN UTAMA TOILI,69986338,SD,Swasta,-,0,0,0,0,0,0,0,0,http://dapo.dikdasmen.kemdikbud.go.id/sekolah/C806523F41AD1825F5DF
Prov. Sulawesi Tengah,Kab. Banggai,Kec. Toili,SD KATOLIK SANTO PAULUS TOILI,40201868,SD,Swasta,-,0,0,0,0,0,6,0,1,http://dapo.dikdasmen.kemdikbud.go.id/sekolah/5E207CAFEE5E3BB17D16
Prov. Sulawesi Tengah,Kab. Banggai,Kec. Toili,SMP NEGERI 1 TOILI,40201662,SMP,Negeri,-,0,0,0,0,0,21,3,1,http://dapo.dikdasmen.kemdikbud.go.id/sekolah/BA8BFBA5EEE0A0093769
Prov. Sulawesi Tengah,Kab. Banggai,Kec. Toili,SMP NEGERI 10 TOILI,69899781,SMP,Negeri,-,0,0,0,0,0,6,0,1,http://dapo.dikdasmen.kemdikbud.go.id/sekolah/5CABF4AE560E541415ED
Prov. Sulawesi Tengah,Kab. Banggai,Kec. Toili,SMP NEGERI 3 TOILI,40201647,SMP,Negeri,-,0,0,0,0,0,12,2,1,http://dapo.dikdasmen.kemdikbud.go.id/sekolah/3337FB429B83BF32025E
Prov. Sulawesi Tengah,Kab. Banggai,Kec. Toili,SMP NEGERI 5 SATAP TOILI,40206489,SMP,Negeri,-,0,0,0,0,0,2,0,1,http://dapo.dikdasmen.kemdikbud.go.id/sekolah/A8AA2D2B960F62894378
Prov. Sulawesi Tengah,Kab. Banggai,Kec. Toili,SMP NEGERI 6 SATAP TOILI,40206612,SMP,Negeri,-,0,0,0,0,0,3,0,0,http://dapo.dikdasmen.kemdikbud.go.id/sekolah/D231E29BB5F1C7DC0A60
Prov. Sulawesi Tengah,Kab. Banggai,Kec. Toili,SMP NEGERI 7 SATAP TOILI,40206637,SMP,Negeri,-,0,0,0,0,0,2,0,1,http://dapo.dikdasmen.kemdikbud.go.id/sekolah/BCCF872A7074F0A6C2E5
Prov. Sulawesi Tengah,Kab. Banggai,Kec. Toili,SMP NEGERI 8 TOILI,69764520,SMP,Negeri,-,0,0,0,0,0,8,3,2,http://dapo.dikdasmen.kemdikbud.go.id/sekolah/7A483E507EDED7FE6AF7
Prov. Sulawesi Tengah,Kab. Banggai,Kec. Toili,SMP NEGERI 9 TOILI,69787561,SMP,Negeri,23 Aug 2019 17:05:45,1,54,3,8,4,3,0,1,http://dapo.dikdasmen.kemdikbud.go.id/sekolah/D1B86DCE04FB47524CD0
Prov. Sulawesi Tengah,Kab. Banggai,Kec. Toili,SMP BUDIMULIA,40201625,SMP,Swasta,-,0,0,0,0,0,3,1,0,http://dapo.dikdasmen.kemdikbud.go.id/sekolah/C23AFF863BEE21387591
Prov. Sulawesi Tengah,Kab. Banggai,Kec. Toili,SMP ISLAM INTEGRAL HIDAYATULLAH,69787560,SMP,Swasta,-,0,0,0,0,0,3,0,1,http://dapo.dikdasmen.kemdikbud.go.id/sekolah/3905D02B2D7D46C65119
Prov. Sulawesi Tengah,Kab. Banggai,Kec. Toili,SMP ISLAM TERPADU ASSOHWAH,40206752,SMP,Swasta,-,0,0,0,0,0,3,0,0,http://dapo.dikdasmen.kemdikbud.go.id/sekolah/D4CDE8BE0EA083D9AB43
Prov. Sulawesi Tengah,Kab. Banggai,Kec. Toili,SMP ISLAM TIRTAKENCANA,40203984,SMP,Swasta,-,0,0,0,0,0,9,0,1,http://dapo.dikdasmen.kemdikbud.go.id/sekolah/261E1B42C9329CA824B3
Prov. Sulawesi Tengah,Kab. Banggai,Kec. Toili,SMPI DARUL QUR AN,69980506,SMP,Swasta,-,0,0,0,0,0,0,0,0,http://dapo.dikdasmen.kemdikbud.go.id/sekolah/8A0166DA271F05BFF463
Prov. Sulawesi Tengah,Kab. Banggai,Kec. Toili,SMA Negeri Tolisu,69978144,SMA,Negeri,-,0,0,0,0,0,3,1,1,http://dapo.dikdasmen.kemdikbud.go.id/sekolah/2C84D4895A74BD6577AB
Prov. Sulawesi Tengah,Kab. Banggai,Kec. Toili,SMAN 1 TOILI,40201628,SMA,Negeri,-,0,0,0,0,0,29,4,1,http://dapo.dikdasmen.kemdikbud.go.id/sekolah/D84E709421BF47A3A69D
Prov. Sulawesi Tengah,Kab. Banggai,Kec. Toili,SMAN 2 TOILI,69963181,SMA,Negeri,-,0,0,0,0,0,5,2,1,http://dapo.dikdasmen.kemdikbud.go.id/sekolah/60F9FD0723DF611431D4
Prov. Sulawesi Tengah,Kab. Banggai,Kec. Toili,SMAS IT ASSOHWAH TOILI,69775582,SMA,Swasta,-,0,0,0,0,0,6,0,0,http://dapo.dikdasmen.kemdikbud.go.id/sekolah/C6A36521DF3AA6F1161B
Prov. Sulawesi Tengah,Kab. Banggai,Kec. Toili,SMKN 1 TOILI,40203989,SMK,Negeri,-,0,0,0,0,0,20,0,1,http://dapo.dikdasmen.kemdikbud.go.id/sekolah/821459AB5B960ABD817C
Prov. Sulawesi Tengah,Kab. Banggai,Kec. Toili,SMKS DARUSSALAM TOILI,40206767,SMK,Swasta,-,0,0,0,0,0,13,0,0,http://dapo.dikdasmen.kemdikbud.go.id/sekolah/2D0C6C1C6F195D281F40
Prov. Sulawesi Tengah,Kab. Banggai,Kec. Toili,SMKS PERTANIAN DARULULUM TOILI,40201626,SMK,Swasta,-,0,0,0,0,0,3,0,0,http://dapo.dikdasmen.kemdikbud.go.id/sekolah/9DA28EA8DB8DD6BDAECD
Prov. Sulawesi Tengah,Kab. Banggai,Kec. Toili,SLB NEGERI TOILI,69973339,SLB,Negeri,-,0,0,0,0,0,16,0,0,http://dapo.dikdasmen.kemdikbud.go.id/sekolah/7511020431A1A8E55824
