provinsi,kab_kota,kecamatan,nama_sekolah,npsn,bp,status,last_sync,jml_sync,pd,rombel,guru,pegawai,ruang_kelas,ruang_lab,ruang_perpus,url_sekolah
Prov. Jawa Barat,Kab. Bandung,Kec. Katapang,SDN ARJASARI BARAT,20206718,SD,Negeri,-,0,0,0,0,0,7,0,1,http://dapo.dikdasmen.kemdikbud.go.id/sekolah/BF733FF3E1F6B48B48DA
Prov. Jawa Barat,Kab. Bandung,Kec. Katapang,SDN BABAKAN SONDARI 01,20206694,SD,Negeri,-,0,0,0,0,0,6,0,1,http://dapo.dikdasmen.kemdikbud.go.id/sekolah/7646A657D189FE9C1049
Prov. Jawa Barat,Kab. Bandung,Kec. Katapang,SDN BABAKAN SONDARI 02,20206704,SD,Negeri,-,0,0,0,0,0,5,0,0,http://dapo.dikdasmen.kemdikbud.go.id/sekolah/81610EBCA67DCFA88413
Prov. Jawa Barat,Kab. Bandung,Kec. Katapang,SDN CIBORERANG 01,20207927,SD,Negeri,-,0,0,0,0,0,6,0,1,http://dapo.dikdasmen.kemdikbud.go.id/sekolah/4465D4840F509525D7B8
Prov. Jawa Barat,Kab. Bandung,Kec. Katapang,SDN CIBORERANG 02,20207926,SD,Negeri,-,0,0,0,0,0,6,0,1,http://dapo.dikdasmen.kemdikbud.go.id/sekolah/3914706EED463BC0831A
Prov. Jawa Barat,Kab. Bandung,Kec. Katapang,SDN CIJAGRA 01,20208195,SD,Negeri,-,0,0,0,0,0,12,0,1,http://dapo.dikdasmen.kemdikbud.go.id/sekolah/148B18B07EDA1EB19369
Prov. Jawa Barat,Kab. Bandung,Kec. Katapang,SDN CILAMPENI 01,20208107,SD,Negeri,-,0,0,0,0,0,8,0,1,http://dapo.dikdasmen.kemdikbud.go.id/sekolah/A67BBF0FD000A8EF7A45
Prov. Jawa Barat,Kab. Bandung,Kec. Katapang,SDN CILAMPENI 02,20208106,SD,Negeri,-,0,0,0,0,0,10,1,1,http://dapo.dikdasmen.kemdikbud.go.id/sekolah/C94D772580239321BEA8
Prov. Jawa Barat,Kab. Bandung,Kec. Katapang,SDN CILAMPENI 03,20208105,SD,Negeri,-,0,0,0,0,0,5,0,0,http://dapo.dikdasmen.kemdikbud.go.id/sekolah/36CB4FF96F5D8EAA0172
Prov. Jawa Barat,Kab. Bandung,Kec. Katapang,SDN JUNTIGIRANG 01,20205449,SD,Negeri,-,0,0,0,0,0,6,0,0,http://dapo.dikdasmen.kemdikbud.go.id/sekolah/6B371C19E355586ABBC3
Prov. Jawa Barat,Kab. Bandung,Kec. Katapang,SDN JUNTIGIRANG 02,20205448,SD,Negeri,-,0,0,0,0,0,5,0,1,http://dapo.dikdasmen.kemdikbud.go.id/sekolah/6E33D2B41E90ECEC4768
Prov. Jawa Barat,Kab. Bandung,Kec. Katapang,SDN JUNTIGIRANG 03,20205447,SD,Negeri,-,0,0,0,0,0,6,0,1,http://dapo.dikdasmen.kemdikbud.go.id/sekolah/8C167DB85C1E737451C4
Prov. Jawa Barat,Kab. Bandung,Kec. Katapang,SDN JUNTIGIRANG 04,20205458,SD,Negeri,-,0,0,0,0,0,6,0,1,http://dapo.dikdasmen.kemdikbud.go.id/sekolah/131A46E46D4BB07B3B63
Prov. Jawa Barat,Kab. Bandung,Kec. Katapang,SDN JUNTIHILIR 01,20205459,SD,Negeri,-,0,0,0,0,0,6,0,0,http://dapo.dikdasmen.kemdikbud.go.id/sekolah/10E73539DC038919012C
Prov. Jawa Barat,Kab. Bandung,Kec. Katapang,SDN JUNTIHILIR 02,20205469,SD,Negeri,-,0,0,0,0,0,6,0,1,http://dapo.dikdasmen.kemdikbud.go.id/sekolah/6805F0524B3FDDA41EBC
Prov. Jawa Barat,Kab. Bandung,Kec. Katapang,SDN JUNTIHILIR 04,20205468,SD,Negeri,-,0,0,0,0,0,5,0,1,http://dapo.dikdasmen.kemdikbud.go.id/sekolah/0BEF9F73BF72C62079E0
Prov. Jawa Barat,Kab. Bandung,Kec. Katapang,SDN KATAPANG,20205517,SD,Negeri,-,0,0,0,0,0,6,0,0,http://dapo.dikdasmen.kemdikbud.go.id/sekolah/4353EF6E9B5F21055483
Prov. Jawa Barat,Kab. Bandung,Kec. Katapang,SDN KIARAEUNYEUH,20205766,SD,Negeri,-,0,0,0,0,0,7,0,1,http://dapo.dikdasmen.kemdikbud.go.id/sekolah/37FE9F0E5E47B63D424A
Prov. Jawa Barat,Kab. Bandung,Kec. Katapang,SDN MUARACIWIDEY,20205059,SD,Negeri,-,0,0,0,0,0,7,0,0,http://dapo.dikdasmen.kemdikbud.go.id/sekolah/EA8C2FB1B5AC67E0D8DC
Prov. Jawa Barat,Kab. Bandung,Kec. Katapang,SDN PANGAUBAN 01,20205389,SD,Negeri,-,0,0,0,0,0,8,0,0,http://dapo.dikdasmen.kemdikbud.go.id/sekolah/DE4D3462CEACB22E2A0A
Prov. Jawa Barat,Kab. Bandung,Kec. Katapang,SDN PANGAUBAN 02,20205388,SD,Negeri,-,0,0,0,0,0,7,2,1,http://dapo.dikdasmen.kemdikbud.go.id/sekolah/9D16E030BDBEDD6931D1
Prov. Jawa Barat,Kab. Bandung,Kec. Katapang,SDN SEKEPEURIS 01,20206542,SD,Negeri,-,0,0,0,0,0,6,0,1,http://dapo.dikdasmen.kemdikbud.go.id/sekolah/5B47A80A28AC7D76310A
Prov. Jawa Barat,Kab. Bandung,Kec. Katapang,SDN SEKEPEURIS 02,20206541,SD,Negeri,-,0,0,0,0,0,6,0,0,http://dapo.dikdasmen.kemdikbud.go.id/sekolah/93616BF54B172B4EAF72
Prov. Jawa Barat,Kab. Bandung,Kec. Katapang,SDN SUKAMUKTI 01,20205974,SD,Negeri,-,0,0,0,0,0,7,0,1,http://dapo.dikdasmen.kemdikbud.go.id/sekolah/C819C5901E240752A464
Prov. Jawa Barat,Kab. Bandung,Kec. Katapang,SDN SUKAMUKTI 02,20205973,SD,Negeri,-,0,0,0,0,0,8,0,1,http://dapo.dikdasmen.kemdikbud.go.id/sekolah/7123D3B8B86DFD48AAEE
Prov. Jawa Barat,Kab. Bandung,Kec. Katapang,SDN SUKANAGARA 01,20205941,SD,Negeri,-,0,0,0,0,0,6,0,0,http://dapo.dikdasmen.kemdikbud.go.id/sekolah/4B4110B64213FD6329AC
Prov. Jawa Barat,Kab. Bandung,Kec. Katapang,SDN SUKANAGARA 02,20205940,SD,Negeri,-,0,0,0,0,0,6,0,0,http://dapo.dikdasmen.kemdikbud.go.id/sekolah/28381BAFF4B5F0B481EB
Prov. Jawa Barat,Kab. Bandung,Kec. Katapang,SDN WATES 01,20206159,SD,Negeri,-,0,0,0,0,0,6,0,1,http://dapo.dikdasmen.kemdikbud.go.id/sekolah/05D581EA34D2C4E4BFD8
Prov. Jawa Barat,Kab. Bandung,Kec. Katapang,SDN WATES 02,20206158,SD,Negeri,-,0,0,0,0,0,4,0,0,http://dapo.dikdasmen.kemdikbud.go.id/sekolah/F3F8E72B9C8C2A27111D
Prov. Jawa Barat,Kab. Bandung,Kec. Katapang,SD AL-FATIH,69988819,SD,Swasta,-,0,0,0,0,0,0,0,0,http://dapo.dikdasmen.kemdikbud.go.id/sekolah/EDFFAFEC6EE7B6C644FD
Prov. Jawa Barat,Kab. Bandung,Kec. Katapang,SD ALAM INSAN CEMERLANG,69725540,SD,Swasta,-,0,0,0,0,0,13,1,1,http://dapo.dikdasmen.kemdikbud.go.id/sekolah/8D603090300567023B34
Prov. Jawa Barat,Kab. Bandung,Kec. Katapang,SD IP UMMUL MUKMININ,20253897,SD,Swasta,-,0,0,0,0,0,17,1,2,http://dapo.dikdasmen.kemdikbud.go.id/sekolah/4249C4277B2D25006046
Prov. Jawa Barat,Kab. Bandung,Kec. Katapang,SD IT AL-TAFTAZANI,69919439,SD,Swasta,-,0,0,0,0,0,13,0,1,http://dapo.dikdasmen.kemdikbud.go.id/sekolah/135109DB1457C770E2D4
Prov. Jawa Barat,Kab. Bandung,Kec. Katapang,SD IT AT TAQWIM,20227513,SD,Swasta,-,0,0,0,0,0,20,1,1,http://dapo.dikdasmen.kemdikbud.go.id/sekolah/C220AA923D4452A3C48B
Prov. Jawa Barat,Kab. Bandung,Kec. Katapang,SD IT BAHTERA NUH,69928297,SD,Swasta,-,0,0,0,0,0,10,1,1,http://dapo.dikdasmen.kemdikbud.go.id/sekolah/2FE6FBE6B0FE21BFB68F
Prov. Jawa Barat,Kab. Bandung,Kec. Katapang,SD PLUS NURRI HALLI,69762677,SD,Swasta,-,0,0,0,0,0,9,1,1,http://dapo.dikdasmen.kemdikbud.go.id/sekolah/4189D8FE1489528E392A
Prov. Jawa Barat,Kab. Bandung,Kec. Katapang,SMPN 1 KATAPANG,20206044,SMP,Negeri,-,0,0,0,0,0,31,4,1,http://dapo.dikdasmen.kemdikbud.go.id/sekolah/37EA37A3E0A761D8F1F9
Prov. Jawa Barat,Kab. Bandung,Kec. Katapang,SMPN 2 KATAPANG,20227804,SMP,Negeri,-,0,0,0,0,0,23,3,1,http://dapo.dikdasmen.kemdikbud.go.id/sekolah/779ECFCE00FCF46A535D
Prov. Jawa Barat,Kab. Bandung,Kec. Katapang,SMPN 3 Katapang,69988479,SMP,Negeri,-,0,0,0,0,0,0,0,0,http://dapo.dikdasmen.kemdikbud.go.id/sekolah/2EED569DB02F364A6378
Prov. Jawa Barat,Kab. Bandung,Kec. Katapang,SMP KARYA BHAKTI,20227683,SMP,Swasta,-,0,0,0,0,0,17,1,1,http://dapo.dikdasmen.kemdikbud.go.id/sekolah/A1D4435E19758B288E13
Prov. Jawa Barat,Kab. Bandung,Kec. Katapang,SMP PASUNDAN KATAPANG,20227738,SMP,Swasta,-,0,0,0,0,0,12,1,1,http://dapo.dikdasmen.kemdikbud.go.id/sekolah/83BBEB347B0B51B320AA
Prov. Jawa Barat,Kab. Bandung,Kec. Katapang,SMP PENIDA ,20206196,SMP,Swasta,-,0,0,0,0,0,13,2,1,http://dapo.dikdasmen.kemdikbud.go.id/sekolah/DA07377A77B2B339F7A9
Prov. Jawa Barat,Kab. Bandung,Kec. Katapang,SMP PLUS AL-MUHAJIRIN,20252369,SMP,Swasta,-,0,0,0,0,0,3,0,1,http://dapo.dikdasmen.kemdikbud.go.id/sekolah/D3D43806DB486BB5D6DF
Prov. Jawa Barat,Kab. Bandung,Kec. Katapang,SMP PLUS GENIUS,69983878,SMP,Swasta,-,0,0,0,0,0,0,0,0,http://dapo.dikdasmen.kemdikbud.go.id/sekolah/549CE7BDAA100D57ADB9
Prov. Jawa Barat,Kab. Bandung,Kec. Katapang,SMAN 1 KATAPANG,20227905,SMA,Negeri,-,0,0,0,0,0,37,4,1,http://dapo.dikdasmen.kemdikbud.go.id/sekolah/74F186816F604F06A4F0
Prov. Jawa Barat,Kab. Bandung,Kec. Katapang,SMKN 1 KATAPANG,20206214,SMK,Negeri,-,0,0,0,0,0,54,1,1,http://dapo.dikdasmen.kemdikbud.go.id/sekolah/B7966169F7D485BD1E68
Prov. Jawa Barat,Kab. Bandung,Kec. Katapang,SMK GENIUS BANDUNG,20259598,SMK,Swasta,-,0,0,0,0,0,15,1,1,http://dapo.dikdasmen.kemdikbud.go.id/sekolah/F77F99DF9E0766F02635
Prov. Jawa Barat,Kab. Bandung,Kec. Katapang,SMK PENIDA 1 KATAPANG,20228551,SMK,Swasta,-,0,0,0,0,0,15,3,1,http://dapo.dikdasmen.kemdikbud.go.id/sekolah/0A5DBFFD7A1139BA1E8B
Prov. Jawa Barat,Kab. Bandung,Kec. Katapang,SMK PENIDA 2 KATAPANG,20227964,SMK,Swasta,-,0,0,0,0,0,14,3,1,http://dapo.dikdasmen.kemdikbud.go.id/sekolah/38F2BD47057A73A490F2
Prov. Jawa Barat,Kab. Bandung,Kec. Katapang,SMKS MAHAPUTRA CERDAS UTAMA,69949896,SMK,Swasta,-,0,0,0,0,0,9,2,1,http://dapo.dikdasmen.kemdikbud.go.id/sekolah/919E5B49AD88546A1A28
Prov. Jawa Barat,Kab. Bandung,Kec. Katapang,SLB SABILULUNGAN,20268473,SLB,Swasta,-,0,0,0,0,0,17,0,1,http://dapo.dikdasmen.kemdikbud.go.id/sekolah/3A8E981641B95526FFEE
Prov. Jawa Barat,Kab. Bandung,Kec. Katapang,SLB YKS 3,20258492,SLB,Swasta,-,0,0,0,0,0,12,0,1,http://dapo.dikdasmen.kemdikbud.go.id/sekolah/0EEB292F5020EDD01557
