provinsi,kab_kota,kecamatan,nama_sekolah,npsn,bp,status,last_sync,jml_sync,pd,rombel,guru,pegawai,ruang_kelas,ruang_lab,ruang_perpus,url_sekolah
Prov. Jawa Barat,Kab. Bandung,Kec. Solokanjeruk,SDN BABAKAN LAPANG,20206690,SD,Negeri,-,0,0,0,0,0,6,0,1,http://dapo.dikdasmen.kemdikbud.go.id/sekolah/B9A93EC5E1EFA2871CF3
Prov. Jawa Barat,Kab. Bandung,Kec. Solokanjeruk,SDN BOJONGBUBU 01,20206883,SD,Negeri,-,0,0,0,0,0,8,0,1,http://dapo.dikdasmen.kemdikbud.go.id/sekolah/F9667C742F590BAE9569
Prov. Jawa Barat,Kab. Bandung,Kec. Solokanjeruk,SDN BOJONGBUBU 02,20206882,SD,Negeri,21 Aug 2019 13:41:00,2,197,7,9,3,8,0,1,http://dapo.dikdasmen.kemdikbud.go.id/sekolah/42788A73DD687E7680CB
Prov. Jawa Barat,Kab. Bandung,Kec. Solokanjeruk,SDN BOJONGEMAS 01,20206881,SD,Negeri,-,0,0,0,0,0,6,0,1,http://dapo.dikdasmen.kemdikbud.go.id/sekolah/4EAF982873D5D40819AD
Prov. Jawa Barat,Kab. Bandung,Kec. Solokanjeruk,SDN BOJONGEMAS 03,20206879,SD,Negeri,-,0,0,0,0,0,6,0,1,http://dapo.dikdasmen.kemdikbud.go.id/sekolah/2C9FC95A2083472F7EEF
Prov. Jawa Barat,Kab. Bandung,Kec. Solokanjeruk,SDN BOJONGEMAS 04,20227517,SD,Negeri,-,0,0,0,0,0,8,0,1,http://dapo.dikdasmen.kemdikbud.go.id/sekolah/1D8C4B382299D93C2926
Prov. Jawa Barat,Kab. Bandung,Kec. Solokanjeruk,SDN CIBODAS 01,20207872,SD,Negeri,-,0,0,0,0,0,6,0,1,http://dapo.dikdasmen.kemdikbud.go.id/sekolah/7C331ABD6EAAC4DE6DC5
Prov. Jawa Barat,Kab. Bandung,Kec. Solokanjeruk,SDN CIBODAS 02,20207841,SD,Negeri,-,0,0,0,0,0,6,0,1,http://dapo.dikdasmen.kemdikbud.go.id/sekolah/FB0DF5EA50563B1FDAFC
Prov. Jawa Barat,Kab. Bandung,Kec. Solokanjeruk,SDN GAMBLANG,20207629,SD,Negeri,-,0,0,0,0,0,7,0,1,http://dapo.dikdasmen.kemdikbud.go.id/sekolah/09F9777D819FF6DCACB3
Prov. Jawa Barat,Kab. Bandung,Kec. Solokanjeruk,SDN INPRES PANYADAP,20227532,SD,Negeri,-,0,0,0,0,0,6,0,0,http://dapo.dikdasmen.kemdikbud.go.id/sekolah/14AC297FB396025A147D
Prov. Jawa Barat,Kab. Bandung,Kec. Solokanjeruk,SDN JERUK MIPIS,20205457,SD,Negeri,-,0,0,0,0,0,10,0,1,http://dapo.dikdasmen.kemdikbud.go.id/sekolah/F116CFDB21491916E0DD
Prov. Jawa Barat,Kab. Bandung,Kec. Solokanjeruk,SDN NEGLASARI,20205110,SD,Negeri,-,0,0,0,0,0,6,0,1,http://dapo.dikdasmen.kemdikbud.go.id/sekolah/192AD208C89725BF36FF
Prov. Jawa Barat,Kab. Bandung,Kec. Solokanjeruk,SDN PANYADAP 01,20205261,SD,Negeri,-,0,0,0,0,0,6,0,1,http://dapo.dikdasmen.kemdikbud.go.id/sekolah/31551A91D383EC31761B
Prov. Jawa Barat,Kab. Bandung,Kec. Solokanjeruk,SDN PANYADAP 02,20205271,SD,Negeri,-,0,0,0,0,0,6,0,1,http://dapo.dikdasmen.kemdikbud.go.id/sekolah/1EB916A026DE12CEC107
Prov. Jawa Barat,Kab. Bandung,Kec. Solokanjeruk,SDN PANYADAP 03,20205270,SD,Negeri,-,0,0,0,0,0,6,0,0,http://dapo.dikdasmen.kemdikbud.go.id/sekolah/D32BD43D70B1A47EAA47
Prov. Jawa Barat,Kab. Bandung,Kec. Solokanjeruk,SDN PANYADAP 04,20205269,SD,Negeri,-,0,0,0,0,0,6,0,2,http://dapo.dikdasmen.kemdikbud.go.id/sekolah/3265338C0DA917D42667
Prov. Jawa Barat,Kab. Bandung,Kec. Solokanjeruk,SDN PATROL 01,20206344,SD,Negeri,-,0,0,0,0,0,6,0,1,http://dapo.dikdasmen.kemdikbud.go.id/sekolah/57F36746260358FBEF73
Prov. Jawa Barat,Kab. Bandung,Kec. Solokanjeruk,SDN PATROL 03,20206342,SD,Negeri,-,0,0,0,0,0,6,0,1,http://dapo.dikdasmen.kemdikbud.go.id/sekolah/6922B35D460623801DEA
Prov. Jawa Barat,Kab. Bandung,Kec. Solokanjeruk,SDN RANCAATING 01,20206256,SD,Negeri,-,0,0,0,0,0,12,0,1,http://dapo.dikdasmen.kemdikbud.go.id/sekolah/E59E21B3FB5CDC396402
Prov. Jawa Barat,Kab. Bandung,Kec. Solokanjeruk,SDN RANCAKASUMBA 01,20206252,SD,Negeri,-,0,0,0,0,0,6,0,1,http://dapo.dikdasmen.kemdikbud.go.id/sekolah/20B4C7A72AEBFE87B7FB
Prov. Jawa Barat,Kab. Bandung,Kec. Solokanjeruk,SDN RANCAKASUMBA 02,20206251,SD,Negeri,-,0,0,0,0,0,6,0,0,http://dapo.dikdasmen.kemdikbud.go.id/sekolah/2F47243EA91ED343D925
Prov. Jawa Barat,Kab. Bandung,Kec. Solokanjeruk,SDN RANCAKASUMBA 04,20206249,SD,Negeri,-,0,0,0,0,0,6,0,0,http://dapo.dikdasmen.kemdikbud.go.id/sekolah/2730770F0906A4241567
Prov. Jawa Barat,Kab. Bandung,Kec. Solokanjeruk,SDN RANCAKASUMBA 05,20206248,SD,Negeri,-,0,0,0,0,0,6,0,0,http://dapo.dikdasmen.kemdikbud.go.id/sekolah/D17E08BC9FD8FCB5EF4D
Prov. Jawa Barat,Kab. Bandung,Kec. Solokanjeruk,SDN RANCAKASUMBA 06,20206247,SD,Negeri,-,0,0,0,0,0,5,0,1,http://dapo.dikdasmen.kemdikbud.go.id/sekolah/FEBA08C7E36FBD20A416
Prov. Jawa Barat,Kab. Bandung,Kec. Solokanjeruk,SDN RANCALONGONG 01,20206325,SD,Negeri,-,0,0,0,0,0,6,0,0,http://dapo.dikdasmen.kemdikbud.go.id/sekolah/CE61E5B344C82C169D22
Prov. Jawa Barat,Kab. Bandung,Kec. Solokanjeruk,SDN RANCALONGONG 02,20206312,SD,Negeri,-,0,0,0,0,0,6,1,0,http://dapo.dikdasmen.kemdikbud.go.id/sekolah/68974A235F9E4F98FDBA
Prov. Jawa Barat,Kab. Bandung,Kec. Solokanjeruk,SDN SOLOKAN GARUT,20206471,SD,Negeri,-,0,0,0,0,0,6,0,1,http://dapo.dikdasmen.kemdikbud.go.id/sekolah/05DA5702BE57D16B5AA2
Prov. Jawa Barat,Kab. Bandung,Kec. Solokanjeruk,SDN SOLOKANJERUK 01,20206470,SD,Negeri,-,0,0,0,0,0,6,0,0,http://dapo.dikdasmen.kemdikbud.go.id/sekolah/97F2E7E02269603761F9
Prov. Jawa Barat,Kab. Bandung,Kec. Solokanjeruk,SDN SOLOKANJERUK 02,20206469,SD,Negeri,-,0,0,0,0,0,5,0,1,http://dapo.dikdasmen.kemdikbud.go.id/sekolah/572F9D4BD7243F42BFB3
Prov. Jawa Barat,Kab. Bandung,Kec. Solokanjeruk,SDN SOLOKANJERUK 03,20227568,SD,Negeri,-,0,0,0,0,0,6,0,1,http://dapo.dikdasmen.kemdikbud.go.id/sekolah/37BCDABF9FCFE647EC45
Prov. Jawa Barat,Kab. Bandung,Kec. Solokanjeruk,SDN SOLOKANJERUK 04,20206468,SD,Negeri,-,0,0,0,0,0,6,0,0,http://dapo.dikdasmen.kemdikbud.go.id/sekolah/DF4BCBB33940E29BB1C7
Prov. Jawa Barat,Kab. Bandung,Kec. Solokanjeruk,SDN SOLOKANJERUK 05,20206467,SD,Negeri,-,0,0,0,0,0,6,0,1,http://dapo.dikdasmen.kemdikbud.go.id/sekolah/13514D1936DBEB45FFAC
Prov. Jawa Barat,Kab. Bandung,Kec. Solokanjeruk,SDN SOLOKANJERUK 06,20206466,SD,Negeri,-,0,0,0,0,0,6,0,1,http://dapo.dikdasmen.kemdikbud.go.id/sekolah/456BEE359E4E2D5F8652
Prov. Jawa Barat,Kab. Bandung,Kec. Solokanjeruk,SDN SUKAMANAH 01,20206490,SD,Negeri,-,0,0,0,0,0,6,0,1,http://dapo.dikdasmen.kemdikbud.go.id/sekolah/1B67BBB01D3F79EAF5AE
Prov. Jawa Barat,Kab. Bandung,Kec. Solokanjeruk,SDN SUKAMANAH 02,20206489,SD,Negeri,-,0,0,0,0,0,7,0,1,http://dapo.dikdasmen.kemdikbud.go.id/sekolah/2DDCE1EF57D578E8C08D
Prov. Jawa Barat,Kab. Bandung,Kec. Solokanjeruk,SDN SUKAMANAH 03,20206475,SD,Negeri,-,0,0,0,0,0,6,0,1,http://dapo.dikdasmen.kemdikbud.go.id/sekolah/893AB4661BDFBD021D80
Prov. Jawa Barat,Kab. Bandung,Kec. Solokanjeruk,SDN SUKAMANAH 04,20205980,SD,Negeri,-,0,0,0,0,0,6,0,0,http://dapo.dikdasmen.kemdikbud.go.id/sekolah/D2B259E88F59E02D4B93
Prov. Jawa Barat,Kab. Bandung,Kec. Solokanjeruk,SDN SUKAMULYA,20205957,SD,Negeri,-,0,0,0,0,0,8,0,1,http://dapo.dikdasmen.kemdikbud.go.id/sekolah/CDE70C63E51A9015DE67
Prov. Jawa Barat,Kab. Bandung,Kec. Solokanjeruk,SDN SUKASARI 01,20206019,SD,Negeri,-,0,0,0,0,0,6,0,1,http://dapo.dikdasmen.kemdikbud.go.id/sekolah/E5350B04AACEE8B6AA23
Prov. Jawa Barat,Kab. Bandung,Kec. Solokanjeruk,SDN SUKASARI 02,20206029,SD,Negeri,-,0,0,0,0,0,9,0,0,http://dapo.dikdasmen.kemdikbud.go.id/sekolah/27FC5DB54C48CD50BE9D
Prov. Jawa Barat,Kab. Bandung,Kec. Solokanjeruk,SDN TAWANGHEMAN 01,20205846,SD,Negeri,-,0,0,0,0,0,7,0,0,http://dapo.dikdasmen.kemdikbud.go.id/sekolah/226F936E1B56C37C5164
Prov. Jawa Barat,Kab. Bandung,Kec. Solokanjeruk,SDN TAWANGHEMAN 02,20205856,SD,Negeri,-,0,0,0,0,0,7,0,0,http://dapo.dikdasmen.kemdikbud.go.id/sekolah/BDC4DB974378A4BD224F
Prov. Jawa Barat,Kab. Bandung,Kec. Solokanjeruk,SD IT At-Taufik,69948567,SD,Swasta,-,0,0,0,0,0,6,0,0,http://dapo.dikdasmen.kemdikbud.go.id/sekolah/A373FE09120F703B0EC1
Prov. Jawa Barat,Kab. Bandung,Kec. Solokanjeruk,SD PUI CIBODAS,20206632,SD,Swasta,-,0,0,0,0,0,7,0,0,http://dapo.dikdasmen.kemdikbud.go.id/sekolah/F54AF2FE9457DFE4D0DF
Prov. Jawa Barat,Kab. Bandung,Kec. Solokanjeruk,SMPN 1 SOLOKANJERUK,20206105,SMP,Negeri,22 Aug 2019 22:12:35,0,0,0,0,0,33,5,1,http://dapo.dikdasmen.kemdikbud.go.id/sekolah/9EF0D680F0ED0FB3D6FD
Prov. Jawa Barat,Kab. Bandung,Kec. Solokanjeruk,SMPN 2 SOLOKANJERUK,20255833,SMP,Negeri,-,0,0,0,0,0,25,0,1,http://dapo.dikdasmen.kemdikbud.go.id/sekolah/9340E95024F37329FF9F
Prov. Jawa Barat,Kab. Bandung,Kec. Solokanjeruk,SMP BHAKTI PUTRA,20228250,SMP,Swasta,-,0,0,0,0,0,6,1,1,http://dapo.dikdasmen.kemdikbud.go.id/sekolah/6C78CB131F47A87DBFC1
Prov. Jawa Barat,Kab. Bandung,Kec. Solokanjeruk,SMP DARUSSALAM,20228261,SMP,Swasta,-,0,0,0,0,0,6,0,0,http://dapo.dikdasmen.kemdikbud.go.id/sekolah/12141198BBE2D8478038
Prov. Jawa Barat,Kab. Bandung,Kec. Solokanjeruk,SMP DIENUL ISLAM,20227655,SMP,Swasta,-,0,0,0,0,0,5,1,1,http://dapo.dikdasmen.kemdikbud.go.id/sekolah/195B8A0839364D8BBE6A
Prov. Jawa Barat,Kab. Bandung,Kec. Solokanjeruk,SMP GPI SOLOKANJERUK,20206187,SMP,Swasta,-,0,0,0,0,0,19,2,2,http://dapo.dikdasmen.kemdikbud.go.id/sekolah/8EA62384C4559F444C2A
Prov. Jawa Barat,Kab. Bandung,Kec. Solokanjeruk,SMP PGRI 450 SOLOKANJERUK,20240364,SMP,Swasta,-,0,0,0,0,0,7,0,1,http://dapo.dikdasmen.kemdikbud.go.id/sekolah/AD0EE0DFBA4CCDCD9564
Prov. Jawa Barat,Kab. Bandung,Kec. Solokanjeruk,SMP YPPSD SOLOKANJERUK,20228390,SMP,Swasta,-,0,0,0,0,0,13,1,1,http://dapo.dikdasmen.kemdikbud.go.id/sekolah/292EDE263A61096437A1
Prov. Jawa Barat,Kab. Bandung,Kec. Solokanjeruk,SMAN 1 MAJALAYA,20206210,SMA,Negeri,-,0,0,0,0,0,36,6,1,http://dapo.dikdasmen.kemdikbud.go.id/sekolah/7A7769DE6F9BFF63EEF3
Prov. Jawa Barat,Kab. Bandung,Kec. Solokanjeruk,SMA BHAKTI PUTRA,20227913,SMA,Swasta,-,0,0,0,0,0,11,1,1,http://dapo.dikdasmen.kemdikbud.go.id/sekolah/1C40F65D478CB5F344E7
Prov. Jawa Barat,Kab. Bandung,Kec. Solokanjeruk,SMK BHAKTI KENCANA MAJALAYA,20228518,SMK,Swasta,-,0,0,0,0,0,17,1,1,http://dapo.dikdasmen.kemdikbud.go.id/sekolah/2E8DB87B820F25FFC255
Prov. Jawa Barat,Kab. Bandung,Kec. Solokanjeruk,SMK GPI SOLOKANJERUK,20271838,SMK,Swasta,-,0,0,0,0,0,12,2,2,http://dapo.dikdasmen.kemdikbud.go.id/sekolah/A55A09D5AFF0C03BB30B
Prov. Jawa Barat,Kab. Bandung,Kec. Solokanjeruk,SMK INFORMATIKA DIENUL ISLAM,69774722,SMK,Swasta,-,0,0,0,0,0,9,1,1,http://dapo.dikdasmen.kemdikbud.go.id/sekolah/14D890E81B124927E1C9
Prov. Jawa Barat,Kab. Bandung,Kec. Solokanjeruk,SMK PGRI 35 SOLOKAN JERUK,20228549,SMK,Swasta,-,0,0,0,0,0,11,1,1,http://dapo.dikdasmen.kemdikbud.go.id/sekolah/6A1AAFA614A37CF884C2
Prov. Jawa Barat,Kab. Bandung,Kec. Solokanjeruk,SLB AULIA,20258495,SLB,Swasta,-,0,0,0,0,0,8,0,0,http://dapo.dikdasmen.kemdikbud.go.id/sekolah/5DCAE7379D93066EC72D
