provinsi,kab_kota,kecamatan,nama_sekolah,npsn,bp,status,last_sync,jml_sync,pd,rombel,guru,pegawai,ruang_kelas,ruang_lab,ruang_perpus,url_sekolah
Prov. Jawa Barat,Kab. Bandung,Kec. Dayeuhkolot,SDN BABAKAN TANJUNG,20206700,SD,Negeri,-,0,0,0,0,0,10,0,1,http://dapo.dikdasmen.kemdikbud.go.id/sekolah/9BB2D119645F8DEB0809
Prov. Jawa Barat,Kab. Bandung,Kec. Dayeuhkolot,SDN BOJONG ASIH 01,20206863,SD,Negeri,-,0,0,0,0,0,4,0,0,http://dapo.dikdasmen.kemdikbud.go.id/sekolah/AECD4843E0EFB960795E
Prov. Jawa Barat,Kab. Bandung,Kec. Dayeuhkolot,SDN BOJONG ASIH 02,20206873,SD,Negeri,-,0,0,0,0,0,4,0,0,http://dapo.dikdasmen.kemdikbud.go.id/sekolah/4F163BF17C6491CA5280
Prov. Jawa Barat,Kab. Bandung,Kec. Dayeuhkolot,SDN CANGKUANG 01,20207966,SD,Negeri,-,0,0,0,0,0,7,0,1,http://dapo.dikdasmen.kemdikbud.go.id/sekolah/5B9D7A578651C61113AE
Prov. Jawa Barat,Kab. Bandung,Kec. Dayeuhkolot,SDN CANGKUANG 02,20207952,SD,Negeri,-,0,0,0,0,0,6,0,1,http://dapo.dikdasmen.kemdikbud.go.id/sekolah/A25498993F7C93F8D5B0
Prov. Jawa Barat,Kab. Bandung,Kec. Dayeuhkolot,SDN CANGKUANG 03,20259368,SD,Negeri,-,0,0,0,0,0,5,0,0,http://dapo.dikdasmen.kemdikbud.go.id/sekolah/478306720E7748CFFA49
Prov. Jawa Barat,Kab. Bandung,Kec. Dayeuhkolot,SDN CANGKUANG 04,20207950,SD,Negeri,-,0,0,0,0,0,4,0,0,http://dapo.dikdasmen.kemdikbud.go.id/sekolah/89D68503055B908DD657
Prov. Jawa Barat,Kab. Bandung,Kec. Dayeuhkolot,SDN CANGKUANG 05,20207949,SD,Negeri,-,0,0,0,0,0,6,0,1,http://dapo.dikdasmen.kemdikbud.go.id/sekolah/D03268B2CACFC4B63617
Prov. Jawa Barat,Kab. Bandung,Kec. Dayeuhkolot,SDN CANGKUANG 06,20207948,SD,Negeri,-,0,0,0,0,0,8,0,0,http://dapo.dikdasmen.kemdikbud.go.id/sekolah/F7EE4C2C3533D2C95F2D
Prov. Jawa Barat,Kab. Bandung,Kec. Dayeuhkolot,SDN CANGKUANG 07,20207947,SD,Negeri,-,0,0,0,0,0,5,0,1,http://dapo.dikdasmen.kemdikbud.go.id/sekolah/87D856987B736631703A
Prov. Jawa Barat,Kab. Bandung,Kec. Dayeuhkolot,SDN CANGKUANG 08,20207946,SD,Negeri,-,0,0,0,0,0,4,0,0,http://dapo.dikdasmen.kemdikbud.go.id/sekolah/2BF02BEF99C135697A4E
Prov. Jawa Barat,Kab. Bandung,Kec. Dayeuhkolot,SDN CANGKUANG 09,20207945,SD,Negeri,-,0,0,0,0,0,5,0,1,http://dapo.dikdasmen.kemdikbud.go.id/sekolah/579A1DA8EB17349533AE
Prov. Jawa Barat,Kab. Bandung,Kec. Dayeuhkolot,SDN CANGKUANG 10,20207944,SD,Negeri,-,0,0,0,0,0,4,0,0,http://dapo.dikdasmen.kemdikbud.go.id/sekolah/D158FA6DD6A789948D09
Prov. Jawa Barat,Kab. Bandung,Kec. Dayeuhkolot,SDN CANGKUANG 11,20207943,SD,Negeri,-,0,0,0,0,0,3,0,1,http://dapo.dikdasmen.kemdikbud.go.id/sekolah/BDC2DAD2A088B7EF616E
Prov. Jawa Barat,Kab. Bandung,Kec. Dayeuhkolot,SDN CANGKUANG 12,20207953,SD,Negeri,-,0,0,0,0,0,4,0,0,http://dapo.dikdasmen.kemdikbud.go.id/sekolah/10F8EC2E908D80120ED3
Prov. Jawa Barat,Kab. Bandung,Kec. Dayeuhkolot,SDN CANGKUANG 13,20207954,SD,Negeri,-,0,0,0,0,0,4,0,1,http://dapo.dikdasmen.kemdikbud.go.id/sekolah/753CFB9E6EA2868C8DD9
Prov. Jawa Barat,Kab. Bandung,Kec. Dayeuhkolot,SDN CANGKUANG 15,20207964,SD,Negeri,-,0,0,0,0,0,5,0,0,http://dapo.dikdasmen.kemdikbud.go.id/sekolah/748D3CC78695771F129C
Prov. Jawa Barat,Kab. Bandung,Kec. Dayeuhkolot,SDN CANGKUANG 18,20207961,SD,Negeri,-,0,0,0,0,0,3,0,0,http://dapo.dikdasmen.kemdikbud.go.id/sekolah/E88BB03E3A02BD3D955F
Prov. Jawa Barat,Kab. Bandung,Kec. Dayeuhkolot,SDN CANGKUANG 19,20207960,SD,Negeri,-,0,0,0,0,0,3,0,0,http://dapo.dikdasmen.kemdikbud.go.id/sekolah/8BA43C9D2994A3A12B4D
Prov. Jawa Barat,Kab. Bandung,Kec. Dayeuhkolot,SDN DAYEUHKOLOT 02,20259369,SD,Negeri,-,0,0,0,0,0,7,0,1,http://dapo.dikdasmen.kemdikbud.go.id/sekolah/1F0FDA96068304D59AAA
Prov. Jawa Barat,Kab. Bandung,Kec. Dayeuhkolot,SDN DAYEUHKOLOT 03,20207802,SD,Negeri,-,0,0,0,0,0,5,0,1,http://dapo.dikdasmen.kemdikbud.go.id/sekolah/A2BC6C5D4C0A43DFF306
Prov. Jawa Barat,Kab. Bandung,Kec. Dayeuhkolot,SDN DAYEUHKOLOT 04,20207801,SD,Negeri,-,0,0,0,0,0,6,0,1,http://dapo.dikdasmen.kemdikbud.go.id/sekolah/4F2E1F0A0A9F3678E0CD
Prov. Jawa Barat,Kab. Bandung,Kec. Dayeuhkolot,SDN DAYEUHKOLOT 05,20207800,SD,Negeri,-,0,0,0,0,0,6,1,1,http://dapo.dikdasmen.kemdikbud.go.id/sekolah/DAB2DCDFB31C32DBE9CA
Prov. Jawa Barat,Kab. Bandung,Kec. Dayeuhkolot,SDN DAYEUHKOLOT 06,20207799,SD,Negeri,-,0,0,0,0,0,7,0,0,http://dapo.dikdasmen.kemdikbud.go.id/sekolah/3D5DC5FA399E26B3215B
Prov. Jawa Barat,Kab. Bandung,Kec. Dayeuhkolot,SDN DAYEUHKOLOT 07,20207798,SD,Negeri,-,0,0,0,0,0,11,0,2,http://dapo.dikdasmen.kemdikbud.go.id/sekolah/6E8C6756B793DE7A33EE
Prov. Jawa Barat,Kab. Bandung,Kec. Dayeuhkolot,SDN DAYEUHKOLOT 08,20207784,SD,Negeri,-,0,0,0,0,0,7,0,1,http://dapo.dikdasmen.kemdikbud.go.id/sekolah/C24226A744886B56F659
Prov. Jawa Barat,Kab. Bandung,Kec. Dayeuhkolot,SDN DAYEUHKOLOT 09,20207725,SD,Negeri,-,0,0,0,0,0,4,0,1,http://dapo.dikdasmen.kemdikbud.go.id/sekolah/702FFF981D4EC57D471D
Prov. Jawa Barat,Kab. Bandung,Kec. Dayeuhkolot,SDN DAYEUHKOLOT 12,20207660,SD,Negeri,-,0,0,0,0,0,6,0,0,http://dapo.dikdasmen.kemdikbud.go.id/sekolah/389288EC3F05EDB2250B
Prov. Jawa Barat,Kab. Bandung,Kec. Dayeuhkolot,SDN DAYEUHKOLOT 14,20207658,SD,Negeri,-,0,0,0,0,0,4,0,0,http://dapo.dikdasmen.kemdikbud.go.id/sekolah/501A8E4BED1645562CBF
Prov. Jawa Barat,Kab. Bandung,Kec. Dayeuhkolot,SDN KOTABARU,20205745,SD,Negeri,-,0,0,0,0,0,6,0,1,http://dapo.dikdasmen.kemdikbud.go.id/sekolah/2DFDCCB357D9DAE03EF1
Prov. Jawa Barat,Kab. Bandung,Kec. Dayeuhkolot,SDN LEUWI BANDUNG 01,20205684,SD,Negeri,-,0,0,0,0,0,8,0,0,http://dapo.dikdasmen.kemdikbud.go.id/sekolah/5539B92C8A81418209B9
Prov. Jawa Barat,Kab. Bandung,Kec. Dayeuhkolot,SDN LEUWI BANDUNG 02,20205683,SD,Negeri,-,0,0,0,0,0,6,0,0,http://dapo.dikdasmen.kemdikbud.go.id/sekolah/0491435E39876B9F3DD3
Prov. Jawa Barat,Kab. Bandung,Kec. Dayeuhkolot,SDN LEUWI BANDUNG 03,20205682,SD,Negeri,-,0,0,0,0,0,6,0,1,http://dapo.dikdasmen.kemdikbud.go.id/sekolah/1F2C4F2CCD2F3EC7EA5D
Prov. Jawa Barat,Kab. Bandung,Kec. Dayeuhkolot,SDN PASAWAHAN 01,20231469,SD,Negeri,-,0,0,0,0,0,6,0,0,http://dapo.dikdasmen.kemdikbud.go.id/sekolah/D90314E366EE89F17D67
Prov. Jawa Barat,Kab. Bandung,Kec. Dayeuhkolot,SDN PASAWAHAN 02,20231470,SD,Negeri,-,0,0,0,0,0,6,0,1,http://dapo.dikdasmen.kemdikbud.go.id/sekolah/DAD01AA1D7C98E434260
Prov. Jawa Barat,Kab. Bandung,Kec. Dayeuhkolot,SDN PASAWAHAN 03,20205301,SD,Negeri,-,0,0,0,0,0,6,0,0,http://dapo.dikdasmen.kemdikbud.go.id/sekolah/C4CB5A6004D2AC65818D
Prov. Jawa Barat,Kab. Bandung,Kec. Dayeuhkolot,SDN PASAWAHAN 04,20205300,SD,Negeri,-,0,0,0,0,0,5,0,1,http://dapo.dikdasmen.kemdikbud.go.id/sekolah/A86ABE02D5FF0ECC1813
Prov. Jawa Barat,Kab. Bandung,Kec. Dayeuhkolot,SDN PASAWAHAN 05,20205299,SD,Negeri,-,0,0,0,0,0,7,0,0,http://dapo.dikdasmen.kemdikbud.go.id/sekolah/52BB76592975C1812BD8
Prov. Jawa Barat,Kab. Bandung,Kec. Dayeuhkolot,SDN PASAWAHAN 06,20205298,SD,Negeri,-,0,0,0,0,0,6,0,0,http://dapo.dikdasmen.kemdikbud.go.id/sekolah/3AB7989463AD00F44F75
Prov. Jawa Barat,Kab. Bandung,Kec. Dayeuhkolot,SDN PASAWAHAN 07,20205308,SD,Negeri,-,0,0,0,0,0,6,0,0,http://dapo.dikdasmen.kemdikbud.go.id/sekolah/1ADBA6566E9BB173C9D4
Prov. Jawa Barat,Kab. Bandung,Kec. Dayeuhkolot,SDN PASAWAHAN 08,20205309,SD,Negeri,-,0,0,0,0,0,6,0,0,http://dapo.dikdasmen.kemdikbud.go.id/sekolah/6663FE54D36EEC7AE0E9
Prov. Jawa Barat,Kab. Bandung,Kec. Dayeuhkolot,SDN PASAWAHAN 09,20205319,SD,Negeri,-,0,0,0,0,0,6,0,0,http://dapo.dikdasmen.kemdikbud.go.id/sekolah/06364F9455AA8C73A8BA
Prov. Jawa Barat,Kab. Bandung,Kec. Dayeuhkolot,SDN PASIGARAN,20205315,SD,Negeri,-,0,0,0,0,0,14,0,1,http://dapo.dikdasmen.kemdikbud.go.id/sekolah/06D4A92BDF93B1F3FF71
Prov. Jawa Barat,Kab. Bandung,Kec. Dayeuhkolot,SDN SAYURAN 01,20206526,SD,Negeri,-,0,0,0,0,0,7,0,1,http://dapo.dikdasmen.kemdikbud.go.id/sekolah/73BCA5F325C26C3415A8
Prov. Jawa Barat,Kab. Bandung,Kec. Dayeuhkolot,SDN SAYURAN 02,20206525,SD,Negeri,-,0,0,0,0,0,6,0,0,http://dapo.dikdasmen.kemdikbud.go.id/sekolah/4462CCE3FAAEB266EB86
Prov. Jawa Barat,Kab. Bandung,Kec. Dayeuhkolot,SDN SUKABIRUS,20206441,SD,Negeri,-,0,0,0,0,0,4,0,1,http://dapo.dikdasmen.kemdikbud.go.id/sekolah/544D3C2B06FF673B353E
Prov. Jawa Barat,Kab. Bandung,Kec. Dayeuhkolot,SDN SUKAPURA 01,20205938,SD,Negeri,-,0,0,0,0,0,10,0,0,http://dapo.dikdasmen.kemdikbud.go.id/sekolah/90C1B8C6C6B527551FAA
Prov. Jawa Barat,Kab. Bandung,Kec. Dayeuhkolot,SDN SUKAPURA 02,20205937,SD,Negeri,-,0,0,0,0,0,6,0,1,http://dapo.dikdasmen.kemdikbud.go.id/sekolah/B87692AA0242A8472757
Prov. Jawa Barat,Kab. Bandung,Kec. Dayeuhkolot,SD AL-AMANAH DAYEUHKOLOT,20256571,SD,Swasta,-,0,0,0,0,0,6,1,1,http://dapo.dikdasmen.kemdikbud.go.id/sekolah/366E0D404FB309E98BC9
Prov. Jawa Barat,Kab. Bandung,Kec. Dayeuhkolot,SD KALAM KUDUS,20227536,SD,Swasta,-,0,0,0,0,0,19,2,1,http://dapo.dikdasmen.kemdikbud.go.id/sekolah/B8BA4222C8D322862DBC
Prov. Jawa Barat,Kab. Bandung,Kec. Dayeuhkolot,SD MULIA WACANA,69725542,SD,Swasta,-,0,0,0,0,0,12,1,1,http://dapo.dikdasmen.kemdikbud.go.id/sekolah/96EB35C17AB87C8A77DD
Prov. Jawa Barat,Kab. Bandung,Kec. Dayeuhkolot,SMPN 1 DAYEUHKOLOT,20206034,SMP,Negeri,-,0,0,0,0,0,31,5,1,http://dapo.dikdasmen.kemdikbud.go.id/sekolah/EF38052359FA49D357DA
Prov. Jawa Barat,Kab. Bandung,Kec. Dayeuhkolot,SMPN 2 DAYEUHKOLOT,20206087,SMP,Negeri,-,0,0,0,0,0,34,1,1,http://dapo.dikdasmen.kemdikbud.go.id/sekolah/3D25F5FED57AED0F16D5
Prov. Jawa Barat,Kab. Bandung,Kec. Dayeuhkolot,SMP GARUDA DAYEUHKOLOT,20252490,SMP,Swasta,-,0,0,0,0,0,5,2,1,http://dapo.dikdasmen.kemdikbud.go.id/sekolah/7CCCE9B1AFF2E43E8683
Prov. Jawa Barat,Kab. Bandung,Kec. Dayeuhkolot,SMP GRAVITASI,20255304,SMP,Swasta,-,0,0,0,0,0,3,2,1,http://dapo.dikdasmen.kemdikbud.go.id/sekolah/5C868DCF7E25C95BFE51
Prov. Jawa Barat,Kab. Bandung,Kec. Dayeuhkolot,SMP KRISTEN KALAM KUDUS,20252584,SMP,Swasta,-,0,0,0,0,0,15,6,2,http://dapo.dikdasmen.kemdikbud.go.id/sekolah/9CB7BD7E8E3481B4AE2A
Prov. Jawa Barat,Kab. Bandung,Kec. Dayeuhkolot,SMP NURUL HIDAYAH,20227708,SMP,Swasta,-,0,0,0,0,0,6,2,1,http://dapo.dikdasmen.kemdikbud.go.id/sekolah/1DB9E8D399EEC3EA4A9E
Prov. Jawa Barat,Kab. Bandung,Kec. Dayeuhkolot,SMP PERTIWI,20252590,SMP,Swasta,-,0,0,0,0,0,12,2,1,http://dapo.dikdasmen.kemdikbud.go.id/sekolah/CDBC1EF53CB2DBE71B6F
Prov. Jawa Barat,Kab. Bandung,Kec. Dayeuhkolot,SMP PLUS AL-AMANAH,20252877,SMP,Swasta,-,0,0,0,0,0,11,0,1,http://dapo.dikdasmen.kemdikbud.go.id/sekolah/CD3113B0DAA09A6DF60E
Prov. Jawa Barat,Kab. Bandung,Kec. Dayeuhkolot,SMP TELKOM BANDUNG,20206061,SMP,Swasta,-,0,0,0,0,0,27,4,1,http://dapo.dikdasmen.kemdikbud.go.id/sekolah/A00BEEB3F5038797419F
Prov. Jawa Barat,Kab. Bandung,Kec. Dayeuhkolot,SMP YPI PASAWAHAN,20227784,SMP,Swasta,-,0,0,0,0,0,3,2,1,http://dapo.dikdasmen.kemdikbud.go.id/sekolah/9C8C16A0738758AB9D95
Prov. Jawa Barat,Kab. Bandung,Kec. Dayeuhkolot,SMP YPN DAYEUHKOLOT,20227788,SMP,Swasta,-,0,0,0,0,0,3,2,1,http://dapo.dikdasmen.kemdikbud.go.id/sekolah/8B0CCE430EAA8DD56258
Prov. Jawa Barat,Kab. Bandung,Kec. Dayeuhkolot,SMAN 1 DAYEUHKOLOT,20227889,SMA,Negeri,-,0,0,0,0,0,30,4,1,http://dapo.dikdasmen.kemdikbud.go.id/sekolah/D587B58DD42C83A37A88
Prov. Jawa Barat,Kab. Bandung,Kec. Dayeuhkolot,SMA ASSALAM DAYEUHKOLOT,20206171,SMA,Swasta,-,0,0,0,0,0,9,1,1,http://dapo.dikdasmen.kemdikbud.go.id/sekolah/5B0386B2710938DCCBAA
Prov. Jawa Barat,Kab. Bandung,Kec. Dayeuhkolot,SMA TELKOM BANDUNG,20228479,SMA,Swasta,-,0,0,0,0,0,32,6,1,http://dapo.dikdasmen.kemdikbud.go.id/sekolah/9F19DFCC3CE2882F84DB
Prov. Jawa Barat,Kab. Bandung,Kec. Dayeuhkolot,SMK AL-AMANAH,20271473,SMK,Swasta,-,0,0,0,0,0,14,1,1,http://dapo.dikdasmen.kemdikbud.go.id/sekolah/C90FD00895005E14F61F
Prov. Jawa Barat,Kab. Bandung,Kec. Dayeuhkolot,SMK ASSALAAM BANDUNG,20256573,SMK,Swasta,-,0,0,0,0,0,21,3,1,http://dapo.dikdasmen.kemdikbud.go.id/sekolah/E522A6761791A22E1155
Prov. Jawa Barat,Kab. Bandung,Kec. Dayeuhkolot,SMKS TELKOM BANDUNG,69758969,SMK,Swasta,-,0,0,0,0,0,30,3,1,http://dapo.dikdasmen.kemdikbud.go.id/sekolah/61FD5686EFE8C352D1C7
Prov. Jawa Barat,Kab. Bandung,Kec. Dayeuhkolot,SLB NURUL IMAN,20258486,SLB,Swasta,-,0,0,0,0,0,5,0,0,http://dapo.dikdasmen.kemdikbud.go.id/sekolah/260FEC014B47B959E7AB
