provinsi,kab_kota,kecamatan,nama_sekolah,npsn,bp,status,last_sync,jml_sync,pd,rombel,guru,pegawai,ruang_kelas,ruang_lab,ruang_perpus,url_sekolah
Prov. Aceh,Kab. Aceh Barat Daya,Kec. Setia,SD NEGERI 1 SETIA,10104872,SD,Negeri,-,0,0,0,0,0,6,0,1,http://dapo.dikdasmen.kemdikbud.go.id/sekolah/8874C31D054D504C2E38
Prov. Aceh,Kab. Aceh Barat Daya,Kec. Setia,SD NEGERI 2 SETIA,10104970,SD,Negeri,-,0,0,0,0,0,6,0,1,http://dapo.dikdasmen.kemdikbud.go.id/sekolah/4B648D5944C8DFFA2E3C
Prov. Aceh,Kab. Aceh Barat Daya,Kec. Setia,SD NEGERI 3 SETIA,10104828,SD,Negeri,-,0,0,0,0,0,6,0,1,http://dapo.dikdasmen.kemdikbud.go.id/sekolah/F69E9D4D65DCC7B32E64
Prov. Aceh,Kab. Aceh Barat Daya,Kec. Setia,SD NEGERI 4 SETIA,10104886,SD,Negeri,-,0,0,0,0,0,6,0,2,http://dapo.dikdasmen.kemdikbud.go.id/sekolah/F2582031B39B3B7F5A56
Prov. Aceh,Kab. Aceh Barat Daya,Kec. Setia,SD NEGERI 5 SETIA,10104909,SD,Negeri,-,0,0,0,0,0,6,0,1,http://dapo.dikdasmen.kemdikbud.go.id/sekolah/4E8E2337473C8081BB32
Prov. Aceh,Kab. Aceh Barat Daya,Kec. Setia,SD NEGERI 6 SETIA,10104982,SD,Negeri,-,0,0,0,0,0,7,0,2,http://dapo.dikdasmen.kemdikbud.go.id/sekolah/10B6F53D7B1DD0146D38
Prov. Aceh,Kab. Aceh Barat Daya,Kec. Setia,SD NEGERI 7 SETIA,69787341,SD,Negeri,-,0,0,0,0,0,6,0,1,http://dapo.dikdasmen.kemdikbud.go.id/sekolah/A3B7E75AC1D77BB69630
Prov. Aceh,Kab. Aceh Barat Daya,Kec. Setia,SMP NEGERI 1 SETIA,10104857,SMP,Negeri,-,0,0,0,0,0,12,3,1,http://dapo.dikdasmen.kemdikbud.go.id/sekolah/DED0EAEE512B6184340F
Prov. Aceh,Kab. Aceh Barat Daya,Kec. Setia,SMA NEGERI 8 ACEH BARAT DAYA,10104837,SMA,Negeri,-,0,0,0,0,0,6,3,1,http://dapo.dikdasmen.kemdikbud.go.id/sekolah/B0EF4F1381745C2D4E4E
