provinsi,kab_kota,kecamatan,nama_sekolah,npsn,bp,status,last_sync,jml_sync,pd,rombel,guru,pegawai,ruang_kelas,ruang_lab,ruang_perpus,url_sekolah
Prov. Aceh,Kab. Aceh Timur,Kec. Idi Timur,SDN 1 IDI TIMUR,10101750,SD,Negeri,-,0,0,0,0,0,5,0,1,http://dapo.dikdasmen.kemdikbud.go.id/sekolah/FC117749CD27C7B14FDC
Prov. Aceh,Kab. Aceh Timur,Kec. Idi Timur,SDN 2 IDI TIMUR,10110781,SD,Negeri,-,0,0,0,0,0,6,0,1,http://dapo.dikdasmen.kemdikbud.go.id/sekolah/763D048B6A9C32B8EDBD
Prov. Aceh,Kab. Aceh Timur,Kec. Idi Timur,SDN 3 IDI TIMUR,10101731,SD,Negeri,-,0,0,0,0,0,6,0,1,http://dapo.dikdasmen.kemdikbud.go.id/sekolah/0F81200626B14F104338
Prov. Aceh,Kab. Aceh Timur,Kec. Idi Timur,SMPN 1 IDI TIMUR,10110438,SMP,Negeri,-,0,0,0,0,0,7,0,2,http://dapo.dikdasmen.kemdikbud.go.id/sekolah/D63CDFE47496F124A8FF
Prov. Aceh,Kab. Aceh Timur,Kec. Idi Timur,SMPN 2 IDI TIMUR,69849581,SMP,Negeri,-,0,0,0,0,0,7,1,0,http://dapo.dikdasmen.kemdikbud.go.id/sekolah/455C298639B65EDEE059
