provinsi,kab_kota,kecamatan,nama_sekolah,npsn,bp,status,last_sync,jml_sync,pd,rombel,guru,pegawai,ruang_kelas,ruang_lab,ruang_perpus,url_sekolah
Prov. Aceh,Kab. Aceh Timur,Kec. Idi Tunong,SDN 1 IDI TUNONG,10101781,SD,Negeri,-,0,0,0,0,0,9,0,1,http://dapo.dikdasmen.kemdikbud.go.id/sekolah/8B4D939E021A68B6199A
Prov. Aceh,Kab. Aceh Timur,Kec. Idi Tunong,SDN 2 IDI TUNONG,10101812,SD,Negeri,-,0,0,0,0,0,6,0,0,http://dapo.dikdasmen.kemdikbud.go.id/sekolah/E718C40F361D7218A4FF
Prov. Aceh,Kab. Aceh Timur,Kec. Idi Tunong,SDN 3 IDI TUNONG,10102076,SD,Negeri,-,0,0,0,0,0,7,0,0,http://dapo.dikdasmen.kemdikbud.go.id/sekolah/3A475043AFA84741F9B3
Prov. Aceh,Kab. Aceh Timur,Kec. Idi Tunong,SDN ALUE KUMBANG,69786523,SD,Negeri,-,0,0,0,0,0,5,0,0,http://dapo.dikdasmen.kemdikbud.go.id/sekolah/E8FB864FA722A7224A19
Prov. Aceh,Kab. Aceh Timur,Kec. Idi Tunong,SDN ALUE LHOK,10102063,SD,Negeri,-,0,0,0,0,0,6,0,1,http://dapo.dikdasmen.kemdikbud.go.id/sekolah/DD2949D536912CF07705
Prov. Aceh,Kab. Aceh Timur,Kec. Idi Tunong,SDN SEUNEUBOK BUYA,69786522,SD,Negeri,-,0,0,0,0,0,2,0,0,http://dapo.dikdasmen.kemdikbud.go.id/sekolah/4638D13C3863D9C35D9B
Prov. Aceh,Kab. Aceh Timur,Kec. Idi Tunong,SMPN 1 IDI TUNONG,10110421,SMP,Negeri,-,0,0,0,0,0,9,2,3,http://dapo.dikdasmen.kemdikbud.go.id/sekolah/3541690DDCF16BFE63B1
Prov. Aceh,Kab. Aceh Timur,Kec. Idi Tunong,SMPN 2 IDI TUNONG,69726332,SMP,Negeri,-,0,0,0,0,0,4,0,1,http://dapo.dikdasmen.kemdikbud.go.id/sekolah/9EDDAACDA738E9E96E39
Prov. Aceh,Kab. Aceh Timur,Kec. Idi Tunong,SMAN 1 IDI TUNONG,10111344,SMA,Negeri,-,0,0,0,0,0,13,4,1,http://dapo.dikdasmen.kemdikbud.go.id/sekolah/5C35EA828633FBB3E938
