provinsi,kab_kota,kecamatan,nama_sekolah,npsn,bp,status,last_sync,jml_sync,pd,rombel,guru,pegawai,ruang_kelas,ruang_lab,ruang_perpus,url_sekolah
Prov. Aceh,Kab. Aceh Timur,Kec. Darul Falah,SDN 1 DARUL FALAH,10101752,SD,Negeri,-,0,0,0,0,0,8,0,1,http://dapo.dikdasmen.kemdikbud.go.id/sekolah/41CA760131BB320A9355
Prov. Aceh,Kab. Aceh Timur,Kec. Darul Falah,SDN 2 DARUL FALAH,10101775,SD,Negeri,-,0,0,0,0,0,7,0,0,http://dapo.dikdasmen.kemdikbud.go.id/sekolah/1F3FA2E3F432B4CC59F5
Prov. Aceh,Kab. Aceh Timur,Kec. Darul Falah,SDN PAYA KRUEP,69787502,SD,Negeri,-,0,0,0,0,0,7,0,0,http://dapo.dikdasmen.kemdikbud.go.id/sekolah/F17157A4453D62382B06
Prov. Aceh,Kab. Aceh Timur,Kec. Darul Falah,SMPN 1 DARUL FALAH,10101938,SMP,Negeri,-,0,0,0,0,0,10,2,1,http://dapo.dikdasmen.kemdikbud.go.id/sekolah/8E9DB27A3B456D77CF55
Prov. Aceh,Kab. Aceh Timur,Kec. Darul Falah,SMAN 1 DARUL FALAH,60726151,SMA,Negeri,-,0,0,0,0,0,6,1,1,http://dapo.dikdasmen.kemdikbud.go.id/sekolah/C8130798D657E8DFF54C
