provinsi,kab_kota,kecamatan,nama_sekolah,npsn,bp,status,last_sync,jml_sync,pd,rombel,guru,pegawai,ruang_kelas,ruang_lab,ruang_perpus,url_sekolah
Prov. Bali,Kab. Badung,Kec. Petang,SD NEGERI 1 GETASAN,50103599,SD,Negeri,-,0,0,0,0,0,6,0,1,http://dapo.dikdasmen.kemdikbud.go.id/sekolah/8ECE2E9973D3BA0F5907
Prov. Bali,Kab. Badung,Kec. Petang,SD NEGERI 1 PELAGA,50101790,SD,Negeri,-,0,0,0,0,0,8,0,1,http://dapo.dikdasmen.kemdikbud.go.id/sekolah/28E6F5984B61CF290047
Prov. Bali,Kab. Badung,Kec. Petang,SD NEGERI 1 SULANGAI,50103601,SD,Negeri,-,0,0,0,0,0,7,0,1,http://dapo.dikdasmen.kemdikbud.go.id/sekolah/55345DB368F79C5BA7A7
Prov. Bali,Kab. Badung,Kec. Petang,SD NEGERI 2 BELOK,50101743,SD,Negeri,-,0,0,0,0,0,6,0,1,http://dapo.dikdasmen.kemdikbud.go.id/sekolah/938B8C5BCEE4FC855008
Prov. Bali,Kab. Badung,Kec. Petang,SD NEGERI 2 CARANGSARI,50103602,SD,Negeri,-,0,0,0,0,0,7,1,1,http://dapo.dikdasmen.kemdikbud.go.id/sekolah/68609239F408A594E551
Prov. Bali,Kab. Badung,Kec. Petang,SD NEGERI 2 GETASAN,50103603,SD,Negeri,-,0,0,0,0,0,6,0,1,http://dapo.dikdasmen.kemdikbud.go.id/sekolah/71109542EAF74B2A988C
Prov. Bali,Kab. Badung,Kec. Petang,SD NEGERI 2 PANGSAN,50103604,SD,Negeri,-,0,0,0,0,0,7,0,1,http://dapo.dikdasmen.kemdikbud.go.id/sekolah/53906AEBFAE3B3197838
Prov. Bali,Kab. Badung,Kec. Petang,SD NEGERI 2 PELAGA,50101868,SD,Negeri,23 Aug 2019 10:08:32,6,70,6,8,5,6,0,1,http://dapo.dikdasmen.kemdikbud.go.id/sekolah/47395258971BA23A51C0
Prov. Bali,Kab. Badung,Kec. Petang,SD NEGERI 2 PETANG,50101870,SD,Negeri,-,0,0,0,0,0,7,0,1,http://dapo.dikdasmen.kemdikbud.go.id/sekolah/011697A7F2E320B7FF9C
Prov. Bali,Kab. Badung,Kec. Petang,SD NEGERI 2 SULANGAI,50103605,SD,Negeri,-,0,0,0,0,0,6,1,1,http://dapo.dikdasmen.kemdikbud.go.id/sekolah/F9F1E33725BC4DA62EC4
Prov. Bali,Kab. Badung,Kec. Petang,SD NEGERI 3 BELOK,50101886,SD,Negeri,-,0,0,0,0,0,6,0,1,http://dapo.dikdasmen.kemdikbud.go.id/sekolah/5F239957F84DC9F3AED7
Prov. Bali,Kab. Badung,Kec. Petang,SD NEGERI 3 CARANGSARI,50101893,SD,Negeri,-,0,0,0,0,0,6,0,1,http://dapo.dikdasmen.kemdikbud.go.id/sekolah/8B522204EE070931391F
Prov. Bali,Kab. Badung,Kec. Petang,SD NEGERI 3 PANGSAN,50101823,SD,Negeri,-,0,0,0,0,0,5,0,1,http://dapo.dikdasmen.kemdikbud.go.id/sekolah/F216627BB7D82032C319
Prov. Bali,Kab. Badung,Kec. Petang,SD NEGERI 3 PELAGA,50101821,SD,Negeri,-,0,0,0,0,0,6,0,1,http://dapo.dikdasmen.kemdikbud.go.id/sekolah/9C5FF36C2238DB71D042
Prov. Bali,Kab. Badung,Kec. Petang,SD NEGERI 3 PETANG,50101812,SD,Negeri,22 Jul 2019 08:05:09,1,43,5,8,5,6,0,1,http://dapo.dikdasmen.kemdikbud.go.id/sekolah/A8149398BDE3E1C15D66
Prov. Bali,Kab. Badung,Kec. Petang,SD NEGERI 3 SULANGAI,50101819,SD,Negeri,23 Aug 2019 17:26:26,4,67,6,10,4,6,0,1,http://dapo.dikdasmen.kemdikbud.go.id/sekolah/381E7C0A27E35532DA96
Prov. Bali,Kab. Badung,Kec. Petang,SD NEGERI 4 BELOK,50101852,SD,Negeri,-,0,0,0,0,0,6,0,1,http://dapo.dikdasmen.kemdikbud.go.id/sekolah/8CC29D24EEB11A3FA086
Prov. Bali,Kab. Badung,Kec. Petang,SD NEGERI 4 PELAGA,50101859,SD,Negeri,22 Aug 2019 10:56:48,1,44,6,8,5,6,0,1,http://dapo.dikdasmen.kemdikbud.go.id/sekolah/8857839BCC3E3BA23120
Prov. Bali,Kab. Badung,Kec. Petang,SD NEGERI 4 SULANGAI,50103606,SD,Negeri,-,0,0,0,0,0,6,0,1,http://dapo.dikdasmen.kemdikbud.go.id/sekolah/095247DE4D2CE7044ED1
Prov. Bali,Kab. Badung,Kec. Petang,SD NEGERI 5 CARANGSARI,50101559,SD,Negeri,-,0,0,0,0,0,6,0,1,http://dapo.dikdasmen.kemdikbud.go.id/sekolah/ED651AB8E2B92CD1F117
Prov. Bali,Kab. Badung,Kec. Petang,SD NEGERI 5 PELAGA,50101599,SD,Negeri,22 Aug 2019 18:30:10,6,43,5,8,6,6,0,1,http://dapo.dikdasmen.kemdikbud.go.id/sekolah/7605EB76AC0E853A016C
Prov. Bali,Kab. Badung,Kec. Petang,SD NEGERI 6 BELOK,50101585,SD,Negeri,-,0,0,0,0,0,6,0,1,http://dapo.dikdasmen.kemdikbud.go.id/sekolah/42DDEC0897556E6250D5
Prov. Bali,Kab. Badung,Kec. Petang,SD NO 1 PETANG,50101793,SD,Negeri,21 Aug 2019 17:05:38,3,196,9,12,5,10,1,1,http://dapo.dikdasmen.kemdikbud.go.id/sekolah/09EAD12E6DE2F238CF58
Prov. Bali,Kab. Badung,Kec. Petang,SD NO 5 BELOK,50101568,SD,Negeri,-,0,0,0,0,0,5,1,1,http://dapo.dikdasmen.kemdikbud.go.id/sekolah/189D19CB6535B516D609
Prov. Bali,Kab. Badung,Kec. Petang,SD NO. 1 BELOK,50101762,SD,Negeri,-,0,0,0,0,0,6,0,1,http://dapo.dikdasmen.kemdikbud.go.id/sekolah/D109226D7BFBEB266524
Prov. Bali,Kab. Badung,Kec. Petang,SD No. 1 CARANGSARI,50101768,SD,Negeri,-,0,0,0,0,0,6,1,1,http://dapo.dikdasmen.kemdikbud.go.id/sekolah/3DE68F04BA4E035BF525
Prov. Bali,Kab. Badung,Kec. Petang,SD No. 1 PANGSAN,50103600,SD,Negeri,-,0,0,0,0,0,6,0,1,http://dapo.dikdasmen.kemdikbud.go.id/sekolah/711E167B183A3DDEE2E8
Prov. Bali,Kab. Badung,Kec. Petang,SMP NEGERI 1 PETANG,50101644,SMP,Negeri,-,0,0,0,0,0,24,4,1,http://dapo.dikdasmen.kemdikbud.go.id/sekolah/6D326C2E57B7CB7CF1D5
Prov. Bali,Kab. Badung,Kec. Petang,SMP NEGERI 2 PETANG,50101634,SMP,Negeri,-,0,0,0,0,0,11,2,1,http://dapo.dikdasmen.kemdikbud.go.id/sekolah/F84C8E0CF59C9A9A94D7
Prov. Bali,Kab. Badung,Kec. Petang,SMP NEGERI 3 PETANG,50101638,SMP,Negeri,-,0,0,0,0,0,8,2,2,http://dapo.dikdasmen.kemdikbud.go.id/sekolah/2556DC6F6E38F0823958
Prov. Bali,Kab. Badung,Kec. Petang,SMP NEGERI 4 PETANG,50103859,SMP,Negeri,-,0,0,0,0,0,10,1,1,http://dapo.dikdasmen.kemdikbud.go.id/sekolah/F40E4DE4291087F504FE
Prov. Bali,Kab. Badung,Kec. Petang,SMAN 1 PETANG,50103610,SMA,Negeri,-,0,0,0,0,0,20,3,1,http://dapo.dikdasmen.kemdikbud.go.id/sekolah/5DBE9249FDD08A35BA1B
Prov. Bali,Kab. Badung,Kec. Petang,SMKN 1 PETANG,50101623,SMK,Negeri,-,0,0,0,0,0,13,3,1,http://dapo.dikdasmen.kemdikbud.go.id/sekolah/1B151BB23C1E0411082C
