provinsi,kab_kota,kecamatan,nama_sekolah,npsn,bp,status,last_sync,jml_sync,pd,rombel,guru,pegawai,ruang_kelas,ruang_lab,ruang_perpus,url_sekolah
Prov. Aceh,Kab. Aceh Jaya,Kec. Setia Bakti,SD NEGERI 1 SETIA BAKTI,10105021,SD,Negeri,-,0,0,0,0,0,6,1,1,http://dapo.dikdasmen.kemdikbud.go.id/sekolah/7D1C63423E22CF80C4A2
Prov. Aceh,Kab. Aceh Jaya,Kec. Setia Bakti,SD NEGERI 10 SETIA BAKTI,10105003,SD,Negeri,-,0,0,0,0,0,6,0,1,http://dapo.dikdasmen.kemdikbud.go.id/sekolah/1C4197D902ED18AAB2DC
Prov. Aceh,Kab. Aceh Jaya,Kec. Setia Bakti,SD NEGERI 11 SETIA BAKTI,10105096,SD,Negeri,-,0,0,0,0,0,6,0,1,http://dapo.dikdasmen.kemdikbud.go.id/sekolah/2C239CCE28D428FF31A9
Prov. Aceh,Kab. Aceh Jaya,Kec. Setia Bakti,SD NEGERI 12 SETIA BAKTI,10105032,SD,Negeri,-,0,0,0,0,0,6,0,1,http://dapo.dikdasmen.kemdikbud.go.id/sekolah/856B40AC465B5195C900
Prov. Aceh,Kab. Aceh Jaya,Kec. Setia Bakti,SD NEGERI 2 SETIA BAKTI,10105049,SD,Negeri,-,0,0,0,0,0,6,0,1,http://dapo.dikdasmen.kemdikbud.go.id/sekolah/03198B6ED7DCDA89E146
Prov. Aceh,Kab. Aceh Jaya,Kec. Setia Bakti,SD NEGERI 3 SETIA BAKTI,10105025,SD,Negeri,-,0,0,0,0,0,6,0,1,http://dapo.dikdasmen.kemdikbud.go.id/sekolah/7999DFE58E36EA149A4A
Prov. Aceh,Kab. Aceh Jaya,Kec. Setia Bakti,SD NEGERI 4 SETIA BAKTI,10105048,SD,Negeri,-,0,0,0,0,0,6,0,0,http://dapo.dikdasmen.kemdikbud.go.id/sekolah/A1BFA13E00DC8727A09A
Prov. Aceh,Kab. Aceh Jaya,Kec. Setia Bakti,SD NEGERI 5 SETIA BAKTI,10105094,SD,Negeri,23 Aug 2019 14:53:05,2,50,6,12,3,6,0,1,http://dapo.dikdasmen.kemdikbud.go.id/sekolah/0D348F3DB3C2CAEE2A46
Prov. Aceh,Kab. Aceh Jaya,Kec. Setia Bakti,SD NEGERI 6 SETIA BAKTI,10105053,SD,Negeri,-,0,0,0,0,0,6,0,1,http://dapo.dikdasmen.kemdikbud.go.id/sekolah/31110F99586519FD1B87
Prov. Aceh,Kab. Aceh Jaya,Kec. Setia Bakti,SD NEGERI 7 SETIA BAKTI,10106082,SD,Negeri,-,0,0,0,0,0,6,0,1,http://dapo.dikdasmen.kemdikbud.go.id/sekolah/9252288D970809CA77A0
Prov. Aceh,Kab. Aceh Jaya,Kec. Setia Bakti,SD NEGERI 8 SETIA BAKTI,10105026,SD,Negeri,-,0,0,0,0,0,6,0,1,http://dapo.dikdasmen.kemdikbud.go.id/sekolah/D80E718B4EF7FAEDCA55
Prov. Aceh,Kab. Aceh Jaya,Kec. Setia Bakti,SD NEGERI 9 SETIA BAKTI,10105095,SD,Negeri,-,0,0,0,0,0,6,0,1,http://dapo.dikdasmen.kemdikbud.go.id/sekolah/7C67F5FAD0FE9174D624
Prov. Aceh,Kab. Aceh Jaya,Kec. Setia Bakti,SMP NEGERI 1 SETIA BAKTI,10108253,SMP,Negeri,-,0,0,0,0,0,4,3,1,http://dapo.dikdasmen.kemdikbud.go.id/sekolah/7B33D986B332FEC15031
Prov. Aceh,Kab. Aceh Jaya,Kec. Setia Bakti,SMP NEGERI 2 SETIA BAKTI,10110484,SMP,Negeri,-,0,0,0,0,0,3,2,2,http://dapo.dikdasmen.kemdikbud.go.id/sekolah/9BB04AAA18E9D0DC9353
Prov. Aceh,Kab. Aceh Jaya,Kec. Setia Bakti,SMP NEGERI 3 SETIA BAKTI,10113079,SMP,Negeri,-,0,0,0,0,0,3,1,1,http://dapo.dikdasmen.kemdikbud.go.id/sekolah/63923C1193D8FE2A69F5
Prov. Aceh,Kab. Aceh Jaya,Kec. Setia Bakti,SMP NEGERI 4 SETIA BAKTI,10110485,SMP,Negeri,-,0,0,0,0,0,10,1,1,http://dapo.dikdasmen.kemdikbud.go.id/sekolah/042EFB33FDA8E08E0A2D
Prov. Aceh,Kab. Aceh Jaya,Kec. Setia Bakti,SMP SWASTA AL-ANSHAR,69773570,SMP,Swasta,-,0,0,0,0,0,3,2,1,http://dapo.dikdasmen.kemdikbud.go.id/sekolah/C0A1DE870517EADCFB18
Prov. Aceh,Kab. Aceh Jaya,Kec. Setia Bakti,SMP SWASTA DARUL ABRAR,10111597,SMP,Swasta,-,0,0,0,0,0,12,2,1,http://dapo.dikdasmen.kemdikbud.go.id/sekolah/BD220B2909352FF098C2
Prov. Aceh,Kab. Aceh Jaya,Kec. Setia Bakti,SMA NEGERI 1 SETIA BAKTI,10110732,SMA,Negeri,-,0,0,0,0,0,8,1,1,http://dapo.dikdasmen.kemdikbud.go.id/sekolah/69F861406EFF6FF7AB7F
Prov. Aceh,Kab. Aceh Jaya,Kec. Setia Bakti,SMA SWASTA AL-ANSHAR,69934939,SMA,Swasta,23 Aug 2019 14:57:10,5,83,5,9,3,5,5,1,http://dapo.dikdasmen.kemdikbud.go.id/sekolah/6231AEA24D3A88BA8D87
Prov. Aceh,Kab. Aceh Jaya,Kec. Setia Bakti,SMA SWASTA DARUL ABRAR,10110740,SMA,Swasta,-,0,0,0,0,0,14,2,1,http://dapo.dikdasmen.kemdikbud.go.id/sekolah/8B0A5189EC51B0E6B530
Prov. Aceh,Kab. Aceh Jaya,Kec. Setia Bakti,SMK NEGERI 1 SETIA BAKTI,10113622,SMK,Negeri,-,0,0,0,0,0,3,1,2,http://dapo.dikdasmen.kemdikbud.go.id/sekolah/2E6D8121AF6A3FDC474F
