provinsi,kab_kota,kecamatan,nama_sekolah,npsn,bp,status,last_sync,jml_sync,pd,rombel,guru,pegawai,ruang_kelas,ruang_lab,ruang_perpus,url_sekolah
Prov. Sumatera Selatan,Kab. Banyuasin,Kec. Rantau Bayur,SDN 1 RANTAU BAYUR,10602692,SD,Negeri,-,0,0,0,0,0,7,0,0,http://dapo.dikdasmen.kemdikbud.go.id/sekolah/4787F21F00BC1AD9EA83
Prov. Sumatera Selatan,Kab. Banyuasin,Kec. Rantau Bayur,SDN 10 RANTAU BAYUR,10602565,SD,Negeri,-,0,0,0,0,0,9,0,1,http://dapo.dikdasmen.kemdikbud.go.id/sekolah/0183DF2C025CE2224EF3
Prov. Sumatera Selatan,Kab. Banyuasin,Kec. Rantau Bayur,SDN 11 RANTAU BAYUR,10602637,SD,Negeri,22 Aug 2019 15:57:30,1,103,6,9,1,5,0,1,http://dapo.dikdasmen.kemdikbud.go.id/sekolah/CD2D3B1DDA9ACC3F46EF
Prov. Sumatera Selatan,Kab. Banyuasin,Kec. Rantau Bayur,SDN 12 RANTAU BAYUR,10602461,SD,Negeri,-,0,0,0,0,0,6,0,0,http://dapo.dikdasmen.kemdikbud.go.id/sekolah/22772E6225EFFD19A6CD
Prov. Sumatera Selatan,Kab. Banyuasin,Kec. Rantau Bayur,SDN 13 RANTAU BAYUR,10602509,SD,Negeri,-,0,0,0,0,0,14,0,0,http://dapo.dikdasmen.kemdikbud.go.id/sekolah/2352E1B21F2D3C3BEA71
Prov. Sumatera Selatan,Kab. Banyuasin,Kec. Rantau Bayur,SDN 14 RANTAU BAYUR,10602459,SD,Negeri,-,0,0,0,0,0,3,1,1,http://dapo.dikdasmen.kemdikbud.go.id/sekolah/43869B9DABDD9AE88FB6
Prov. Sumatera Selatan,Kab. Banyuasin,Kec. Rantau Bayur,SDN 15 RANTAU BAYUR,10602351,SD,Negeri,-,0,0,0,0,0,6,0,0,http://dapo.dikdasmen.kemdikbud.go.id/sekolah/BFF5536277AC7791DDE4
Prov. Sumatera Selatan,Kab. Banyuasin,Kec. Rantau Bayur,SDN 16 RANTAU BAYUR,10602901,SD,Negeri,-,0,0,0,0,0,7,0,0,http://dapo.dikdasmen.kemdikbud.go.id/sekolah/667349A441F4B568BFFE
Prov. Sumatera Selatan,Kab. Banyuasin,Kec. Rantau Bayur,SDN 17 RANTAU BAYUR,10644872,SD,Negeri,-,0,0,0,0,0,6,0,0,http://dapo.dikdasmen.kemdikbud.go.id/sekolah/17EEA12300C51AF70F42
Prov. Sumatera Selatan,Kab. Banyuasin,Kec. Rantau Bayur,SDN 18 RANTAU BAYUR,10602881,SD,Negeri,-,0,0,0,0,0,6,0,0,http://dapo.dikdasmen.kemdikbud.go.id/sekolah/046C45836668C1A099E3
Prov. Sumatera Selatan,Kab. Banyuasin,Kec. Rantau Bayur,SDN 19 RANTAU BAYUR,10644874,SD,Negeri,-,0,0,0,0,0,6,0,0,http://dapo.dikdasmen.kemdikbud.go.id/sekolah/A96508B5876BD6FAD262
Prov. Sumatera Selatan,Kab. Banyuasin,Kec. Rantau Bayur,SDN 2 RANTAU BAYUR,10602716,SD,Negeri,-,0,0,0,0,0,6,0,0,http://dapo.dikdasmen.kemdikbud.go.id/sekolah/21A84B2FF144EB11C68D
Prov. Sumatera Selatan,Kab. Banyuasin,Kec. Rantau Bayur,SDN 20 RANTAU BAYUR,10644875,SD,Negeri,-,0,0,0,0,0,12,0,1,http://dapo.dikdasmen.kemdikbud.go.id/sekolah/03CF23D9B8EC8B2EABE6
Prov. Sumatera Selatan,Kab. Banyuasin,Kec. Rantau Bayur,SDN 21 RANTAU BAYUR,10602390,SD,Negeri,-,0,0,0,0,0,6,0,1,http://dapo.dikdasmen.kemdikbud.go.id/sekolah/6A73E22E294F4A187ECA
Prov. Sumatera Selatan,Kab. Banyuasin,Kec. Rantau Bayur,SDN 22 RANTAU BAYUR,10644870,SD,Negeri,-,0,0,0,0,0,9,0,0,http://dapo.dikdasmen.kemdikbud.go.id/sekolah/6D829A076B42948C23E9
Prov. Sumatera Selatan,Kab. Banyuasin,Kec. Rantau Bayur,SDN 23 RANTAU BAYUR,10602462,SD,Negeri,-,0,0,0,0,0,5,0,0,http://dapo.dikdasmen.kemdikbud.go.id/sekolah/F4CDE9E8F49820C0F711
Prov. Sumatera Selatan,Kab. Banyuasin,Kec. Rantau Bayur,SDN 24 RANTAU BAYUR,10602708,SD,Negeri,22 Aug 2019 23:14:24,5,60,6,8,1,6,0,0,http://dapo.dikdasmen.kemdikbud.go.id/sekolah/DF1347A5D176B95D5F6B
Prov. Sumatera Selatan,Kab. Banyuasin,Kec. Rantau Bayur,SDN 25 RANTAU BAYUR,10602889,SD,Negeri,-,0,0,0,0,0,5,0,2,http://dapo.dikdasmen.kemdikbud.go.id/sekolah/C8511241C76DA685AC15
Prov. Sumatera Selatan,Kab. Banyuasin,Kec. Rantau Bayur,SDN 26 RANTAU BAYUR,10602880,SD,Negeri,-,0,0,0,0,0,6,0,0,http://dapo.dikdasmen.kemdikbud.go.id/sekolah/00BC3F40AB8F2A3D1E20
Prov. Sumatera Selatan,Kab. Banyuasin,Kec. Rantau Bayur,SDN 27 RANTAU BAYUR,10602635,SD,Negeri,-,0,0,0,0,0,7,0,0,http://dapo.dikdasmen.kemdikbud.go.id/sekolah/B26A7F45617DFF672700
Prov. Sumatera Selatan,Kab. Banyuasin,Kec. Rantau Bayur,SDN 28 RANTAU BAYUR,10644873,SD,Negeri,-,0,0,0,0,0,6,0,0,http://dapo.dikdasmen.kemdikbud.go.id/sekolah/D91D028D59F1721F5B5E
Prov. Sumatera Selatan,Kab. Banyuasin,Kec. Rantau Bayur,SDN 29 RANTAU BAYUR,10602907,SD,Negeri,-,0,0,0,0,0,6,0,0,http://dapo.dikdasmen.kemdikbud.go.id/sekolah/240356632601C0EF1171
Prov. Sumatera Selatan,Kab. Banyuasin,Kec. Rantau Bayur,SDN 3 RANTAU BAYUR,10602709,SD,Negeri,-,0,0,0,0,0,8,0,1,http://dapo.dikdasmen.kemdikbud.go.id/sekolah/27E5D41F5E5EB4F0DA03
Prov. Sumatera Selatan,Kab. Banyuasin,Kec. Rantau Bayur,SDN 31 RANTAU BAYUR,10602953,SD,Negeri,22 Aug 2019 06:46:01,2,57,6,7,1,6,0,0,http://dapo.dikdasmen.kemdikbud.go.id/sekolah/E2901641665B480DA61E
Prov. Sumatera Selatan,Kab. Banyuasin,Kec. Rantau Bayur,SDN 32 RANTAU BAYUR,10602956,SD,Negeri,-,0,0,0,0,0,6,0,0,http://dapo.dikdasmen.kemdikbud.go.id/sekolah/D36AFC3A8D6451C43EDB
Prov. Sumatera Selatan,Kab. Banyuasin,Kec. Rantau Bayur,SDN 33 RANTAU BAYUR,10602612,SD,Negeri,-,0,0,0,0,0,9,0,1,http://dapo.dikdasmen.kemdikbud.go.id/sekolah/421A35CD71132004C20C
Prov. Sumatera Selatan,Kab. Banyuasin,Kec. Rantau Bayur,SDN 34 RANTAU BAYUR,10602631,SD,Negeri,-,0,0,0,0,0,5,1,2,http://dapo.dikdasmen.kemdikbud.go.id/sekolah/70E15EBBDCE257CB78FE
Prov. Sumatera Selatan,Kab. Banyuasin,Kec. Rantau Bayur,SDN 35 RANTAU BAYUR,10645950,SD,Negeri,-,0,0,0,0,0,6,0,1,http://dapo.dikdasmen.kemdikbud.go.id/sekolah/C8CEBF805DA4594ECA2F
Prov. Sumatera Selatan,Kab. Banyuasin,Kec. Rantau Bayur,SDN 36 RANTAU BAYUR,10602636,SD,Negeri,-,0,0,0,0,0,6,0,0,http://dapo.dikdasmen.kemdikbud.go.id/sekolah/3180FB75CF1D317DB7FD
Prov. Sumatera Selatan,Kab. Banyuasin,Kec. Rantau Bayur,SDN 37 RANTAU BAYUR,10602943,SD,Negeri,-,0,0,0,0,0,11,0,1,http://dapo.dikdasmen.kemdikbud.go.id/sekolah/E9BB4DE5CBD6C982A05A
Prov. Sumatera Selatan,Kab. Banyuasin,Kec. Rantau Bayur,SDN 38 RANTAU BAYUR,10644868,SD,Negeri,-,0,0,0,0,0,6,0,1,http://dapo.dikdasmen.kemdikbud.go.id/sekolah/041CCBE42114AE109950
Prov. Sumatera Selatan,Kab. Banyuasin,Kec. Rantau Bayur,SDN 4 RANTAU BAYUR,10644869,SD,Negeri,-,0,0,0,0,0,6,0,0,http://dapo.dikdasmen.kemdikbud.go.id/sekolah/20BF09FFED3E8D7D1A5A
Prov. Sumatera Selatan,Kab. Banyuasin,Kec. Rantau Bayur,SDN 5 RANTAU BAYUR,10602703,SD,Negeri,-,0,0,0,0,0,6,0,1,http://dapo.dikdasmen.kemdikbud.go.id/sekolah/D981E3F7D04A4489C8E3
Prov. Sumatera Selatan,Kab. Banyuasin,Kec. Rantau Bayur,SDN 6 RANTAU BAYUR,10602719,SD,Negeri,-,0,0,0,0,0,5,0,0,http://dapo.dikdasmen.kemdikbud.go.id/sekolah/48B4AC6D9F3D1ED57B68
Prov. Sumatera Selatan,Kab. Banyuasin,Kec. Rantau Bayur,SDN 7 RANTAU BAYUR,10644871,SD,Negeri,-,0,0,0,0,0,6,0,1,http://dapo.dikdasmen.kemdikbud.go.id/sekolah/D6A250E37EDB5CFA5294
Prov. Sumatera Selatan,Kab. Banyuasin,Kec. Rantau Bayur,SDN 8 RANTAU BAYUR,10602356,SD,Negeri,-,0,0,0,0,0,8,0,1,http://dapo.dikdasmen.kemdikbud.go.id/sekolah/445F01EE5846CCCCB524
Prov. Sumatera Selatan,Kab. Banyuasin,Kec. Rantau Bayur,SDN 9 RANTAU BAYUR,10602510,SD,Negeri,-,0,0,0,0,0,6,0,0,http://dapo.dikdasmen.kemdikbud.go.id/sekolah/5738DD526DE60970F200
Prov. Sumatera Selatan,Kab. Banyuasin,Kec. Rantau Bayur,SMPN 1 RANTAU BAYUR,10644954,SMP,Negeri,-,0,0,0,0,0,10,1,1,http://dapo.dikdasmen.kemdikbud.go.id/sekolah/10CD0CD81041CA243106
Prov. Sumatera Selatan,Kab. Banyuasin,Kec. Rantau Bayur,SMPN 2 RANTAU BAYUR,10645824,SMP,Negeri,-,0,0,0,0,0,3,1,1,http://dapo.dikdasmen.kemdikbud.go.id/sekolah/C6B60FD9277B33D37394
Prov. Sumatera Selatan,Kab. Banyuasin,Kec. Rantau Bayur,SMPN 3 RANTAU BAYUR,10645110,SMP,Negeri,-,0,0,0,0,0,7,1,1,http://dapo.dikdasmen.kemdikbud.go.id/sekolah/42B395D542FBEA5D7B55
Prov. Sumatera Selatan,Kab. Banyuasin,Kec. Rantau Bayur,SMPN 4 RANTAU BAYUR,10644652,SMP,Negeri,-,0,0,0,0,0,6,1,1,http://dapo.dikdasmen.kemdikbud.go.id/sekolah/52EDEC6ABD7268623E76
Prov. Sumatera Selatan,Kab. Banyuasin,Kec. Rantau Bayur,SMPN 5 RANTAU BAYUR,10645897,SMP,Negeri,23 Aug 2019 23:12:57,0,0,0,0,0,6,1,0,http://dapo.dikdasmen.kemdikbud.go.id/sekolah/ABC7F54C95AE15150505
Prov. Sumatera Selatan,Kab. Banyuasin,Kec. Rantau Bayur,SMPN 6 RANTAU BAYUR,10646284,SMP,Negeri,-,0,0,0,0,0,7,1,2,http://dapo.dikdasmen.kemdikbud.go.id/sekolah/FDF911E29098E53BCD12
Prov. Sumatera Selatan,Kab. Banyuasin,Kec. Rantau Bayur,SMPN 7 RANTAU BAYUR,69966123,SMP,Negeri,-,0,0,0,2,1,5,0,0,http://dapo.dikdasmen.kemdikbud.go.id/sekolah/1B54E93823E684A82E23
Prov. Sumatera Selatan,Kab. Banyuasin,Kec. Rantau Bayur,SMP PGRI SRIJAYA,10644988,SMP,Swasta,-,0,0,0,0,0,4,0,1,http://dapo.dikdasmen.kemdikbud.go.id/sekolah/EE2FEFE7C506B52A4142
Prov. Sumatera Selatan,Kab. Banyuasin,Kec. Rantau Bayur,SMAN 1 RANTAU BAYUR,10645825,SMA,Negeri,-,0,0,0,0,0,10,4,1,http://dapo.dikdasmen.kemdikbud.go.id/sekolah/2A725263A3EF52E927AD
