provinsi,kab_kota,kecamatan,nama_sekolah,npsn,bp,status,last_sync,jml_sync,pd,rombel,guru,pegawai,ruang_kelas,ruang_lab,ruang_perpus,url_sekolah
Prov. Sumatera Selatan,Kab. Banyuasin,Kec. Talang Kelapa,SDN 1 TALANG KELAPA,10602688,SD,Negeri,-,0,0,0,0,0,12,0,1,http://dapo.dikdasmen.kemdikbud.go.id/sekolah/CF87E146A0221F530E3A
Prov. Sumatera Selatan,Kab. Banyuasin,Kec. Talang Kelapa,SDN 10 TALANG KELAPA,10602801,SD,Negeri,-,0,0,0,0,0,8,0,1,http://dapo.dikdasmen.kemdikbud.go.id/sekolah/2B15B58CCE3750D1E8E4
Prov. Sumatera Selatan,Kab. Banyuasin,Kec. Talang Kelapa,SDN 11 TALANG KELAPA,10602640,SD,Negeri,-,0,0,0,0,0,7,0,1,http://dapo.dikdasmen.kemdikbud.go.id/sekolah/76F8CA9C8EC15E2244B7
Prov. Sumatera Selatan,Kab. Banyuasin,Kec. Talang Kelapa,SDN 12 TALANG KELAPA,10602952,SD,Negeri,-,0,0,0,0,0,10,0,1,http://dapo.dikdasmen.kemdikbud.go.id/sekolah/0F196DBE54A7F83FFCA3
Prov. Sumatera Selatan,Kab. Banyuasin,Kec. Talang Kelapa,SDN 13 TALANG KELAPA,10602951,SD,Negeri,-,0,0,0,0,0,9,0,1,http://dapo.dikdasmen.kemdikbud.go.id/sekolah/E6CEAA31B678C0CDD80E
Prov. Sumatera Selatan,Kab. Banyuasin,Kec. Talang Kelapa,SDN 14 TALANG KELAPA,10645935,SD,Negeri,-,0,0,0,0,0,6,0,1,http://dapo.dikdasmen.kemdikbud.go.id/sekolah/D9FBDE8D10E005D8EF88
Prov. Sumatera Selatan,Kab. Banyuasin,Kec. Talang Kelapa,SDN 15 TALANG KELAPA,10602895,SD,Negeri,-,0,0,0,0,0,8,0,1,http://dapo.dikdasmen.kemdikbud.go.id/sekolah/0F0165B9F06EDD9F6181
Prov. Sumatera Selatan,Kab. Banyuasin,Kec. Talang Kelapa,SDN 16 TALANG KELAPA,10602691,SD,Negeri,-,0,0,0,0,0,10,0,1,http://dapo.dikdasmen.kemdikbud.go.id/sekolah/9E773FEC82A7AFE5B22F
Prov. Sumatera Selatan,Kab. Banyuasin,Kec. Talang Kelapa,SDN 17 TALANG KELAPA,10602925,SD,Negeri,23 Aug 2019 20:29:00,5,262,10,15,3,6,0,1,http://dapo.dikdasmen.kemdikbud.go.id/sekolah/40E56D917AB5D9970F48
Prov. Sumatera Selatan,Kab. Banyuasin,Kec. Talang Kelapa,SDN 18 TALANG KELAPA,10602936,SD,Negeri,-,0,0,0,0,0,6,0,1,http://dapo.dikdasmen.kemdikbud.go.id/sekolah/1D4227BA9794C5193DC9
Prov. Sumatera Selatan,Kab. Banyuasin,Kec. Talang Kelapa,SDN 19 TALANG KELAPA,10602938,SD,Negeri,-,0,0,0,0,0,9,0,1,http://dapo.dikdasmen.kemdikbud.go.id/sekolah/640C3F426587E23EEE15
Prov. Sumatera Selatan,Kab. Banyuasin,Kec. Talang Kelapa,SDN 2 TALANG KELAPA,10602659,SD,Negeri,-,0,0,0,0,0,11,0,1,http://dapo.dikdasmen.kemdikbud.go.id/sekolah/C994E729B6D1A2FEC7FC
Prov. Sumatera Selatan,Kab. Banyuasin,Kec. Talang Kelapa,SDN 20 TALANG KELAPA,10602924,SD,Negeri,-,0,0,0,1,0,8,0,1,http://dapo.dikdasmen.kemdikbud.go.id/sekolah/6E193314D0DA081A79A0
Prov. Sumatera Selatan,Kab. Banyuasin,Kec. Talang Kelapa,SDN 21 TALANG KELAPA,10644810,SD,Negeri,-,0,0,0,0,0,17,1,1,http://dapo.dikdasmen.kemdikbud.go.id/sekolah/C211655D22E1D9F7CE0E
Prov. Sumatera Selatan,Kab. Banyuasin,Kec. Talang Kelapa,SDN 22 TALANG KELAPA,10602946,SD,Negeri,-,0,0,0,0,0,9,0,0,http://dapo.dikdasmen.kemdikbud.go.id/sekolah/C979CA327061AB1517D5
Prov. Sumatera Selatan,Kab. Banyuasin,Kec. Talang Kelapa,SDN 23 TALANG KELAPA,10644811,SD,Negeri,-,0,0,0,0,0,7,0,1,http://dapo.dikdasmen.kemdikbud.go.id/sekolah/A74D9BC6BD3B6C842597
Prov. Sumatera Selatan,Kab. Banyuasin,Kec. Talang Kelapa,SDN 24 TALANG KELAPA,10644812,SD,Negeri,-,0,0,0,0,0,8,0,1,http://dapo.dikdasmen.kemdikbud.go.id/sekolah/A9A6D043943DA2E723C1
Prov. Sumatera Selatan,Kab. Banyuasin,Kec. Talang Kelapa,SDN 25 TALANG KELAPA,10602827,SD,Negeri,-,0,0,0,0,0,7,0,0,http://dapo.dikdasmen.kemdikbud.go.id/sekolah/897E0B9EE42B5DBBC538
Prov. Sumatera Selatan,Kab. Banyuasin,Kec. Talang Kelapa,SDN 26 TALANG KELAPA,10602935,SD,Negeri,-,0,0,0,0,0,6,0,1,http://dapo.dikdasmen.kemdikbud.go.id/sekolah/C1C7A371E37A92224F2F
Prov. Sumatera Selatan,Kab. Banyuasin,Kec. Talang Kelapa,SDN 27 TALANG KELAPA,10602826,SD,Negeri,-,0,0,0,0,0,12,0,1,http://dapo.dikdasmen.kemdikbud.go.id/sekolah/72AEFC007D7BE0D031E3
Prov. Sumatera Selatan,Kab. Banyuasin,Kec. Talang Kelapa,SDN 28 TALANG KELAPA,10602830,SD,Negeri,-,0,0,0,0,0,6,0,1,http://dapo.dikdasmen.kemdikbud.go.id/sekolah/0A190ECFEF410583F299
Prov. Sumatera Selatan,Kab. Banyuasin,Kec. Talang Kelapa,SDN 29 TALANG KELAPA,10602832,SD,Negeri,-,0,0,0,0,2,6,0,1,http://dapo.dikdasmen.kemdikbud.go.id/sekolah/A6159000F0559C587591
Prov. Sumatera Selatan,Kab. Banyuasin,Kec. Talang Kelapa,SDN 3 TALANG KELAPA,10602689,SD,Negeri,-,0,0,0,0,0,5,0,0,http://dapo.dikdasmen.kemdikbud.go.id/sekolah/46E441C1917638ED5B18
Prov. Sumatera Selatan,Kab. Banyuasin,Kec. Talang Kelapa,SDN 30 TALANG KELAPA,10602886,SD,Negeri,-,0,0,0,0,0,10,0,0,http://dapo.dikdasmen.kemdikbud.go.id/sekolah/DF35748118F4D6A1B1AF
Prov. Sumatera Selatan,Kab. Banyuasin,Kec. Talang Kelapa,SDN 31 TALANG KELAPA,10602927,SD,Negeri,-,0,0,0,0,0,5,0,0,http://dapo.dikdasmen.kemdikbud.go.id/sekolah/280B7D35BF60EBF6ACA3
Prov. Sumatera Selatan,Kab. Banyuasin,Kec. Talang Kelapa,SDN 32 TALANG KELAPA,10602823,SD,Negeri,-,0,0,0,0,0,13,0,1,http://dapo.dikdasmen.kemdikbud.go.id/sekolah/8903A5B2927DBDB5DFBA
Prov. Sumatera Selatan,Kab. Banyuasin,Kec. Talang Kelapa,SDN 33 TALANG KELAPA,10602829,SD,Negeri,-,0,0,0,0,0,8,0,1,http://dapo.dikdasmen.kemdikbud.go.id/sekolah/D17FA73CA0E8B759ACD3
Prov. Sumatera Selatan,Kab. Banyuasin,Kec. Talang Kelapa,SDN 34 TALANG KELAPA,10644809,SD,Negeri,-,0,0,0,0,0,12,0,1,http://dapo.dikdasmen.kemdikbud.go.id/sekolah/E6C7AC6CE67D0FF3C2A8
Prov. Sumatera Selatan,Kab. Banyuasin,Kec. Talang Kelapa,SDN 35 TALANG KELAPA,10644815,SD,Negeri,-,0,0,0,0,0,8,0,1,http://dapo.dikdasmen.kemdikbud.go.id/sekolah/4CEADA901D0ECEABA34B
Prov. Sumatera Selatan,Kab. Banyuasin,Kec. Talang Kelapa,SDN 36 TALANG KELAPA,10647742,SD,Negeri,-,0,0,0,0,0,5,0,1,http://dapo.dikdasmen.kemdikbud.go.id/sekolah/DA39B10B1DA63E169B4F
Prov. Sumatera Selatan,Kab. Banyuasin,Kec. Talang Kelapa,SDN 37 TALANG KELAPA,69953661,SD,Negeri,-,0,0,0,0,0,4,0,0,http://dapo.dikdasmen.kemdikbud.go.id/sekolah/EC58F9C9DBC63019475E
Prov. Sumatera Selatan,Kab. Banyuasin,Kec. Talang Kelapa,SDN 4 TALANG KELAPA,10602885,SD,Negeri,-,0,0,0,0,0,7,0,0,http://dapo.dikdasmen.kemdikbud.go.id/sekolah/B9401C294BA0A18DADCC
Prov. Sumatera Selatan,Kab. Banyuasin,Kec. Talang Kelapa,SDN 5 TALANG KELAPA,10602339,SD,Negeri,-,0,0,0,0,0,7,0,0,http://dapo.dikdasmen.kemdikbud.go.id/sekolah/2564A0AB9F98137BF773
Prov. Sumatera Selatan,Kab. Banyuasin,Kec. Talang Kelapa,SDN 6 TALANG KELAPA,10602653,SD,Negeri,-,0,0,0,0,0,9,0,1,http://dapo.dikdasmen.kemdikbud.go.id/sekolah/486ECE4C45B7D31EAE4C
Prov. Sumatera Selatan,Kab. Banyuasin,Kec. Talang Kelapa,SDN 7 TALANG KELAPA,10644814,SD,Negeri,-,0,0,0,0,0,13,0,1,http://dapo.dikdasmen.kemdikbud.go.id/sekolah/DE88016844D1F603CEAD
Prov. Sumatera Selatan,Kab. Banyuasin,Kec. Talang Kelapa,SDN 8 TALANG KELAPA,10602884,SD,Negeri,-,0,0,0,0,0,8,0,1,http://dapo.dikdasmen.kemdikbud.go.id/sekolah/8A40A4F9F0148FE17E32
Prov. Sumatera Selatan,Kab. Banyuasin,Kec. Talang Kelapa,SDN 9 TALANG KELAPA,10602638,SD,Negeri,-,0,0,0,0,0,10,0,1,http://dapo.dikdasmen.kemdikbud.go.id/sekolah/3D91363865851C3E608C
Prov. Sumatera Selatan,Kab. Banyuasin,Kec. Talang Kelapa,SD IT IZZATUNA,10646363,SD,Swasta,-,0,0,0,0,0,17,3,2,http://dapo.dikdasmen.kemdikbud.go.id/sekolah/A8566B5766F4336A32EF
Prov. Sumatera Selatan,Kab. Banyuasin,Kec. Talang Kelapa,SD IT MUFIDATUL ILMI,69849608,SD,Swasta,-,0,0,0,0,0,4,0,0,http://dapo.dikdasmen.kemdikbud.go.id/sekolah/88506095BC5855955754
Prov. Sumatera Selatan,Kab. Banyuasin,Kec. Talang Kelapa,SD NOMENSEN,10644882,SD,Swasta,-,0,0,0,0,0,6,0,0,http://dapo.dikdasmen.kemdikbud.go.id/sekolah/0496FE6B7F9B319F17BC
Prov. Sumatera Selatan,Kab. Banyuasin,Kec. Talang Kelapa,SD NURUL ILMI,69939323,SD,Swasta,-,0,0,0,0,0,8,2,1,http://dapo.dikdasmen.kemdikbud.go.id/sekolah/BB07617C985851A6A9E2
Prov. Sumatera Selatan,Kab. Banyuasin,Kec. Talang Kelapa,SD PPT HIDAYATULLAH,10644883,SD,Swasta,-,0,0,0,0,0,6,0,1,http://dapo.dikdasmen.kemdikbud.go.id/sekolah/CA385381B5A9CB712AF8
Prov. Sumatera Selatan,Kab. Banyuasin,Kec. Talang Kelapa,SMPN 1 TALANG KELAPA,10602557,SMP,Negeri,-,0,0,0,0,0,32,6,1,http://dapo.dikdasmen.kemdikbud.go.id/sekolah/C4100FEA3CE5A523B97A
Prov. Sumatera Selatan,Kab. Banyuasin,Kec. Talang Kelapa,SMPN 2 TALANG KELAPA,10644653,SMP,Negeri,-,0,0,0,0,0,7,0,2,http://dapo.dikdasmen.kemdikbud.go.id/sekolah/E650E75102DA3A051B55
Prov. Sumatera Selatan,Kab. Banyuasin,Kec. Talang Kelapa,SMPN 3 TALANG KELAPA,69946433,SMP,Negeri,-,0,0,0,0,0,6,0,0,http://dapo.dikdasmen.kemdikbud.go.id/sekolah/A2485AEE8D915DF88A7A
Prov. Sumatera Selatan,Kab. Banyuasin,Kec. Talang Kelapa,SMPN 4 TALANG KELAPA,69966124,SMP,Negeri,-,0,0,0,0,0,7,1,1,http://dapo.dikdasmen.kemdikbud.go.id/sekolah/7C9B7D64C5C27DD91B48
Prov. Sumatera Selatan,Kab. Banyuasin,Kec. Talang Kelapa,SMPN 5 TALANG KELAPA,69987929,SMP,Negeri,-,0,0,0,4,1,0,0,0,http://dapo.dikdasmen.kemdikbud.go.id/sekolah/90FDDD080108DFF85E95
Prov. Sumatera Selatan,Kab. Banyuasin,Kec. Talang Kelapa,SMP HARAPAN IBU,10645822,SMP,Swasta,-,0,0,0,0,0,5,1,1,http://dapo.dikdasmen.kemdikbud.go.id/sekolah/85277A3452922FB518F0
Prov. Sumatera Selatan,Kab. Banyuasin,Kec. Talang Kelapa,SMP IT MUFIDATUL ILMI,69979116,SMP,Swasta,-,0,0,0,0,0,1,0,0,http://dapo.dikdasmen.kemdikbud.go.id/sekolah/E08D60BB0336A31FFD25
Prov. Sumatera Selatan,Kab. Banyuasin,Kec. Talang Kelapa,SMP METHODIST 1 TALANG KELAPA,69931833,SMP,Swasta,-,0,0,0,0,0,7,0,1,http://dapo.dikdasmen.kemdikbud.go.id/sekolah/909B5009B9712C348DF1
Prov. Sumatera Selatan,Kab. Banyuasin,Kec. Talang Kelapa,SMP PGRI SUKAMORO,10644981,SMP,Swasta,-,0,0,0,0,0,9,2,1,http://dapo.dikdasmen.kemdikbud.go.id/sekolah/6DCD25D3571501AF547F
Prov. Sumatera Selatan,Kab. Banyuasin,Kec. Talang Kelapa,SMP PPT HIDAYATULLAH,10644987,SMP,Swasta,-,0,0,0,0,0,3,0,1,http://dapo.dikdasmen.kemdikbud.go.id/sekolah/FF3779E665E345BBA3F9
Prov. Sumatera Selatan,Kab. Banyuasin,Kec. Talang Kelapa,SMP SANDIKA,10644982,SMP,Swasta,-,0,0,0,0,0,19,0,1,http://dapo.dikdasmen.kemdikbud.go.id/sekolah/6551F3C675FAE73E0F8D
Prov. Sumatera Selatan,Kab. Banyuasin,Kec. Talang Kelapa,SMP YAPI AIR BATU,10644983,SMP,Swasta,-,0,0,0,0,0,5,0,0,http://dapo.dikdasmen.kemdikbud.go.id/sekolah/67A3EE9E2DAF69E2981C
Prov. Sumatera Selatan,Kab. Banyuasin,Kec. Talang Kelapa,SMAN 1 TALANG KELAPA,10602546,SMA,Negeri,-,0,0,0,0,0,23,5,1,http://dapo.dikdasmen.kemdikbud.go.id/sekolah/A85E0F750B9A30018728
Prov. Sumatera Selatan,Kab. Banyuasin,Kec. Talang Kelapa,SMA NURUL ILMI,69893381,SMA,Swasta,-,0,0,0,0,0,3,4,1,http://dapo.dikdasmen.kemdikbud.go.id/sekolah/9983041CEAC066A0AAE7
Prov. Sumatera Selatan,Kab. Banyuasin,Kec. Talang Kelapa,SMAS BINA MANDIRI,10645022,SMA,Swasta,-,0,0,0,0,0,11,4,1,http://dapo.dikdasmen.kemdikbud.go.id/sekolah/686FB1D4E3A11A42FCD7
Prov. Sumatera Selatan,Kab. Banyuasin,Kec. Talang Kelapa,SMAS METHODIST 4,10645023,SMA,Swasta,-,0,0,0,0,0,8,5,1,http://dapo.dikdasmen.kemdikbud.go.id/sekolah/B8318C99E412F35283C2
Prov. Sumatera Selatan,Kab. Banyuasin,Kec. Talang Kelapa,SMAS SANDIKA SUKAJADI,10645021,SMA,Swasta,-,0,0,0,0,0,8,1,1,http://dapo.dikdasmen.kemdikbud.go.id/sekolah/7B98454DFC98E7995245
Prov. Sumatera Selatan,Kab. Banyuasin,Kec. Talang Kelapa,SMK NURUL ILMI,69893382,SMK,Swasta,-,0,0,0,0,0,6,4,1,http://dapo.dikdasmen.kemdikbud.go.id/sekolah/D5CA871BAFC220CD7F2E
