provinsi,kab_kota,kecamatan,nama_sekolah,npsn,bp,status,last_sync,jml_sync,pd,rombel,guru,pegawai,ruang_kelas,ruang_lab,ruang_perpus,url_sekolah
Prov. Sulawesi Tengah,Kab. Banggai Kepulauan,Kec. Bulagi Utara,SD INPRES LUKPANENTENG,40200387,SD,Negeri,-,0,0,0,0,0,6,0,0,http://dapo.dikdasmen.kemdikbud.go.id/sekolah/BD5CA40C05AC81033492
Prov. Sulawesi Tengah,Kab. Banggai Kepulauan,Kec. Bulagi Utara,SD INPRES MANDOK,40200382,SD,Negeri,-,0,0,0,0,0,6,0,1,http://dapo.dikdasmen.kemdikbud.go.id/sekolah/214D3FEC17C3947F37CA
Prov. Sulawesi Tengah,Kab. Banggai Kepulauan,Kec. Bulagi Utara,SD INPRES MINANGA,40200379,SD,Negeri,-,0,0,0,0,0,7,0,1,http://dapo.dikdasmen.kemdikbud.go.id/sekolah/CA20275BBD7A768340F8
Prov. Sulawesi Tengah,Kab. Banggai Kepulauan,Kec. Bulagi Utara,SD INPRES POGANDA,40200407,SD,Negeri,23 Aug 2019 21:07:55,2,29,5,5,1,5,0,1,http://dapo.dikdasmen.kemdikbud.go.id/sekolah/4595B79968001DD64E39
Prov. Sulawesi Tengah,Kab. Banggai Kepulauan,Kec. Bulagi Utara,SD NEGERI BAKALINGA,40200163,SD,Negeri,-,0,0,0,0,0,6,0,1,http://dapo.dikdasmen.kemdikbud.go.id/sekolah/4B3E0E494AA666F81287
Prov. Sulawesi Tengah,Kab. Banggai Kepulauan,Kec. Bulagi Utara,SD NEGERI BOLUBUNG,40200154,SD,Negeri,-,0,0,0,0,0,6,0,0,http://dapo.dikdasmen.kemdikbud.go.id/sekolah/563960D97C2A390E70FE
Prov. Sulawesi Tengah,Kab. Banggai Kepulauan,Kec. Bulagi Utara,SD NEGERI MONTOP,40200114,SD,Negeri,-,0,0,0,0,0,7,0,1,http://dapo.dikdasmen.kemdikbud.go.id/sekolah/0A8B51CB33BA805E121E
Prov. Sulawesi Tengah,Kab. Banggai Kepulauan,Kec. Bulagi Utara,SD NEGERI OMBULI,40200105,SD,Negeri,-,0,0,0,0,0,6,0,1,http://dapo.dikdasmen.kemdikbud.go.id/sekolah/BEC03CCB0BD67977BB98
Prov. Sulawesi Tengah,Kab. Banggai Kepulauan,Kec. Bulagi Utara,SD NEGERI PAISULUNO,40200101,SD,Negeri,-,0,0,0,0,0,6,0,0,http://dapo.dikdasmen.kemdikbud.go.id/sekolah/8905FDCD4003353AD271
Prov. Sulawesi Tengah,Kab. Banggai Kepulauan,Kec. Bulagi Utara,SD NEGERI SABANG,40204090,SD,Negeri,-,0,0,0,0,0,6,0,1,http://dapo.dikdasmen.kemdikbud.go.id/sekolah/CA2591324F560FB851CC
Prov. Sulawesi Tengah,Kab. Banggai Kepulauan,Kec. Bulagi Utara,SD NEGERI SAMBULANGAN,40200100,SD,Negeri,-,0,0,0,0,0,6,0,1,http://dapo.dikdasmen.kemdikbud.go.id/sekolah/C039FA41704DC2C5D693
Prov. Sulawesi Tengah,Kab. Banggai Kepulauan,Kec. Bulagi Utara,SDN INPRES BANGUNEMO,40200267,SD,Negeri,-,0,0,0,0,0,6,0,1,http://dapo.dikdasmen.kemdikbud.go.id/sekolah/6560A224180A988D303E
Prov. Sulawesi Tengah,Kab. Banggai Kepulauan,Kec. Bulagi Utara,SDN INPRES KOYOBUNGA,40200281,SD,Negeri,-,0,0,0,0,0,6,0,0,http://dapo.dikdasmen.kemdikbud.go.id/sekolah/5FBF2D07A4C15DB11D7F
Prov. Sulawesi Tengah,Kab. Banggai Kepulauan,Kec. Bulagi Utara,SD GKLB Sabang,40200327,SD,Swasta,-,0,0,0,0,0,6,0,0,http://dapo.dikdasmen.kemdikbud.go.id/sekolah/784BFEC66E75FE7B8ECC
Prov. Sulawesi Tengah,Kab. Banggai Kepulauan,Kec. Bulagi Utara,SMP NEGERI 1 BULAGI UTARA,40200214,SMP,Negeri,-,0,0,0,0,0,7,1,1,http://dapo.dikdasmen.kemdikbud.go.id/sekolah/6C67A34CE6FF36B069BC
Prov. Sulawesi Tengah,Kab. Banggai Kepulauan,Kec. Bulagi Utara,SMP Negeri 2 Bulagi Utara,40204006,SMP,Negeri,-,0,0,0,0,0,6,1,1,http://dapo.dikdasmen.kemdikbud.go.id/sekolah/75A2B638F40B6D0E02DF
Prov. Sulawesi Tengah,Kab. Banggai Kepulauan,Kec. Bulagi Utara,SMP NEGERI 3 BULAGI UTARA,69733952,SMP,Negeri,-,0,0,0,0,0,4,0,0,http://dapo.dikdasmen.kemdikbud.go.id/sekolah/CE6C76884B5C35331C46
Prov. Sulawesi Tengah,Kab. Banggai Kepulauan,Kec. Bulagi Utara,SMP NEGERI 4 BULAGI UTARA,69952337,SMP,Negeri,-,0,0,0,0,0,3,0,0,http://dapo.dikdasmen.kemdikbud.go.id/sekolah/F2BCC2A3B3172946EA32
Prov. Sulawesi Tengah,Kab. Banggai Kepulauan,Kec. Bulagi Utara,SMP NEGERI SATU ATAP BAKALINGA,60726316,SMP,Negeri,-,0,0,0,0,0,3,0,0,http://dapo.dikdasmen.kemdikbud.go.id/sekolah/3EF9741539C4550CCC61
Prov. Sulawesi Tengah,Kab. Banggai Kepulauan,Kec. Bulagi Utara,SMP NEGERI SATU ATAP LUKPANENTENG,40206277,SMP,Negeri,-,0,0,0,0,0,2,1,1,http://dapo.dikdasmen.kemdikbud.go.id/sekolah/8BE9A3A6AC1244AE4BCC
Prov. Sulawesi Tengah,Kab. Banggai Kepulauan,Kec. Bulagi Utara,SMP NEGERI SATU ATAP OMBULI,40206717,SMP,Negeri,-,0,0,0,0,0,4,0,1,http://dapo.dikdasmen.kemdikbud.go.id/sekolah/01D82E83CA735EDDB5AC
Prov. Sulawesi Tengah,Kab. Banggai Kepulauan,Kec. Bulagi Utara,SMP KRISTEN SABANG,40200196,SMP,Swasta,-,0,0,0,0,0,3,0,0,http://dapo.dikdasmen.kemdikbud.go.id/sekolah/D22FE067626B069FF3A8
Prov. Sulawesi Tengah,Kab. Banggai Kepulauan,Kec. Bulagi Utara,SMA NEGERI BULAGI UTARA,69822746,SMA,Negeri,-,0,0,0,0,0,3,0,0,http://dapo.dikdasmen.kemdikbud.go.id/sekolah/8E8225F98995CCD377EE
Prov. Sulawesi Tengah,Kab. Banggai Kepulauan,Kec. Bulagi Utara,SMAN 2 BULAGI UTARA,69963985,SMA,Negeri,-,0,0,0,0,0,7,0,1,http://dapo.dikdasmen.kemdikbud.go.id/sekolah/5D21E6529CFC587A9F45
Prov. Sulawesi Tengah,Kab. Banggai Kepulauan,Kec. Bulagi Utara,SMK NEGERI 2 BULAGI UTARA,69945345,SMK,Negeri,-,0,0,0,0,0,4,0,0,http://dapo.dikdasmen.kemdikbud.go.id/sekolah/C95C36EF15BE376203D1
Prov. Sulawesi Tengah,Kab. Banggai Kepulauan,Kec. Bulagi Utara,SMKN 1 BULAGI UTARA,40204369,SMK,Negeri,-,0,0,0,0,0,7,1,1,http://dapo.dikdasmen.kemdikbud.go.id/sekolah/4C59218D5ADD6B36B0E7
Prov. Sulawesi Tengah,Kab. Banggai Kepulauan,Kec. Bulagi Utara,SMK KRISTEN BUKIT SINAI BULAGI UTARA,40206480,SMK,Swasta,-,0,0,0,0,0,9,2,1,http://dapo.dikdasmen.kemdikbud.go.id/sekolah/528F21C7A8D2A1422CC2
