provinsi,kab_kota,kecamatan,nama_sekolah,npsn,bp,status,last_sync,jml_sync,pd,rombel,guru,pegawai,ruang_kelas,ruang_lab,ruang_perpus,url_sekolah
Prov. Bali,Kab. Bangli,Kec. Kintamani,SD NEGERI 1 ABANG BATUDINDING,50102484,SD,Negeri,-,0,0,0,0,0,6,0,1,http://dapo.dikdasmen.kemdikbud.go.id/sekolah/57777ECFAA13719E7BEE
Prov. Bali,Kab. Bangli,Kec. Kintamani,SD NEGERI 1 BATUR,50102611,SD,Negeri,-,0,0,0,0,0,6,0,0,http://dapo.dikdasmen.kemdikbud.go.id/sekolah/02D6D06F91DCB236ECE3
Prov. Bali,Kab. Bangli,Kec. Kintamani,SD NEGERI 1 BELANTIH,50102609,SD,Negeri,-,0,0,0,0,0,5,0,1,http://dapo.dikdasmen.kemdikbud.go.id/sekolah/1DD3106C3A7A1FD7BFA5
Prov. Bali,Kab. Bangli,Kec. Kintamani,SD NEGERI 1 BUAHAN,50102607,SD,Negeri,-,0,0,0,0,0,6,0,1,http://dapo.dikdasmen.kemdikbud.go.id/sekolah/CD3F498D2BD7F67AB957
Prov. Bali,Kab. Bangli,Kec. Kintamani,SD NEGERI 1 DAUSA,50102619,SD,Negeri,-,0,0,0,0,0,7,0,1,http://dapo.dikdasmen.kemdikbud.go.id/sekolah/53BBD97067A482DDBDC0
Prov. Bali,Kab. Bangli,Kec. Kintamani,SD NEGERI 1 KINTAMANI,50102630,SD,Negeri,-,0,0,0,0,0,6,0,1,http://dapo.dikdasmen.kemdikbud.go.id/sekolah/EA6F77FA5F05E3CE1F4C
Prov. Bali,Kab. Bangli,Kec. Kintamani,SD NEGERI 1 SATERA,50102621,SD,Negeri,-,0,0,0,0,0,5,0,1,http://dapo.dikdasmen.kemdikbud.go.id/sekolah/0888CA81322E96CABD92
Prov. Bali,Kab. Bangli,Kec. Kintamani,SD NEGERI 1 SONGAN,50102620,SD,Negeri,-,0,0,0,0,0,8,0,0,http://dapo.dikdasmen.kemdikbud.go.id/sekolah/CDD09996A0678A6E6F25
Prov. Bali,Kab. Bangli,Kec. Kintamani,SD NEGERI 1 SUKAWANA,50102606,SD,Negeri,-,0,0,0,0,0,6,0,1,http://dapo.dikdasmen.kemdikbud.go.id/sekolah/764E43D996A0D1814D5E
Prov. Bali,Kab. Bangli,Kec. Kintamani,SD NEGERI 1 TERUNYAN,50102588,SD,Negeri,-,0,0,0,0,0,6,0,1,http://dapo.dikdasmen.kemdikbud.go.id/sekolah/EC0F757E2EF31E4BDC08
Prov. Bali,Kab. Bangli,Kec. Kintamani,SD NEGERI 2 Abangbatudinding,50105579,SD,Negeri,-,0,0,0,0,0,6,0,1,http://dapo.dikdasmen.kemdikbud.go.id/sekolah/0F6A3BA55E276A5477AE
Prov. Bali,Kab. Bangli,Kec. Kintamani,SD NEGERI 2 BATUR,50102592,SD,Negeri,-,0,0,0,0,0,6,0,0,http://dapo.dikdasmen.kemdikbud.go.id/sekolah/8C08FCD6A3F857ACA321
Prov. Bali,Kab. Bangli,Kec. Kintamani,SD NEGERI 2 BELANTIH,50102594,SD,Negeri,-,0,0,0,0,0,7,0,1,http://dapo.dikdasmen.kemdikbud.go.id/sekolah/95E86AB68B8BD0D0F9B0
Prov. Bali,Kab. Bangli,Kec. Kintamani,SD NEGERI 2 BUAHAN,50102604,SD,Negeri,-,0,0,0,0,0,6,0,1,http://dapo.dikdasmen.kemdikbud.go.id/sekolah/FD8936DBB67B77062B88
Prov. Bali,Kab. Bangli,Kec. Kintamani,SD NEGERI 2 DAUSA,50102601,SD,Negeri,-,0,0,0,0,0,6,0,1,http://dapo.dikdasmen.kemdikbud.go.id/sekolah/940FC0B77B017FEA6851
Prov. Bali,Kab. Bangli,Kec. Kintamani,SD NEGERI 2 KINTAMANI,50102595,SD,Negeri,-,0,0,0,0,0,8,0,0,http://dapo.dikdasmen.kemdikbud.go.id/sekolah/449ACE93D70980300AE0
Prov. Bali,Kab. Bangli,Kec. Kintamani,SD NEGERI 2 SATERA,50102664,SD,Negeri,-,0,0,0,0,0,6,0,1,http://dapo.dikdasmen.kemdikbud.go.id/sekolah/B31E0E5E3D8BF17710CF
Prov. Bali,Kab. Bangli,Kec. Kintamani,SD NEGERI 2 SONGAN,50102663,SD,Negeri,-,0,0,0,0,0,6,0,1,http://dapo.dikdasmen.kemdikbud.go.id/sekolah/DBA5C50002AC820C0AD4
Prov. Bali,Kab. Bangli,Kec. Kintamani,SD NEGERI 2 SUKAWANA,50102662,SD,Negeri,-,0,0,0,0,0,6,0,1,http://dapo.dikdasmen.kemdikbud.go.id/sekolah/75988AE4697AB09A7883
Prov. Bali,Kab. Bangli,Kec. Kintamani,SD NEGERI 2 TERUNYAN,50102657,SD,Negeri,-,0,0,0,0,0,6,0,1,http://dapo.dikdasmen.kemdikbud.go.id/sekolah/7F865C01FE555DCF289D
Prov. Bali,Kab. Bangli,Kec. Kintamani,SD NEGERI 3 BATUR,50102680,SD,Negeri,-,0,0,0,0,0,8,0,1,http://dapo.dikdasmen.kemdikbud.go.id/sekolah/FE13A310FF806DCA71EC
Prov. Bali,Kab. Bangli,Kec. Kintamani,SD NEGERI 3 BELANTIH,50102677,SD,Negeri,-,0,0,0,0,0,7,0,1,http://dapo.dikdasmen.kemdikbud.go.id/sekolah/1436EFAFB667F34355C5
Prov. Bali,Kab. Bangli,Kec. Kintamani,SD NEGERI 3 DAUSA,50102674,SD,Negeri,-,0,0,0,0,0,4,0,0,http://dapo.dikdasmen.kemdikbud.go.id/sekolah/34ABC77C8F9963DEAEDF
Prov. Bali,Kab. Bangli,Kec. Kintamani,SD NEGERI 3 KINTAMANI,50102655,SD,Negeri,-,0,0,0,0,0,7,0,1,http://dapo.dikdasmen.kemdikbud.go.id/sekolah/9BA0D3EE2230C2DEEC70
Prov. Bali,Kab. Bangli,Kec. Kintamani,SD NEGERI 3 SATERA,50102543,SD,Negeri,-,0,0,0,0,0,6,0,1,http://dapo.dikdasmen.kemdikbud.go.id/sekolah/FD635A0A1B0BD206696B
Prov. Bali,Kab. Bangli,Kec. Kintamani,SD NEGERI 3 SONGAN,50102639,SD,Negeri,-,0,0,0,0,0,10,0,1,http://dapo.dikdasmen.kemdikbud.go.id/sekolah/ABA27D66B67FB2945E09
Prov. Bali,Kab. Bangli,Kec. Kintamani,SD NEGERI 3 SUKAWANA,50103617,SD,Negeri,-,0,0,0,0,0,6,0,1,http://dapo.dikdasmen.kemdikbud.go.id/sekolah/3E2979E89E607D4DA2EC
Prov. Bali,Kab. Bangli,Kec. Kintamani,SD NEGERI 3 TERUNYAN,50102635,SD,Negeri,-,0,0,0,0,0,6,0,1,http://dapo.dikdasmen.kemdikbud.go.id/sekolah/4DCFE140B7C573BB8FC7
Prov. Bali,Kab. Bangli,Kec. Kintamani,SD NEGERI 4 BATUR,50102644,SD,Negeri,-,0,0,0,0,0,6,0,1,http://dapo.dikdasmen.kemdikbud.go.id/sekolah/7DED815A074F6A60836A
Prov. Bali,Kab. Bangli,Kec. Kintamani,SD NEGERI 4 KINTAMANI,50102649,SD,Negeri,-,0,0,0,0,0,6,0,1,http://dapo.dikdasmen.kemdikbud.go.id/sekolah/F62633C28B7B24E6AF39
Prov. Bali,Kab. Bangli,Kec. Kintamani,SD NEGERI 4 SONGAN,50102646,SD,Negeri,-,0,0,0,0,0,6,0,1,http://dapo.dikdasmen.kemdikbud.go.id/sekolah/AB9E01E253DFD652D941
Prov. Bali,Kab. Bangli,Kec. Kintamani,SD NEGERI 4 SUKAWANA,50103656,SD,Negeri,-,0,0,0,0,0,13,0,1,http://dapo.dikdasmen.kemdikbud.go.id/sekolah/CC8E62BAA31ECB986333
Prov. Bali,Kab. Bangli,Kec. Kintamani,SD NEGERI 5 BATUR,50102513,SD,Negeri,-,0,0,0,0,0,6,0,1,http://dapo.dikdasmen.kemdikbud.go.id/sekolah/5158B94DED7371D8BAAB
Prov. Bali,Kab. Bangli,Kec. Kintamani,SD NEGERI 5 SONGAN,50102507,SD,Negeri,-,0,0,0,0,0,12,0,1,http://dapo.dikdasmen.kemdikbud.go.id/sekolah/35EF0294109D48161CB3
Prov. Bali,Kab. Bangli,Kec. Kintamani,SD NEGERI 6 BATUR,50102526,SD,Negeri,-,0,0,0,0,0,11,0,0,http://dapo.dikdasmen.kemdikbud.go.id/sekolah/1EB98451AA4BE511FD27
Prov. Bali,Kab. Bangli,Kec. Kintamani,SD NEGERI 6 SONGAN,50102522,SD,Negeri,-,0,0,0,0,0,8,0,1,http://dapo.dikdasmen.kemdikbud.go.id/sekolah/875F909042B21D1F620D
Prov. Bali,Kab. Bangli,Kec. Kintamani,SD NEGERI 7 BATUR,50102519,SD,Negeri,-,0,0,0,0,0,6,0,1,http://dapo.dikdasmen.kemdikbud.go.id/sekolah/4AADAAD5EECDDED5CAC1
Prov. Bali,Kab. Bangli,Kec. Kintamani,SD NEGERI 7 Songan,50105499,SD,Negeri,-,0,0,0,0,0,7,0,1,http://dapo.dikdasmen.kemdikbud.go.id/sekolah/BD47BA7D1C17C8653FDD
Prov. Bali,Kab. Bangli,Kec. Kintamani,SD Negeri 8 Songan,69830435,SD,Negeri,-,0,0,0,0,0,6,0,1,http://dapo.dikdasmen.kemdikbud.go.id/sekolah/0EB0CB14D0F2A1344C59
Prov. Bali,Kab. Bangli,Kec. Kintamani,SD Negeri 9 Songan,69900073,SD,Negeri,-,0,0,0,0,0,6,0,1,http://dapo.dikdasmen.kemdikbud.go.id/sekolah/7F8EA3E9DE45E51B8305
Prov. Bali,Kab. Bangli,Kec. Kintamani,SD NEGERI ABANGSONGAN,50102483,SD,Negeri,-,0,0,0,0,0,6,0,1,http://dapo.dikdasmen.kemdikbud.go.id/sekolah/E8D1D31DD9A7B0093810
Prov. Bali,Kab. Bangli,Kec. Kintamani,SD NEGERI ABUAN,50103618,SD,Negeri,-,0,0,0,0,0,6,0,1,http://dapo.dikdasmen.kemdikbud.go.id/sekolah/2CA7F131C21427510DA0
Prov. Bali,Kab. Bangli,Kec. Kintamani,SD NEGERI AWAN,50102482,SD,Negeri,-,0,0,0,0,0,7,0,1,http://dapo.dikdasmen.kemdikbud.go.id/sekolah/8E5E69B0A0AEEAE3CB4C
Prov. Bali,Kab. Bangli,Kec. Kintamani,SD NEGERI BANTANG,50102481,SD,Negeri,-,0,0,0,0,0,5,0,1,http://dapo.dikdasmen.kemdikbud.go.id/sekolah/3E5F67EE161FB045CD07
Prov. Bali,Kab. Bangli,Kec. Kintamani,SD NEGERI BANUA,50102598,SD,Negeri,-,0,0,0,0,0,7,0,1,http://dapo.dikdasmen.kemdikbud.go.id/sekolah/1FA38A33BB82E67EBCDB
Prov. Bali,Kab. Bangli,Kec. Kintamani,SD NEGERI BATUKAANG,50102480,SD,Negeri,-,0,0,0,0,0,7,0,1,http://dapo.dikdasmen.kemdikbud.go.id/sekolah/0B7EAC0ED4B95B84FA3C
Prov. Bali,Kab. Bangli,Kec. Kintamani,SD NEGERI BAYUNGCERIK,50102528,SD,Negeri,-,0,0,0,0,0,6,0,1,http://dapo.dikdasmen.kemdikbud.go.id/sekolah/5040D46EB5FF8EEFBFAF
Prov. Bali,Kab. Bangli,Kec. Kintamani,SD NEGERI BAYUNGGEDE,50102479,SD,Negeri,-,0,0,0,0,0,7,0,1,http://dapo.dikdasmen.kemdikbud.go.id/sekolah/31E1A5CDE20F9B9C63EA
Prov. Bali,Kab. Bangli,Kec. Kintamani,SD NEGERI BELANCAN,50102478,SD,Negeri,-,0,0,0,0,1,7,0,1,http://dapo.dikdasmen.kemdikbud.go.id/sekolah/BCEB823DBD4B7889CC42
Prov. Bali,Kab. Bangli,Kec. Kintamani,SD NEGERI BELANDINGAN,50102489,SD,Negeri,-,0,0,0,0,0,6,0,1,http://dapo.dikdasmen.kemdikbud.go.id/sekolah/E9654DDB9B2FCABB53CD
Prov. Bali,Kab. Bangli,Kec. Kintamani,SD NEGERI BELANGA,50102490,SD,Negeri,-,0,0,0,0,0,6,0,1,http://dapo.dikdasmen.kemdikbud.go.id/sekolah/C37C8AFFD33B34922829
Prov. Bali,Kab. Bangli,Kec. Kintamani,SD NEGERI BONYOH,50102491,SD,Negeri,-,0,0,0,0,0,5,0,1,http://dapo.dikdasmen.kemdikbud.go.id/sekolah/3E498FABCBB08B49BB86
Prov. Bali,Kab. Bangli,Kec. Kintamani,SD NEGERI BUNUTIN,50102501,SD,Negeri,-,0,0,0,0,0,7,0,1,http://dapo.dikdasmen.kemdikbud.go.id/sekolah/1D48AF949B52D92101F6
Prov. Bali,Kab. Bangli,Kec. Kintamani,SD NEGERI CATUR,50102500,SD,Negeri,-,0,0,0,0,0,7,0,1,http://dapo.dikdasmen.kemdikbud.go.id/sekolah/2D6328492594A108486D
Prov. Bali,Kab. Bangli,Kec. Kintamani,SD NEGERI DAUP,50103916,SD,Negeri,-,0,0,0,0,0,6,0,1,http://dapo.dikdasmen.kemdikbud.go.id/sekolah/98AE7B419200B92DAFF1
Prov. Bali,Kab. Bangli,Kec. Kintamani,SD NEGERI GUNUNGBAU,50102499,SD,Negeri,-,0,0,0,0,0,7,0,1,http://dapo.dikdasmen.kemdikbud.go.id/sekolah/86990E8C9864BF56F76E
Prov. Bali,Kab. Bangli,Kec. Kintamani,SD NEGERI KATUNG,50102628,SD,Negeri,-,0,0,0,0,0,10,0,1,http://dapo.dikdasmen.kemdikbud.go.id/sekolah/725A4B7AA172E9481F32
Prov. Bali,Kab. Bangli,Kec. Kintamani,SD NEGERI KEDISAN,50102498,SD,Negeri,-,0,0,0,0,0,6,0,1,http://dapo.dikdasmen.kemdikbud.go.id/sekolah/1C518BF29B066D3332CF
Prov. Bali,Kab. Bangli,Kec. Kintamani,SD NEGERI KUTUH,50102497,SD,Negeri,-,0,0,0,0,0,6,0,1,http://dapo.dikdasmen.kemdikbud.go.id/sekolah/CF8462027351540ACE01
Prov. Bali,Kab. Bangli,Kec. Kintamani,SD NEGERI LANGGAHAN,50102496,SD,Negeri,-,0,0,0,0,0,6,0,1,http://dapo.dikdasmen.kemdikbud.go.id/sekolah/189A9C8A329D1FF1FA93
Prov. Bali,Kab. Bangli,Kec. Kintamani,SD NEGERI LEMBEAN,50102495,SD,Negeri,-,0,0,0,0,0,7,0,1,http://dapo.dikdasmen.kemdikbud.go.id/sekolah/34CF6C5F0EF2DD56B38B
Prov. Bali,Kab. Bangli,Kec. Kintamani,SD NEGERI MANGGUH,50102494,SD,Negeri,-,0,0,0,0,0,6,0,1,http://dapo.dikdasmen.kemdikbud.go.id/sekolah/9EA653474C47C255B370
Prov. Bali,Kab. Bangli,Kec. Kintamani,SD NEGERI MANIKLIYU,50102493,SD,Negeri,-,0,0,0,0,0,6,0,1,http://dapo.dikdasmen.kemdikbud.go.id/sekolah/7A7BC8FD6EF384DD0E6E
Prov. Bali,Kab. Bangli,Kec. Kintamani,SD NEGERI MENGANI,50102492,SD,Negeri,-,0,0,0,0,0,6,0,1,http://dapo.dikdasmen.kemdikbud.go.id/sekolah/BFAF406C7C664624A438
Prov. Bali,Kab. Bangli,Kec. Kintamani,SD NEGERI PINGGAN,50102502,SD,Negeri,-,0,0,0,0,0,9,0,1,http://dapo.dikdasmen.kemdikbud.go.id/sekolah/CD5875FCD72037F2F140
Prov. Bali,Kab. Bangli,Kec. Kintamani,SD NEGERI SEKAAN,50102579,SD,Negeri,-,0,0,0,0,0,6,0,1,http://dapo.dikdasmen.kemdikbud.go.id/sekolah/08A00936FF4E2F8ED6B1
Prov. Bali,Kab. Bangli,Kec. Kintamani,SD NEGERI SEKARDADI,50102561,SD,Negeri,-,0,0,0,0,0,7,0,1,http://dapo.dikdasmen.kemdikbud.go.id/sekolah/D4F127BD1C52720B2AC7
Prov. Bali,Kab. Bangli,Kec. Kintamani,SD NEGERI SELULUNG,50102564,SD,Negeri,-,0,0,0,0,0,6,0,1,http://dapo.dikdasmen.kemdikbud.go.id/sekolah/96C9C56FB59460FD9567
Prov. Bali,Kab. Bangli,Kec. Kintamani,SD NEGERI SERAI,50102563,SD,Negeri,-,0,0,0,0,0,6,0,1,http://dapo.dikdasmen.kemdikbud.go.id/sekolah/E9D9D51592C7CA6E26E5
Prov. Bali,Kab. Bangli,Kec. Kintamani,SD NEGERI SIAKIN,50102562,SD,Negeri,-,0,0,0,0,0,8,0,1,http://dapo.dikdasmen.kemdikbud.go.id/sekolah/A432F38B09A517A4855F
Prov. Bali,Kab. Bangli,Kec. Kintamani,SD NEGERI SUBAYA,50102560,SD,Negeri,-,0,0,0,0,0,8,0,1,http://dapo.dikdasmen.kemdikbud.go.id/sekolah/B5060FF97A5DB9CABA6A
Prov. Bali,Kab. Bangli,Kec. Kintamani,SD NEGERI SUTER,50102559,SD,Negeri,-,0,0,0,0,0,6,0,1,http://dapo.dikdasmen.kemdikbud.go.id/sekolah/000E2F8488630FEAF256
Prov. Bali,Kab. Bangli,Kec. Kintamani,SD NEGERI ULIAN,50102558,SD,Negeri,-,0,0,0,0,0,6,0,1,http://dapo.dikdasmen.kemdikbud.go.id/sekolah/B8B5B7FC3ADB852AB624
Prov. Bali,Kab. Bangli,Kec. Kintamani,SMP NEGERI 1 KINTAMANI,50102532,SMP,Negeri,-,0,0,0,1,0,32,2,1,http://dapo.dikdasmen.kemdikbud.go.id/sekolah/0AD45F01C3A0DA2AF9AC
Prov. Bali,Kab. Bangli,Kec. Kintamani,SMP NEGERI 2 KINTAMANI,50102539,SMP,Negeri,-,0,0,0,0,0,20,3,3,http://dapo.dikdasmen.kemdikbud.go.id/sekolah/A34F71DBE65C84851AE0
Prov. Bali,Kab. Bangli,Kec. Kintamani,SMP NEGERI 3 KINTAMANI,50102550,SMP,Negeri,-,0,0,0,0,0,19,4,1,http://dapo.dikdasmen.kemdikbud.go.id/sekolah/E60BCB72789D42B456E8
Prov. Bali,Kab. Bangli,Kec. Kintamani,SMP NEGERI 4 KINTAMANI,50102547,SMP,Negeri,-,0,0,0,0,0,24,2,1,http://dapo.dikdasmen.kemdikbud.go.id/sekolah/97E47778F2482F544C4B
Prov. Bali,Kab. Bangli,Kec. Kintamani,SMP NEGERI 5 KINTAMANI,50102545,SMP,Negeri,-,0,0,0,0,0,10,2,2,http://dapo.dikdasmen.kemdikbud.go.id/sekolah/6FE85B3846A84A170B5E
Prov. Bali,Kab. Bangli,Kec. Kintamani,SMP NEGERI 6 KINTAMANI,50102544,SMP,Negeri,-,0,0,0,0,0,22,4,1,http://dapo.dikdasmen.kemdikbud.go.id/sekolah/0A00B2F2EBAA1E0206CE
Prov. Bali,Kab. Bangli,Kec. Kintamani,SMP NEGERI 7 KINTAMANI,50103621,SMP,Negeri,-,0,0,0,1,0,15,2,2,http://dapo.dikdasmen.kemdikbud.go.id/sekolah/126B90BDEE0653C3BF39
Prov. Bali,Kab. Bangli,Kec. Kintamani,SMP NEGERI SATAP 2 KINTAMANI,50103926,SMP,Negeri,-,0,0,0,0,0,3,1,1,http://dapo.dikdasmen.kemdikbud.go.id/sekolah/0F91D82429E8A66276EC
Prov. Bali,Kab. Bangli,Kec. Kintamani,SMP NEGERI SATAP 3 Kintamani,50105574,SMP,Negeri,-,0,0,0,0,0,5,1,1,http://dapo.dikdasmen.kemdikbud.go.id/sekolah/D7BC9E35EC29E0F77F43
Prov. Bali,Kab. Bangli,Kec. Kintamani,SMP NEGERI SATAP 4 Kintamani,50105578,SMP,Negeri,-,0,0,0,0,0,7,2,1,http://dapo.dikdasmen.kemdikbud.go.id/sekolah/CB2E6FF661B761480C01
Prov. Bali,Kab. Bangli,Kec. Kintamani,SMP NEGERI SATAP 5 KINTAMANI,69947264,SMP,Negeri,-,0,0,0,0,0,3,1,0,http://dapo.dikdasmen.kemdikbud.go.id/sekolah/16924572D67A05653A94
Prov. Bali,Kab. Bangli,Kec. Kintamani,SMP NEGERI SATU ATAP 1 KINTAMANI,50103622,SMP,Negeri,-,0,0,0,0,0,10,1,1,http://dapo.dikdasmen.kemdikbud.go.id/sekolah/C30ABC918953550EB87C
Prov. Bali,Kab. Bangli,Kec. Kintamani,SMPN Satu Atap 7 Kintamani,69984543,SMP,Negeri,-,0,0,0,0,0,0,0,0,http://dapo.dikdasmen.kemdikbud.go.id/sekolah/1597F67C4E79E6076AB7
Prov. Bali,Kab. Bangli,Kec. Kintamani,SMP MADYA WIDYA DHARMA SUTER,50102534,SMP,Swasta,-,0,0,0,0,0,12,1,0,http://dapo.dikdasmen.kemdikbud.go.id/sekolah/98E794947D320A1814B2
Prov. Bali,Kab. Bangli,Kec. Kintamani,SMAN 1 KINTAMANI,50102578,SMA,Negeri,-,0,0,0,1,0,28,5,1,http://dapo.dikdasmen.kemdikbud.go.id/sekolah/916689BB6BDCAD3A51D2
Prov. Bali,Kab. Bangli,Kec. Kintamani,SMKN 1 KINTAMANI,50102574,SMK,Negeri,-,0,0,0,0,0,13,2,1,http://dapo.dikdasmen.kemdikbud.go.id/sekolah/5C29B1BE44816A683EB7
Prov. Bali,Kab. Bangli,Kec. Kintamani,SMKN 2 KINTAMANI,50102571,SMK,Negeri,-,0,0,0,0,0,13,1,1,http://dapo.dikdasmen.kemdikbud.go.id/sekolah/E148CB9BD745B013E917
Prov. Bali,Kab. Bangli,Kec. Kintamani,SMKN 3 KINTAMANI,50105403,SMK,Negeri,-,0,0,0,0,0,19,0,1,http://dapo.dikdasmen.kemdikbud.go.id/sekolah/C446C941AE0FAC024B04
