provinsi,kab_kota,kecamatan,nama_sekolah,npsn,bp,status,last_sync,jml_sync,pd,rombel,guru,pegawai,ruang_kelas,ruang_lab,ruang_perpus,url_sekolah
Prov. Aceh,Kab. Aceh Tengah,Kec. Pegasing,SDN 1 PEGASING ,10102315,SD,Negeri,-,0,0,0,0,0,7,0,1,http://dapo.dikdasmen.kemdikbud.go.id/sekolah/2A1A083A004F556B72D8
Prov. Aceh,Kab. Aceh Tengah,Kec. Pegasing,SDN 10 PEGASING ,10102434,SD,Negeri,-,0,0,0,0,0,6,0,0,http://dapo.dikdasmen.kemdikbud.go.id/sekolah/618DA76219C59874EFAB
Prov. Aceh,Kab. Aceh Tengah,Kec. Pegasing,SDN 11 PEGASING ,10102170,SD,Negeri,-,0,0,0,0,0,6,0,1,http://dapo.dikdasmen.kemdikbud.go.id/sekolah/C4534C73EDB8AE8126DC
Prov. Aceh,Kab. Aceh Tengah,Kec. Pegasing,SDN 12 PEGASING ,10102423,SD,Negeri,-,0,0,0,0,0,6,0,1,http://dapo.dikdasmen.kemdikbud.go.id/sekolah/3757B80271D98AACB179
Prov. Aceh,Kab. Aceh Tengah,Kec. Pegasing,SDN 13 PEGASING ,10102175,SD,Negeri,23 Aug 2019 20:43:32,7,58,6,10,2,7,0,1,http://dapo.dikdasmen.kemdikbud.go.id/sekolah/909BDEDD06F006556B47
Prov. Aceh,Kab. Aceh Tengah,Kec. Pegasing,SDN 14 PEGASING ,10102162,SD,Negeri,-,0,0,0,0,0,6,0,0,http://dapo.dikdasmen.kemdikbud.go.id/sekolah/B59CB953B624582DFCF6
Prov. Aceh,Kab. Aceh Tengah,Kec. Pegasing,SDN 15 PEGASING ,10107170,SD,Negeri,-,0,0,0,0,0,6,0,1,http://dapo.dikdasmen.kemdikbud.go.id/sekolah/8F9AAFA669B61B7B0DB9
Prov. Aceh,Kab. Aceh Tengah,Kec. Pegasing,SDN 16 PEGASING ,10107167,SD,Negeri,-,0,0,0,0,0,6,0,1,http://dapo.dikdasmen.kemdikbud.go.id/sekolah/95A542966F736D219FEE
Prov. Aceh,Kab. Aceh Tengah,Kec. Pegasing,SDN 17 PEGASING ,10107818,SD,Negeri,-,0,0,0,0,0,4,0,0,http://dapo.dikdasmen.kemdikbud.go.id/sekolah/8E0191C413A41FB9FE8D
Prov. Aceh,Kab. Aceh Tengah,Kec. Pegasing,SDN 18 PEGASING ,10107821,SD,Negeri,-,0,0,0,0,0,7,0,0,http://dapo.dikdasmen.kemdikbud.go.id/sekolah/E4DDDCFAF6D436D6C3F5
Prov. Aceh,Kab. Aceh Tengah,Kec. Pegasing,SDN 2 PEGASING ,10102331,SD,Negeri,-,0,0,0,0,0,14,0,2,http://dapo.dikdasmen.kemdikbud.go.id/sekolah/A0F0B99CFB10ED3E7455
Prov. Aceh,Kab. Aceh Tengah,Kec. Pegasing,SDN 3 PEGASING ,10102350,SD,Negeri,-,0,0,0,0,0,6,0,1,http://dapo.dikdasmen.kemdikbud.go.id/sekolah/7A67FF7C351CFE2D9AC2
Prov. Aceh,Kab. Aceh Tengah,Kec. Pegasing,SDN 4 PEGASING ,10102353,SD,Negeri,-,0,0,0,0,0,6,0,1,http://dapo.dikdasmen.kemdikbud.go.id/sekolah/9BD72E8ACCB1CB31A53B
Prov. Aceh,Kab. Aceh Tengah,Kec. Pegasing,SDN 5 PEGASING ,10102168,SD,Negeri,-,0,0,0,0,0,6,0,1,http://dapo.dikdasmen.kemdikbud.go.id/sekolah/EA6958E2ECB67445A93F
Prov. Aceh,Kab. Aceh Tengah,Kec. Pegasing,SDN 6 PEGASING ,10102158,SD,Negeri,-,0,0,0,0,0,7,0,2,http://dapo.dikdasmen.kemdikbud.go.id/sekolah/884C53E151581025F4CE
Prov. Aceh,Kab. Aceh Tengah,Kec. Pegasing,SDN 7 PEGASING ,10102398,SD,Negeri,22 Aug 2019 18:59:12,11,107,6,11,1,6,0,1,http://dapo.dikdasmen.kemdikbud.go.id/sekolah/B98D6832B04E5D5158A0
Prov. Aceh,Kab. Aceh Tengah,Kec. Pegasing,SDN 8 PEGASING ,10102200,SD,Negeri,-,0,0,0,0,0,6,0,1,http://dapo.dikdasmen.kemdikbud.go.id/sekolah/F26DDC78D9ACA5E8B8BC
Prov. Aceh,Kab. Aceh Tengah,Kec. Pegasing,SDN 9 PEGASING ,10102159,SD,Negeri,-,0,0,0,0,0,6,0,1,http://dapo.dikdasmen.kemdikbud.go.id/sekolah/D4021CAAD004E690AA92
Prov. Aceh,Kab. Aceh Tengah,Kec. Pegasing,SMPN 14 TAKENGON,10102257,SMP,Negeri,-,0,0,0,0,0,13,1,1,http://dapo.dikdasmen.kemdikbud.go.id/sekolah/9883B2177A41ECD63EDF
Prov. Aceh,Kab. Aceh Tengah,Kec. Pegasing,SMPN 31 TAKENGON,10107813,SMP,Negeri,-,0,0,0,0,0,7,1,1,http://dapo.dikdasmen.kemdikbud.go.id/sekolah/33943750B608D9D4B68E
Prov. Aceh,Kab. Aceh Tengah,Kec. Pegasing,SMPN 43 TAKENGON,69875575,SMP,Negeri,-,0,0,0,0,0,3,2,1,http://dapo.dikdasmen.kemdikbud.go.id/sekolah/9E968EEB5F55326B777D
Prov. Aceh,Kab. Aceh Tengah,Kec. Pegasing,SMPN 5 TAKENGON,10102251,SMP,Negeri,21 Aug 2019 15:10:52,2,112,6,33,7,20,4,1,http://dapo.dikdasmen.kemdikbud.go.id/sekolah/6A4497E58C9C39AE58A6
Prov. Aceh,Kab. Aceh Tengah,Kec. Pegasing,SMP TERPADU AL-AZHAR TAKENGON,69888572,SMP,Swasta,-,0,0,0,0,0,7,0,0,http://dapo.dikdasmen.kemdikbud.go.id/sekolah/2E8655E8EC36DA283C0F
Prov. Aceh,Kab. Aceh Tengah,Kec. Pegasing,SLB SWASTA PEGASING,10102320,SDLB,Swasta,-,0,0,0,0,0,38,0,0,http://dapo.dikdasmen.kemdikbud.go.id/sekolah/0F24D7CA73BFC614027B
Prov. Aceh,Kab. Aceh Tengah,Kec. Pegasing,SMAN 15 TAKENGON BINAAN NENGGERI ANTARA,10112861,SMA,Negeri,-,0,0,0,0,0,16,6,1,http://dapo.dikdasmen.kemdikbud.go.id/sekolah/2514C39B2B89B5CEF80B
Prov. Aceh,Kab. Aceh Tengah,Kec. Pegasing,SMAN 3 TAKENGON,10102311,SMA,Negeri,-,0,0,0,0,0,23,4,1,http://dapo.dikdasmen.kemdikbud.go.id/sekolah/7A2B5A929342C433A33F
Prov. Aceh,Kab. Aceh Tengah,Kec. Pegasing,SMA Terpadu Al-Azhar Takengon,69971546,SMA,Swasta,-,0,0,0,0,0,2,0,0,http://dapo.dikdasmen.kemdikbud.go.id/sekolah/B476F6F53C4F7A5E9D07
Prov. Aceh,Kab. Aceh Tengah,Kec. Pegasing,SMKN 2 TAKENGON,10102278,SMK,Negeri,-,0,0,0,0,0,33,4,1,http://dapo.dikdasmen.kemdikbud.go.id/sekolah/E3B855F4AD98A6A55A0C
