provinsi,kab_kota,kecamatan,nama_sekolah,npsn,bp,status,last_sync,jml_sync,pd,rombel,guru,pegawai,ruang_kelas,ruang_lab,ruang_perpus,url_sekolah
Prov. Jawa Tengah,Kab. Banjarnegara,Kec. Pejawaran,SD NEGERI 1 BEJI,20304600,SD,Negeri,-,0,0,0,0,0,6,0,1,http://dapo.dikdasmen.kemdikbud.go.id/sekolah/DB3CC22BF529EACB78B4
Prov. Jawa Tengah,Kab. Banjarnegara,Kec. Pejawaran,SD NEGERI 1 BITING,20304124,SD,Negeri,-,0,0,0,0,0,6,0,1,http://dapo.dikdasmen.kemdikbud.go.id/sekolah/57F4B7C61891CDDFC7EC
Prov. Jawa Tengah,Kab. Banjarnegara,Kec. Pejawaran,SD NEGERI 1 CONDONGCAMPUR,20304121,SD,Negeri,-,0,0,0,0,0,6,0,0,http://dapo.dikdasmen.kemdikbud.go.id/sekolah/C23E831EF490DA1B49F0
Prov. Jawa Tengah,Kab. Banjarnegara,Kec. Pejawaran,SD NEGERI 1 DARMAYASA,20304546,SD,Negeri,-,0,0,0,0,0,6,0,1,http://dapo.dikdasmen.kemdikbud.go.id/sekolah/8A080FED1F43C96B70A1
Prov. Jawa Tengah,Kab. Banjarnegara,Kec. Pejawaran,SD NEGERI 1 GIRITIRTA,20304551,SD,Negeri,-,0,0,0,0,0,8,0,1,http://dapo.dikdasmen.kemdikbud.go.id/sekolah/5D874CB95650611F8715
Prov. Jawa Tengah,Kab. Banjarnegara,Kec. Pejawaran,SD NEGERI 1 GROGOL,20304552,SD,Negeri,-,0,0,0,0,0,6,0,1,http://dapo.dikdasmen.kemdikbud.go.id/sekolah/15B5F908F62B4DCEA0F0
Prov. Jawa Tengah,Kab. Banjarnegara,Kec. Pejawaran,SD NEGERI 1 KALILUNJAR,20304646,SD,Negeri,-,0,0,0,0,0,6,0,1,http://dapo.dikdasmen.kemdikbud.go.id/sekolah/354048CDD85D88A99B4B
Prov. Jawa Tengah,Kab. Banjarnegara,Kec. Pejawaran,SD NEGERI 1 KARANGSARI,20304656,SD,Negeri,-,0,0,0,0,0,6,0,1,http://dapo.dikdasmen.kemdikbud.go.id/sekolah/B5A772ED9D3E89884B17
Prov. Jawa Tengah,Kab. Banjarnegara,Kec. Pejawaran,SD NEGERI 1 PEGUNDUNGAN,20304474,SD,Negeri,-,0,0,0,0,0,6,0,1,http://dapo.dikdasmen.kemdikbud.go.id/sekolah/E181D665976D7281CE15
Prov. Jawa Tengah,Kab. Banjarnegara,Kec. Pejawaran,SD NEGERI 1 PEJAWARAN,20304473,SD,Negeri,-,0,0,0,0,0,6,0,1,http://dapo.dikdasmen.kemdikbud.go.id/sekolah/836BBCAD77F0BA096AF3
Prov. Jawa Tengah,Kab. Banjarnegara,Kec. Pejawaran,SD NEGERI 1 RATAMBA,20304436,SD,Negeri,-,0,0,0,0,0,8,1,1,http://dapo.dikdasmen.kemdikbud.go.id/sekolah/640326ECD020AD11D1F7
Prov. Jawa Tengah,Kab. Banjarnegara,Kec. Pejawaran,SD NEGERI 1 SARWODADI,20303965,SD,Negeri,-,0,0,0,0,0,6,0,0,http://dapo.dikdasmen.kemdikbud.go.id/sekolah/7AFD651EB4AF94443AA8
Prov. Jawa Tengah,Kab. Banjarnegara,Kec. Pejawaran,SD NEGERI 1 SEMANGKUNG,20304430,SD,Negeri,-,0,0,0,0,0,6,0,0,http://dapo.dikdasmen.kemdikbud.go.id/sekolah/573E179E153474C3C0DD
Prov. Jawa Tengah,Kab. Banjarnegara,Kec. Pejawaran,SD NEGERI 1 SIDENGOK,20304535,SD,Negeri,-,0,0,0,0,0,6,0,1,http://dapo.dikdasmen.kemdikbud.go.id/sekolah/CEACBCAB1190CF032AD5
Prov. Jawa Tengah,Kab. Banjarnegara,Kec. Pejawaran,SD NEGERI 1 TLAHAB,20304526,SD,Negeri,-,0,0,0,0,0,6,0,1,http://dapo.dikdasmen.kemdikbud.go.id/sekolah/B257703ABD3BE9A693EC
Prov. Jawa Tengah,Kab. Banjarnegara,Kec. Pejawaran,SD NEGERI 2 CONDONGCAMPUR,20303857,SD,Negeri,-,0,0,0,0,0,6,0,1,http://dapo.dikdasmen.kemdikbud.go.id/sekolah/8258B9472BAF4528126C
Prov. Jawa Tengah,Kab. Banjarnegara,Kec. Pejawaran,SD NEGERI 2 DARMAYASA,20303854,SD,Negeri,-,0,0,0,0,0,6,0,1,http://dapo.dikdasmen.kemdikbud.go.id/sekolah/25E1A1B472406C1E892B
Prov. Jawa Tengah,Kab. Banjarnegara,Kec. Pejawaran,SD NEGERI 2 GEMBOL,20303847,SD,Negeri,-,0,0,0,0,0,11,0,1,http://dapo.dikdasmen.kemdikbud.go.id/sekolah/8F3838B9F28CEA7ED20D
Prov. Jawa Tengah,Kab. Banjarnegara,Kec. Pejawaran,SD NEGERI 2 GROGOL,20303860,SD,Negeri,-,0,0,0,0,0,9,0,1,http://dapo.dikdasmen.kemdikbud.go.id/sekolah/076B90A23F050818CE91
Prov. Jawa Tengah,Kab. Banjarnegara,Kec. Pejawaran,SD NEGERI 2 KARANGSARI,20303830,SD,Negeri,-,0,0,0,0,0,6,0,1,http://dapo.dikdasmen.kemdikbud.go.id/sekolah/CC4C26F897013F377027
Prov. Jawa Tengah,Kab. Banjarnegara,Kec. Pejawaran,SD NEGERI 2 PEGUNDUNGAN,20303882,SD,Negeri,-,0,0,0,0,0,6,0,0,http://dapo.dikdasmen.kemdikbud.go.id/sekolah/FBC569B6618A37359A84
Prov. Jawa Tengah,Kab. Banjarnegara,Kec. Pejawaran,SD NEGERI 2 PEJAWARAN,20303881,SD,Negeri,-,0,0,0,0,0,6,0,1,http://dapo.dikdasmen.kemdikbud.go.id/sekolah/30F1628CE913C55804B8
Prov. Jawa Tengah,Kab. Banjarnegara,Kec. Pejawaran,SD NEGERI 2 PENUSUPAN,20303970,SD,Negeri,-,0,0,0,0,0,6,0,1,http://dapo.dikdasmen.kemdikbud.go.id/sekolah/905012B3CE850942A898
Prov. Jawa Tengah,Kab. Banjarnegara,Kec. Pejawaran,SD NEGERI 2 RATAMBA,20303893,SD,Negeri,-,0,0,0,0,0,6,0,0,http://dapo.dikdasmen.kemdikbud.go.id/sekolah/6103F291C214991E539D
Prov. Jawa Tengah,Kab. Banjarnegara,Kec. Pejawaran,SD NEGERI 2 SEMANGKUNG,20303737,SD,Negeri,-,0,0,0,0,0,6,0,0,http://dapo.dikdasmen.kemdikbud.go.id/sekolah/30A2E6E5EB57BDDC4E18
Prov. Jawa Tengah,Kab. Banjarnegara,Kec. Pejawaran,SD NEGERI 2 SIDENGOK,20303731,SD,Negeri,-,0,0,0,0,0,6,0,0,http://dapo.dikdasmen.kemdikbud.go.id/sekolah/9EC2AB43A87F7717F0FE
Prov. Jawa Tengah,Kab. Banjarnegara,Kec. Pejawaran,SD NEGERI 3 DARMAYASA,20303713,SD,Negeri,-,0,0,0,0,0,6,1,1,http://dapo.dikdasmen.kemdikbud.go.id/sekolah/FB63DFF0606AA7462461
Prov. Jawa Tengah,Kab. Banjarnegara,Kec. Pejawaran,SD NEGERI 3 PEJAWARAN,20303780,SD,Negeri,-,0,0,0,0,0,6,1,1,http://dapo.dikdasmen.kemdikbud.go.id/sekolah/DB624C4D6964344E571D
Prov. Jawa Tengah,Kab. Banjarnegara,Kec. Pejawaran,SD NEGERI 3 SIDENGOK,20304095,SD,Negeri,-,0,0,0,0,0,6,0,0,http://dapo.dikdasmen.kemdikbud.go.id/sekolah/B71304797B27A52ECC5B
Prov. Jawa Tengah,Kab. Banjarnegara,Kec. Pejawaran,SMP NEGERI 1 PEJAWARAN,20304038,SMP,Negeri,-,0,0,0,0,0,16,3,1,http://dapo.dikdasmen.kemdikbud.go.id/sekolah/0AB4DAC2E0D1B97A1BAE
Prov. Jawa Tengah,Kab. Banjarnegara,Kec. Pejawaran,SMP NEGERI 2 PEJAWARAN,20304004,SMP,Negeri,-,0,0,0,0,0,8,3,1,http://dapo.dikdasmen.kemdikbud.go.id/sekolah/856D837B81DA72A8D401
Prov. Jawa Tengah,Kab. Banjarnegara,Kec. Pejawaran,SMP NEGERI 3 SATAP PEJAWARAN,20339186,SMP,Negeri,-,0,0,0,0,0,6,0,1,http://dapo.dikdasmen.kemdikbud.go.id/sekolah/39F6A36843FEC22CF7F5
Prov. Jawa Tengah,Kab. Banjarnegara,Kec. Pejawaran,SMP NEGERI 4 PEJAWARAN,20339184,SMP,Negeri,23 Aug 2019 21:21:50,1,54,2,5,2,4,3,1,http://dapo.dikdasmen.kemdikbud.go.id/sekolah/9C13E1E4E0C353BC701B
Prov. Jawa Tengah,Kab. Banjarnegara,Kec. Pejawaran,SMP ISLAM AL MABRUR,20303954,SMP,Swasta,-,0,0,0,0,0,9,0,0,http://dapo.dikdasmen.kemdikbud.go.id/sekolah/7388D6E50B7A2B6E52FD
Prov. Jawa Tengah,Kab. Banjarnegara,Kec. Pejawaran,SMKN 1 PEJAWARAN,69774957,SMK,Negeri,-,0,0,0,0,0,10,1,1,http://dapo.dikdasmen.kemdikbud.go.id/sekolah/468E050AB526DAE33D51
Prov. Jawa Tengah,Kab. Banjarnegara,Kec. Pejawaran,SMKS AL MABRUR PEJAWARAN,20362363,SMK,Swasta,-,0,0,0,0,0,4,1,1,http://dapo.dikdasmen.kemdikbud.go.id/sekolah/D76E01DA302E1DA5CA8A
