provinsi,kab_kota,kecamatan,nama_sekolah,npsn,bp,status,last_sync,jml_sync,pd,rombel,guru,pegawai,ruang_kelas,ruang_lab,ruang_perpus,url_sekolah
Prov. Jawa Tengah,Kab. Banjarnegara,Kec. Banjarmangu,SD NEGERI 1 BANJARKULON,20339227,SD,Negeri,22 Aug 2019 20:31:33,3,36,6,7,2,6,1,1,http://dapo.dikdasmen.kemdikbud.go.id/sekolah/31D4827BDBA6838DD06B
Prov. Jawa Tengah,Kab. Banjarnegara,Kec. Banjarmangu,SD NEGERI 1 BANJARMANGU,20304591,SD,Negeri,-,0,0,0,0,0,7,0,1,http://dapo.dikdasmen.kemdikbud.go.id/sekolah/64F4F1F724907E09AD03
Prov. Jawa Tengah,Kab. Banjarnegara,Kec. Banjarmangu,SD NEGERI 1 JENGGAWUR,20304557,SD,Negeri,-,0,0,0,0,0,6,0,0,http://dapo.dikdasmen.kemdikbud.go.id/sekolah/389D46E61986354740BD
Prov. Jawa Tengah,Kab. Banjarnegara,Kec. Banjarmangu,SD NEGERI 1 KALILUNJAR,20304115,SD,Negeri,-,0,0,0,0,0,8,0,1,http://dapo.dikdasmen.kemdikbud.go.id/sekolah/57043F33D530EB4C8643
Prov. Jawa Tengah,Kab. Banjarnegara,Kec. Banjarmangu,SD NEGERI 1 KENDAGA,20304613,SD,Negeri,-,0,0,0,0,0,8,0,1,http://dapo.dikdasmen.kemdikbud.go.id/sekolah/6DC8E9DB85ABCF6A4723
Prov. Jawa Tengah,Kab. Banjarnegara,Kec. Banjarmangu,SD NEGERI 1 KESENET,20304610,SD,Negeri,-,0,0,0,0,0,6,1,1,http://dapo.dikdasmen.kemdikbud.go.id/sekolah/00FC66C3B47502A26785
Prov. Jawa Tengah,Kab. Banjarnegara,Kec. Banjarmangu,SD NEGERI 1 PASEH,20304464,SD,Negeri,-,0,0,0,0,0,6,0,1,http://dapo.dikdasmen.kemdikbud.go.id/sekolah/9301E0E04E43F3A5DF03
Prov. Jawa Tengah,Kab. Banjarnegara,Kec. Banjarmangu,SD NEGERI 1 PRENDENGAN,20304419,SD,Negeri,23 Aug 2019 22:52:39,3,149,6,6,1,6,0,1,http://dapo.dikdasmen.kemdikbud.go.id/sekolah/1AEAA3EB1EDD8E675F7C
Prov. Jawa Tengah,Kab. Banjarnegara,Kec. Banjarmangu,SD NEGERI 1 SIGEBLOG,20304518,SD,Negeri,-,0,0,0,0,0,6,0,1,http://dapo.dikdasmen.kemdikbud.go.id/sekolah/A242B957AD2C94891BB1
Prov. Jawa Tengah,Kab. Banjarnegara,Kec. Banjarmangu,SD NEGERI 1 SIPEDANG,20304514,SD,Negeri,-,0,0,0,0,0,6,0,0,http://dapo.dikdasmen.kemdikbud.go.id/sekolah/30DEB610D1960D6E98DA
Prov. Jawa Tengah,Kab. Banjarnegara,Kec. Banjarmangu,SD NEGERI 2 BANJARKULON,20304503,SD,Negeri,-,0,0,0,0,0,5,0,0,http://dapo.dikdasmen.kemdikbud.go.id/sekolah/8F00E5ECDBB8C0514EA4
Prov. Jawa Tengah,Kab. Banjarnegara,Kec. Banjarmangu,SD NEGERI 2 BANJARMANGU,20304502,SD,Negeri,-,0,0,0,0,0,6,0,1,http://dapo.dikdasmen.kemdikbud.go.id/sekolah/17714FF99C3C5AF24B77
Prov. Jawa Tengah,Kab. Banjarnegara,Kec. Banjarmangu,SD NEGERI 2 JENGGAWUR,20303864,SD,Negeri,-,0,0,0,0,0,6,0,0,http://dapo.dikdasmen.kemdikbud.go.id/sekolah/C36D69D39F1B730FF5F7
Prov. Jawa Tengah,Kab. Banjarnegara,Kec. Banjarmangu,SD NEGERI 2 KALILUNJAR ,20303844,SD,Negeri,-,0,0,0,0,0,6,0,1,http://dapo.dikdasmen.kemdikbud.go.id/sekolah/743F9C07776E5340023F
Prov. Jawa Tengah,Kab. Banjarnegara,Kec. Banjarmangu,SD NEGERI 2 KENDAGA,20303834,SD,Negeri,-,0,0,0,0,0,6,0,1,http://dapo.dikdasmen.kemdikbud.go.id/sekolah/850AA86F9ADAF7215FEE
Prov. Jawa Tengah,Kab. Banjarnegara,Kec. Banjarmangu,SD NEGERI 2 KESENET,20303832,SD,Negeri,-,0,0,0,0,0,6,0,0,http://dapo.dikdasmen.kemdikbud.go.id/sekolah/FC2B370A568D5E0EBFCB
Prov. Jawa Tengah,Kab. Banjarnegara,Kec. Banjarmangu,SD NEGERI 2 PASEH,20303885,SD,Negeri,-,0,0,0,0,0,6,0,1,http://dapo.dikdasmen.kemdikbud.go.id/sekolah/46A164FD2CE3F6D37D31
Prov. Jawa Tengah,Kab. Banjarnegara,Kec. Banjarmangu,SD NEGERI 2 PRENDENGAN,20303889,SD,Negeri,-,0,0,0,0,0,6,0,1,http://dapo.dikdasmen.kemdikbud.go.id/sekolah/B8E276C663294AA485F0
Prov. Jawa Tengah,Kab. Banjarnegara,Kec. Banjarmangu,SD NEGERI 2 SIGEBLOG,20303730,SD,Negeri,-,0,0,0,0,0,6,0,1,http://dapo.dikdasmen.kemdikbud.go.id/sekolah/9D38A203388CBDA80721
Prov. Jawa Tengah,Kab. Banjarnegara,Kec. Banjarmangu,SD NEGERI 2 SIPEDANG,20303739,SD,Negeri,-,0,0,0,0,0,6,0,1,http://dapo.dikdasmen.kemdikbud.go.id/sekolah/C6E755205CE2FBBFA899
Prov. Jawa Tengah,Kab. Banjarnegara,Kec. Banjarmangu,SD NEGERI 3 JENGGAWUR,20303792,SD,Negeri,-,0,0,0,0,0,8,0,1,http://dapo.dikdasmen.kemdikbud.go.id/sekolah/3F67C06804980F9DAC10
Prov. Jawa Tengah,Kab. Banjarnegara,Kec. Banjarmangu,SD NEGERI 3 KESENET,20303767,SD,Negeri,-,0,0,0,0,0,6,0,1,http://dapo.dikdasmen.kemdikbud.go.id/sekolah/15F3F277D3D1B34FF198
Prov. Jawa Tengah,Kab. Banjarnegara,Kec. Banjarmangu,SD NEGERI BEJI,20304498,SD,Negeri,-,0,0,0,0,0,8,0,1,http://dapo.dikdasmen.kemdikbud.go.id/sekolah/2EAA2306CA2FA560A812
Prov. Jawa Tengah,Kab. Banjarnegara,Kec. Banjarmangu,SD NEGERI GRIPIT,20304119,SD,Negeri,-,0,0,0,0,0,6,0,0,http://dapo.dikdasmen.kemdikbud.go.id/sekolah/45B2D5FF311B89E60F75
Prov. Jawa Tengah,Kab. Banjarnegara,Kec. Banjarmangu,SD NEGERI MAJATENGAH,20304131,SD,Negeri,21 Aug 2019 11:43:16,2,72,6,6,0,6,0,1,http://dapo.dikdasmen.kemdikbud.go.id/sekolah/38D3C2BB00234CD7C380
Prov. Jawa Tengah,Kab. Banjarnegara,Kec. Banjarmangu,SD NEGERI PEKANDANGAN,20303972,SD,Negeri,-,0,0,0,0,0,6,0,1,http://dapo.dikdasmen.kemdikbud.go.id/sekolah/07917FE73C7042B7EB62
Prov. Jawa Tengah,Kab. Banjarnegara,Kec. Banjarmangu,SD NEGERI REJASARI,20303966,SD,Negeri,-,0,0,0,0,0,6,0,2,http://dapo.dikdasmen.kemdikbud.go.id/sekolah/240ED59D938048A91060
Prov. Jawa Tengah,Kab. Banjarnegara,Kec. Banjarmangu,SD NEGERI SIJENGGUNG,20303964,SD,Negeri,-,0,0,0,0,0,6,0,1,http://dapo.dikdasmen.kemdikbud.go.id/sekolah/14DD4EA1CD5526A9A2C6
Prov. Jawa Tengah,Kab. Banjarnegara,Kec. Banjarmangu,SD NEGERI SIJERUK,20303976,SD,Negeri,-,0,0,0,0,0,6,0,1,http://dapo.dikdasmen.kemdikbud.go.id/sekolah/965D00C603BD9861BA09
Prov. Jawa Tengah,Kab. Banjarnegara,Kec. Banjarmangu,SMP NEGERI 1 BANJARMANGU,20304032,SMP,Negeri,-,0,0,0,0,0,24,4,1,http://dapo.dikdasmen.kemdikbud.go.id/sekolah/7AD6AFE83073A1613886
Prov. Jawa Tengah,Kab. Banjarnegara,Kec. Banjarmangu,SMP NEGERI 2 BANJARMANGU,20304044,SMP,Negeri,16 Jul 2019 10:02:06,1,192,7,17,5,12,2,1,http://dapo.dikdasmen.kemdikbud.go.id/sekolah/A8F7EF2438192D8B5649
Prov. Jawa Tengah,Kab. Banjarnegara,Kec. Banjarmangu,SMP COKROAMINOTO BANJARMANGU,20337880,SMP,Swasta,-,0,0,0,0,0,6,2,1,http://dapo.dikdasmen.kemdikbud.go.id/sekolah/BE296EE726640E781DF9
Prov. Jawa Tengah,Kab. Banjarnegara,Kec. Banjarmangu,SMP ISLAM DARUNAJAH,20338714,SMP,Swasta,-,0,0,0,0,0,3,2,1,http://dapo.dikdasmen.kemdikbud.go.id/sekolah/6481CC217F9DC90223F4
Prov. Jawa Tengah,Kab. Banjarnegara,Kec. Banjarmangu,SMKS DARUNNAJAH BANJARNEGARA,20340817,SMK,Swasta,-,0,0,0,0,0,11,1,1,http://dapo.dikdasmen.kemdikbud.go.id/sekolah/65FD3E0B3A024725F4CB
