provinsi,kab_kota,kecamatan,nama_sekolah,npsn,bp,status,last_sync,jml_sync,pd,rombel,guru,pegawai,ruang_kelas,ruang_lab,ruang_perpus,url_sekolah
Prov. Jawa Tengah,Kab. Banjarnegara,Kec. Kalibening,SD NEGERI 1 ASINAN,20304583,SD,Negeri,-,0,0,0,0,0,7,0,0,http://dapo.dikdasmen.kemdikbud.go.id/sekolah/3DB750542E302422230D
Prov. Jawa Tengah,Kab. Banjarnegara,Kec. Kalibening,SD NEGERI 1 BEDANA,20304601,SD,Negeri,-,0,0,0,0,0,10,0,1,http://dapo.dikdasmen.kemdikbud.go.id/sekolah/3C320BD3E88C738641B0
Prov. Jawa Tengah,Kab. Banjarnegara,Kec. Kalibening,SD NEGERI 1 GUNUNGLANGIT,20304559,SD,Negeri,-,0,0,0,0,0,7,0,0,http://dapo.dikdasmen.kemdikbud.go.id/sekolah/BA9AD3B00511A52C6A6A
Prov. Jawa Tengah,Kab. Banjarnegara,Kec. Kalibening,SD NEGERI 1 KALIBENING,20304537,SD,Negeri,-,0,0,0,0,0,12,1,1,http://dapo.dikdasmen.kemdikbud.go.id/sekolah/DDE876587883CD32494E
Prov. Jawa Tengah,Kab. Banjarnegara,Kec. Kalibening,SD NEGERI 1 KALIBOMBONG,20304635,SD,Negeri,23 Aug 2019 17:37:58,5,158,6,6,1,6,0,1,http://dapo.dikdasmen.kemdikbud.go.id/sekolah/B470C8D06946CF28F5CE
Prov. Jawa Tengah,Kab. Banjarnegara,Kec. Kalibening,SD NEGERI 1 KALISATKIDUL,20304643,SD,Negeri,-,0,0,0,0,0,6,0,1,http://dapo.dikdasmen.kemdikbud.go.id/sekolah/1B0D10AF26E0D5E0481E
Prov. Jawa Tengah,Kab. Banjarnegara,Kec. Kalibening,SD Negeri 1 Karanganyar,20304636,SD,Negeri,-,0,0,0,0,0,6,0,1,http://dapo.dikdasmen.kemdikbud.go.id/sekolah/7C3BF9BD49056E39E914
Prov. Jawa Tengah,Kab. Banjarnegara,Kec. Kalibening,SD NEGERI 1 KASINOMAN,20304652,SD,Negeri,-,0,0,0,0,0,9,0,1,http://dapo.dikdasmen.kemdikbud.go.id/sekolah/4C949AD760AE1011280A
Prov. Jawa Tengah,Kab. Banjarnegara,Kec. Kalibening,SD NEGERI 1 KERTOSARI,20304138,SD,Negeri,-,0,0,0,0,0,6,0,1,http://dapo.dikdasmen.kemdikbud.go.id/sekolah/A8A85C8E7E70807A3B05
Prov. Jawa Tengah,Kab. Banjarnegara,Kec. Kalibening,SD NEGERI 1 MAJATENGAH,20304622,SD,Negeri,-,0,0,0,0,0,6,0,1,http://dapo.dikdasmen.kemdikbud.go.id/sekolah/4CC5855DBECFA0B0F757
Prov. Jawa Tengah,Kab. Banjarnegara,Kec. Kalibening,SD NEGERI 1 PLORENGAN,20304421,SD,Negeri,-,0,0,0,0,0,6,1,1,http://dapo.dikdasmen.kemdikbud.go.id/sekolah/E376B64D1B879F2333AC
Prov. Jawa Tengah,Kab. Banjarnegara,Kec. Kalibening,SD NEGERI 1 SEMBAWA,20304428,SD,Negeri,-,0,0,0,0,0,3,0,0,http://dapo.dikdasmen.kemdikbud.go.id/sekolah/04A7D6DE74A63BFFA099
Prov. Jawa Tengah,Kab. Banjarnegara,Kec. Kalibening,SD NEGERI 1 SIDAKANGEN,20304425,SD,Negeri,-,0,0,0,0,0,6,0,1,http://dapo.dikdasmen.kemdikbud.go.id/sekolah/FAF51931EBD389EB4076
Prov. Jawa Tengah,Kab. Banjarnegara,Kec. Kalibening,SD NEGERI 1 SIKUMPUL,20304517,SD,Negeri,-,0,0,0,0,0,6,1,1,http://dapo.dikdasmen.kemdikbud.go.id/sekolah/6F4B636F3BA780054124
Prov. Jawa Tengah,Kab. Banjarnegara,Kec. Kalibening,SD NEGERI 1 SIRUKUN,20304512,SD,Negeri,-,0,0,0,0,0,12,0,1,http://dapo.dikdasmen.kemdikbud.go.id/sekolah/6BDD3CFB67E92E348291
Prov. Jawa Tengah,Kab. Banjarnegara,Kec. Kalibening,SD NEGERI 2 ASINAN,20304479,SD,Negeri,-,0,0,0,0,0,6,0,1,http://dapo.dikdasmen.kemdikbud.go.id/sekolah/D35545A339821CC36271
Prov. Jawa Tengah,Kab. Banjarnegara,Kec. Kalibening,SD NEGERI 2 GUNUNGLANGIT,20303868,SD,Negeri,-,0,0,0,0,0,6,1,1,http://dapo.dikdasmen.kemdikbud.go.id/sekolah/CEA70F5734A876F5E1B2
Prov. Jawa Tengah,Kab. Banjarnegara,Kec. Kalibening,SD Negeri 2 Karanganyar,20303821,SD,Negeri,-,0,0,0,0,0,6,0,1,http://dapo.dikdasmen.kemdikbud.go.id/sekolah/5304E6ED9574D8ED152D
Prov. Jawa Tengah,Kab. Banjarnegara,Kec. Kalibening,SD NEGERI 2 KERTOSARI,20303833,SD,Negeri,-,0,0,0,0,0,6,0,1,http://dapo.dikdasmen.kemdikbud.go.id/sekolah/8E47C4F1C5C1DF9770D7
Prov. Jawa Tengah,Kab. Banjarnegara,Kec. Kalibening,SD NEGERI 2 PLORENGAN,20303887,SD,Negeri,-,0,0,0,0,0,6,0,1,http://dapo.dikdasmen.kemdikbud.go.id/sekolah/4777B4CB7489DA256092
Prov. Jawa Tengah,Kab. Banjarnegara,Kec. Kalibening,SD NEGERI 2 SEMBAWA,20303735,SD,Negeri,-,0,0,0,0,0,6,0,1,http://dapo.dikdasmen.kemdikbud.go.id/sekolah/9ECBC8E184D3DA65185D
Prov. Jawa Tengah,Kab. Banjarnegara,Kec. Kalibening,SD NEGERI 2 SIDAKANGEN,20303733,SD,Negeri,-,0,0,0,0,0,6,0,0,http://dapo.dikdasmen.kemdikbud.go.id/sekolah/09C8D755978BA3FE2FD5
Prov. Jawa Tengah,Kab. Banjarnegara,Kec. Kalibening,SD NEGERI 2 SIKUMPUL,20303729,SD,Negeri,-,0,0,0,0,0,7,0,1,http://dapo.dikdasmen.kemdikbud.go.id/sekolah/8D489D86A98572284A55
Prov. Jawa Tengah,Kab. Banjarnegara,Kec. Kalibening,SD NEGERI 3 ASINAN,20303701,SD,Negeri,-,0,0,0,0,0,7,0,1,http://dapo.dikdasmen.kemdikbud.go.id/sekolah/3BCE18F487F037F2CA02
Prov. Jawa Tengah,Kab. Banjarnegara,Kec. Kalibening,SD NEGERI 3 KALIBOMBONG,20303790,SD,Negeri,-,0,0,0,0,0,6,0,1,http://dapo.dikdasmen.kemdikbud.go.id/sekolah/8148071362E6A62F4DF7
Prov. Jawa Tengah,Kab. Banjarnegara,Kec. Kalibening,SD NEGERI 3 KALISATKIDUL,20303799,SD,Negeri,-,0,0,0,0,0,6,0,1,http://dapo.dikdasmen.kemdikbud.go.id/sekolah/EE8562690703A19DA336
Prov. Jawa Tengah,Kab. Banjarnegara,Kec. Kalibening,SD NEGERI 3 KASINOMAN,20303806,SD,Negeri,-,0,0,0,0,0,6,0,0,http://dapo.dikdasmen.kemdikbud.go.id/sekolah/FB67E3F7823AD54CC691
Prov. Jawa Tengah,Kab. Banjarnegara,Kec. Kalibening,SD NEGERI 3 SIKUMPUL,20304094,SD,Negeri,-,0,0,0,0,0,6,0,1,http://dapo.dikdasmen.kemdikbud.go.id/sekolah/9C3B8D761F6CE52FFEED
Prov. Jawa Tengah,Kab. Banjarnegara,Kec. Kalibening,SD NEGERI 4 KALISATKIDUL,20304061,SD,Negeri,-,0,0,0,0,0,3,0,0,http://dapo.dikdasmen.kemdikbud.go.id/sekolah/6490D3DCE0139FB9DA25
Prov. Jawa Tengah,Kab. Banjarnegara,Kec. Kalibening,SD NEGERI SIRUKEM,20303977,SD,Negeri,-,0,0,0,0,0,7,0,0,http://dapo.dikdasmen.kemdikbud.go.id/sekolah/BCD35A2299DC4ED39E47
Prov. Jawa Tengah,Kab. Banjarnegara,Kec. Kalibening,SMP NEGERI 1 KALIBENING,20304028,SMP,Negeri,-,0,0,0,0,0,21,6,1,http://dapo.dikdasmen.kemdikbud.go.id/sekolah/3B5A6A0B19003917406A
Prov. Jawa Tengah,Kab. Banjarnegara,Kec. Kalibening,SMP NEGERI 2 KALIBENING,20351010,SMP,Negeri,21 Aug 2019 14:03:38,1,131,6,15,5,9,2,1,http://dapo.dikdasmen.kemdikbud.go.id/sekolah/EAA3B6052C8AEF8FD004
Prov. Jawa Tengah,Kab. Banjarnegara,Kec. Kalibening,SMP NEGERI 3 KALIBENING,20304008,SMP,Negeri,-,0,0,0,0,0,11,3,1,http://dapo.dikdasmen.kemdikbud.go.id/sekolah/75576AF8C69486CCDC66
Prov. Jawa Tengah,Kab. Banjarnegara,Kec. Kalibening,SMP NEGERI 4 KALIBENING,20304015,SMP,Negeri,-,0,0,0,0,0,13,3,1,http://dapo.dikdasmen.kemdikbud.go.id/sekolah/01F808A8D600EEE7C343
Prov. Jawa Tengah,Kab. Banjarnegara,Kec. Kalibening,SMP NEGERI 5 SATU ATAP KALIBENING,20344642,SMP,Negeri,-,0,0,0,0,0,4,1,1,http://dapo.dikdasmen.kemdikbud.go.id/sekolah/4E7EDE20A8E663EDC552
Prov. Jawa Tengah,Kab. Banjarnegara,Kec. Kalibening,SMP NEGERI 6 SATU ATAP KALIBENING,20362358,SMP,Negeri,-,0,0,0,0,0,4,1,1,http://dapo.dikdasmen.kemdikbud.go.id/sekolah/1D8AB0595924C4506C3C
Prov. Jawa Tengah,Kab. Banjarnegara,Kec. Kalibening,SMP ISLAM AL MUBAROK,69980615,SMP,Swasta,23 Aug 2019 03:19:51,15,143,5,6,0,5,0,0,http://dapo.dikdasmen.kemdikbud.go.id/sekolah/A9357497BF860F476EDD
Prov. Jawa Tengah,Kab. Banjarnegara,Kec. Kalibening,SMAS MUHAMMADIYAH 4 BANJARNEGARA,20303988,SMA,Swasta,-,0,0,0,0,0,13,5,0,http://dapo.dikdasmen.kemdikbud.go.id/sekolah/6EE4767261CF30E12ACD
Prov. Jawa Tengah,Kab. Banjarnegara,Kec. Kalibening,SMK MAARIF NU 01 AL MUBAROK,69900169,SMK,Swasta,-,0,0,0,0,0,10,0,0,http://dapo.dikdasmen.kemdikbud.go.id/sekolah/8236068E79A507B6DDFD
