provinsi,kab_kota,kecamatan,nama_sekolah,npsn,bp,status,last_sync,jml_sync,pd,rombel,guru,pegawai,ruang_kelas,ruang_lab,ruang_perpus,url_sekolah
Prov. Aceh,Kab. Aceh Barat,Kec. Bubon,SD NEGERI ALUE LHOK BUBON,10108017,SD,Negeri,-,0,0,0,0,0,6,0,2,http://dapo.dikdasmen.kemdikbud.go.id/sekolah/30DFFBFB2D4F9116D702
Prov. Aceh,Kab. Aceh Barat,Kec. Bubon,SD NEGERI LAYUNG BEURAWANG,10107871,SD,Negeri,-,0,0,0,0,0,6,0,1,http://dapo.dikdasmen.kemdikbud.go.id/sekolah/7C209FF089CBAC0E0673
Prov. Aceh,Kab. Aceh Barat,Kec. Bubon,SD NEGERI PEULANTEU,10107882,SD,Negeri,-,0,0,0,0,0,6,0,1,http://dapo.dikdasmen.kemdikbud.go.id/sekolah/89412B0E259863B2DE96
Prov. Aceh,Kab. Aceh Barat,Kec. Bubon,SD NEGERI SEUMEULENG,10107889,SD,Negeri,-,0,0,0,0,0,6,0,1,http://dapo.dikdasmen.kemdikbud.go.id/sekolah/9506F18E594CBDBB579A
Prov. Aceh,Kab. Aceh Barat,Kec. Bubon,SD NEGERI SUAK PANGKAT,10107904,SD,Negeri,-,0,0,0,0,0,6,0,1,http://dapo.dikdasmen.kemdikbud.go.id/sekolah/A3D2372B0FB1C4089969
Prov. Aceh,Kab. Aceh Barat,Kec. Bubon,SMP NEGERI 1 BUBON,10110693,SMP,Negeri,-,0,0,0,0,0,11,5,1,http://dapo.dikdasmen.kemdikbud.go.id/sekolah/408C03F7C308A6795F6B
Prov. Aceh,Kab. Aceh Barat,Kec. Bubon,SMP NEGERI 2 BUBON,10110278,SMP,Negeri,-,0,0,0,0,0,7,2,2,http://dapo.dikdasmen.kemdikbud.go.id/sekolah/3A0971C77F4195C14FA8
Prov. Aceh,Kab. Aceh Barat,Kec. Bubon,SMA NEGERI 1 BUBON,10110564,SMA,Negeri,-,0,0,0,0,0,9,3,1,http://dapo.dikdasmen.kemdikbud.go.id/sekolah/50DB7DA3A70684F9F590
