Our Data,Map Data,Lev_ratio,Inter_Ratio,Rank,Rank2
Kab. Aceh Barat,Aceh Barat,0.8,1.0,1.0,1.0
Kab. Aceh Barat Daya,Aceh Barat Daya,0.8571428571428571,0.99375,1.0,1.0
Kab. Aceh Besar,Aceh Besar,0.8,1.0,1.0,1.0
Kab. Aceh Jaya,Aceh Jaya,0.782608695652174,0.9935064935064936,1.0,1.0
Kab. Aceh Selatan,Aceh Selatan,0.8275862068965517,0.993485342019544,1.0,1.0
Kab. Aceh Singkil,Aceh Singkil,0.8275862068965517,0.9647058823529412,1.0,1.0
Kab. Aceh Tamiang,Aceh Tamiang,0.8275862068965517,1.0,1.0,1.0
Kab. Aceh Tengah,Aceh Tengah,0.8148148148148148,1.0,1.0,1.0
Kab. Aceh Tenggara,Aceh Tenggara,0.8387096774193549,0.993103448275862,1.0,1.0
Kab. Aceh Timur,Aceh Timur,0.8,0.9951807228915662,1.0,1.0
Kab. Aceh Utara,Aceh Utara,0.8,0.9982935153583617,1.0,1.0
Kab. Agam,Agam,0.6153846153846154,0.9888682745825603,1.0,1.0
Kab. Alor,Alor,0.6153846153846154,0.9977220956719818,1.0,1.0
Kab. Bekasi,Bekasi,0.7058823529411765,0.9945188794153471,1.0,1.0
Kab. Belitung,Belitung,0.7619047619047619,1.0,1.0,1.0
Kab. Belitung Timur,Belitung Timur,0.8484848484848485,0.9930555555555556,1.0,1.0
Kab. Belu,Belu,0.6153846153846154,1.0,1.0,1.0
Kab. Bener Meriah,Bener Meriah,0.8275862068965517,0.995475113122172,1.0,1.0
Kab. Bengkalis,Bengkalis,0.782608695652174,0.9756554307116105,1.0,1.0
Kab. Bengkayang,Bengkayang,0.8,0.9898734177215189,1.0,1.0
Kab. Bengkulu Selatan,Bengkulu Selatan,0.8648648648648649,1.0,1.0,1.0
Kab. Bengkulu Tengah,Bengkulu Tengah,0.8571428571428571,0.9347826086956522,1.0,1.0
Kab. Bengkulu Utara,Bengkulu Utara,0.8484848484848485,0.9882352941176471,1.0,1.0
Kab. Berau,Berau,0.6666666666666666,0.9920318725099602,1.0,1.0
Kab. Biak Numfor,Biak Numfor,0.8148148148148148,1.0,1.0,1.0
Kab. Bima,Bima,0.6153846153846154,0.9984591679506933,1.0,1.0
Kab. Bintan,Bintan,0.7058823529411765,1.0,1.0,1.0
Kab. Bireuen,Bireuen,0.7368421052631579,0.9865229110512129,1.0,1.0
Kab. Blitar,Blitar,0.7058823529411765,0.9975990396158463,1.0,1.0
Kab. Blora,Blora,0.6666666666666666,1.0,1.0,1.0
Kab. Boalemo,Boalemo,0.7368421052631579,1.0,1.0,1.0
Kab. Bogor,Bogor,0.6666666666666666,0.9942196531791907,1.0,1.0
Kab. Bojonegoro,Bojonegoro,0.8,1.0,1.0,1.0
Kab. Bolaang Mongondow,Bolaang Mongondow,0.8717948717948718,0.9968944099378882,1.0,1.0
Kab. Bolaang Mongondow Selatan,Bolaang Mongondow Selatan,0.9090909090909091,1.0,1.0,1.0
Kab. Bolaang Mongondow Timur,Bolaang Mongondow Timur,0.9019607843137255,0.9895833333333334,1.0,1.0
Kab. Bolaang Mongondow Utara,Bolaang Mongondow Utara,0.9019607843137255,0.9747899159663865,1.0,1.0
Kab. Bombana,Bombana,0.7368421052631579,0.9961389961389961,1.0,1.0
Kab. Bondowoso,Bondowoso,0.782608695652174,0.9985714285714286,1.0,1.0
Kab. Bone,Bone,0.6153846153846154,0.9976442873969376,1.0,1.0
Kab. Bone Bolango,Bone Bolango,0.8275862068965517,1.0,1.0,1.0
Kab. Boven Digoel,Boven Digoel,0.8275862068965517,1.0,1.0,1.0
Kab. Boyolali,Boyolali,0.7619047619047619,0.9961240310077519,1.0,1.0
Kab. Brebes,Brebes,0.7058823529411765,0.9956634865568084,1.0,1.0
Kab. Buleleng,Buleleng,0.7619047619047619,1.0,1.0,1.0
Kab. Bulukumba,Bulukumba,0.782608695652174,0.9977116704805492,1.0,1.0
Kab. Bulungan,Bulungan,0.7619047619047619,0.9911504424778761,1.0,1.0
Kab. Bungo,Bungo,0.6666666666666666,0.9825072886297376,1.0,1.0
Kab. Buol,Buol,0.6153846153846154,1.0,1.0,1.0
Kab. Buru,Buru,0.6153846153846154,0.9864253393665159,1.0,1.0
Kab. Buru Selatan,Buru Selatan,0.8275862068965517,0.9883720930232558,1.0,1.0
Kab. Buton Utara,Buton Utara,0.8148148148148148,0.9846153846153847,1.0,1.0
Kab. Ciamis,Ciamis,0.7058823529411765,0.9959266802443992,1.0,1.0
Kab. Cianjur,Cianjur,0.7368421052631579,0.996230479267636,1.0,1.0
Kab. Asahan,Asahan,0.7058823529411765,0.9858934169278997,1.0,1.0
Kab. Asmat,Asmat,0.6666666666666666,0.9490445859872612,1.0,1.0
Kab. Badung,Badung,0.7058823529411765,0.9924433249370277,1.0,1.0
Kab. Balangan,Balangan,0.7619047619047619,0.9619047619047619,1.0,1.0
Kab. Bandung,Bandung,0.7368421052631579,0.9946183953033269,1.0,1.0
Kab. Cilacap,Cilacap,0.7368421052631579,1.0,1.0,1.0
Kab. Cirebon,Cirebon,0.7368421052631579,0.9961270333075135,1.0,1.0
Kab. Dairi,Dairi,0.6666666666666666,0.9945945945945946,1.0,1.0
Kab. Deiyai,Deiyai,0.7058823529411765,0.971830985915493,1.0,1.0
Kab. Deli Serdang,Deli Serdang,0.8275862068965517,0.9584352078239609,1.0,1.0
Kab. Demak,Demak,0.6666666666666666,0.9985141158989599,1.0,1.0
Kab. Dharmasraya,Dharmasraya,0.8148148148148148,1.0,1.0,1.0
Kab. Dogiyai,Dogiyai,0.7368421052631579,1.0,1.0,1.0
Kab. Dompu,Dompu,0.6666666666666666,1.0,1.0,1.0
Kab. Donggala,Donggala,0.7619047619047619,0.9875,1.0,1.0
Kab. Empat Lawang,Empat Lawang,0.8275862068965517,0.9875518672199171,1.0,1.0
Kab. Ende,Ende,0.6153846153846154,0.9978213507625272,1.0,1.0
Kab. Enrekang,Enrekang,0.7619047619047619,0.9965753424657534,1.0,1.0
Kab. Fak-Fak,Fakfak,0.5555555555555556,0.9784172661870504,1.0,1.0
Kab. Flores Timur,Flores Timur,0.8275862068965517,1.0,1.0,1.0
Kab. Garut,Garut,0.6666666666666666,0.9965095986038395,1.0,1.0
Kab. Gayo Lues,Gayo Lues,0.782608695652174,1.0,1.0,1.0
Kab. Gianyar,Gianyar,0.7368421052631579,1.0,1.0,1.0
Kab. Gorontalo,Gorontalo,0.782608695652174,0.9848156182212582,1.0,1.0
Kab. Gorontalo Utara,Gorontalo Utara,0.8571428571428571,0.9849246231155779,1.0,1.0
Kab. Gowa,Gowa,0.6153846153846154,0.9931856899488927,1.0,1.0
Kab. Gresik,Gresik,0.7058823529411765,0.9838945827232797,1.0,1.0
Kab. Grobogan,Grobogan,0.7619047619047619,0.9970674486803519,1.0,1.0
Kab. Gunung Kidul,Gunung Kidul,0.8275862068965517,0.9939759036144579,1.0,1.0
Kab. Gunung Mas,Gunung Mas,0.8,0.97265625,1.0,1.0
Kab. Halmahera Barat,Halmahera Barat,0.8571428571428571,0.9742647058823529,1.0,1.0
Kab. Halmahera Selatan,Halmahera Selatan,0.8717948717948718,1.0,1.0,1.0
Kab. Halmahera Tengah,Halmahera Tengah,0.8648648648648649,1.0,1.0,1.0
Kab. Halmahera Timur,Halmahera Timur,0.8571428571428571,1.0,1.0,1.0
Kab. halmahera Utara,Halmahera Utara,0.8,0.9969040247678018,1.0,1.0
Kab. Hulu Sungai Selatan,Hulu Sungai Selatan,0.8837209302325582,0.9931972789115646,1.0,1.0
Kab. Hulu Sungai Tengah,Hulu Sungai Tengah,0.8780487804878049,0.9968652037617555,1.0,1.0
Kab. Hulu Sungai Utara,Hulu Sungai Utara,0.8717948717948718,0.9913793103448276,1.0,1.0
Kab. Humbang Hasudutan,Humbang Hasundutan,0.85,0.9761092150170648,1.0,1.0
Kab. Indragiri Hilir,Indragiri Hilir,0.8571428571428571,0.983402489626556,1.0,1.0
Kab. Indragiri Hulu,Indragiri Hulu,0.8484848484848485,0.9929577464788732,1.0,1.0
Kab. Indramayu,Indramayu,0.782608695652174,0.9969465648854962,1.0,1.0
Kab. Bandung Barat,Bandung Barat,0.8387096774193549,0.9868667917448405,1.0,1.0
Kab. Intan Jaya,Intan Jaya,0.8,0.9555555555555556,1.0,1.0
Kab. Jaya Wijaya,Jayawijaya,0.6923076923076923,0.9883040935672515,1.0,1.0
Kab. Jayapura,Jayapura,0.7619047619047619,0.995,1.0,1.0
Kab. Jember,Jember,0.7058823529411765,0.9993819530284301,1.0,1.0
Kab. Jembrana,Jembrana,0.7619047619047619,1.0,1.0,1.0
Kab. Jeneponto,Jeneponto,0.782608695652174,0.9975669099756691,1.0,1.0
Kab. Jepara,Jepara,0.7058823529411765,0.9895150720838795,1.0,1.0
Kab. Jombang,Jombang,0.7368421052631579,1.0,1.0,1.0
Kab. Kaimana,Kaimana,0.7368421052631579,0.7747747747747747,1.0,1.0
Kab. Kampar,Kampar,0.7058823529411765,0.9670487106017192,1.0,1.0
Kab. Kapuas,Kapuas,0.7058823529411765,0.9199288256227758,1.0,1.0
Kab. Kapuas Hulu,Kapuas Hulu,0.8148148148148148,0.9981617647058824,1.0,1.0
Kab. Karang Asem,Karangasem,0.6923076923076923,1.0,1.0,1.0
Kab. Karanganyar,Karanganyar,0.8148148148148148,0.9922239502332815,1.0,1.0
Kab. Karawang,Karawang,0.7619047619047619,0.9983883964544722,1.0,1.0
Kab. Karimun,Karimun,0.7368421052631579,1.0,1.0,1.0
Kab. Karo,Karo,0.6153846153846154,0.9924433249370277,1.0,1.0
Kab. Katingan,Katingan,0.7619047619047619,0.9724770642201835,1.0,1.0
Kab. Kaur,Kaur,0.6153846153846154,1.0,1.0,1.0
Kab. Kayong Utara,Kayong Utara,0.8275862068965517,0.9875776397515528,1.0,1.0
Kab. Kebumen,Kebumen,0.7368421052631579,1.0,1.0,1.0
Kab. Kediri,Kediri,0.7058823529411765,0.9988826815642458,1.0,1.0
Kab. Keerom,Keerom,0.7058823529411765,0.99,1.0,1.0
Kab. Kendal,Kendal,0.7058823529411765,0.9987012987012988,1.0,1.0
Kab. Kep. Sangihe,Kepulauan Sangihe,0.6470588235294118,0.9966329966329966,1.0,1.0
Kab. Kepahiang,Kepahiang,0.782608695652174,1.0,1.0,1.0
Kab. Kepulauan Anambas,Kepulauan Anambas,0.8717948717948718,0.9215686274509803,1.0,1.0
Kab. Kepulauan Aru,Kepulauan Aru,0.8387096774193549,1.0,1.0,1.0
Kab. Kepulauan Mentawai,Kepulauan Mentawai,0.8780487804878049,1.0,1.0,1.0
Kab. Kepulauan Meranti,Kepulauan Meranti,0.8717948717948718,0.9882352941176471,1.0,1.0
Kab. Kepulauan Morotai,Pulau Morotai,0.6857142857142857,1.0,1.0,1.0
Kab. Kepulauan Selayar,Kepulauan Selayar,0.8717948717948718,0.9906542056074766,1.0,1.0
Kab. Kepulauan Seribu,Kepulauan Seribu,0.8648648648648649,1.0,1.0,1.0
Kab. Kepulauan Siau Tagulandang Biaro,Siau Tagulandang Biaro,0.7457627118644068,0.9637681159420289,1.0,1.0
Kab. Kepulauan Sula,Kepulauan Sula,0.8484848484848485,1.0,1.0,1.0
Kab. Kepulauan Talaud,Kepulauan Talaud,0.8648648648648649,0.9946808510638298,1.0,1.0
Kab. Kepulauan Yapen,Kepulauan Yapen,0.8571428571428571,0.9878787878787879,1.0,1.0
Kab. Kerinci,Kerinci,0.7368421052631579,0.9837133550488599,1.0,1.0
Kab. Ketapang,Ketapang,0.7619047619047619,0.994535519125683,1.0,1.0
Kab. Klaten,Klaten,0.7058823529411765,0.9989669421487604,1.0,1.0
Kab. Klungkung,Klungkung,0.782608695652174,0.994413407821229,1.0,1.0
Kab. Kolaka,Kolaka,0.7058823529411765,1.0,1.0,1.0
Kab. Kolaka Utara,Kolaka Utara,0.8275862068965517,1.0,1.0,1.0
Kab. Konawe,Konawe,0.7058823529411765,0.9973753280839895,1.0,1.0
Kab. Konawe Selatan,Konawe Selatan,0.8484848484848485,0.9977064220183486,1.0,1.0
Kab. Konawe Utara,Konawe Utara,0.8275862068965517,0.9936305732484076,1.0,1.0
Kab. Kotabaru,Kota Baru,0.6363636363636364,0.959375,1.0,1.0
Kab. Kotawaringin Barat,Kotawaringin Barat,0.8780487804878049,0.9929078014184397,1.0,1.0
Kab. Kotawaringin Timur,Kotawaringin Timur,0.8780487804878049,0.9791271347248577,1.0,1.0
Kab. Banggai,Banggai,0.7368421052631579,0.9691119691119691,1.0,1.0
Kab. Banggai Laut,Banggai Kepulauan,0.5882352941176471,1.0,1.0,1.0
Kab. Bangka,Bangka,0.7058823529411765,0.99609375,1.0,1.0
Kab. Bangka Barat,Bangka Barat,0.8275862068965517,0.9894736842105263,1.0,1.0
Kab. Kuantan Singingi,Kuantan Singingi,0.8648648648648649,0.9832869080779945,1.0,1.0
Kab. Kuburaya,Kubu Raya,0.6363636363636364,0.9550561797752809,1.0,1.0
Kab. Kudus,Kudus,0.6666666666666666,0.981549815498155,1.0,1.0
Kab. Kulon Progo,Kulon Progo,0.8148148148148148,0.9978448275862069,1.0,1.0
Kab. Kuningan,Kuningan,0.7619047619047619,0.9940758293838863,1.0,1.0
Kab. Kupang,Kupang,0.7058823529411765,1.0,1.0,1.0
Kab. Kutai Barat,Kutai Barat,0.8148148148148148,0.9967320261437909,1.0,1.0
Kab. Kutai Kartanegara,Kutai Kartanegara,0.8717948717948718,0.9649859943977591,1.0,1.0
Kab. Kutai Timur,Kutai Timur,0.8148148148148148,0.9915492957746479,1.0,1.0
Kab. Labuhan Batu,Labuhanbatu,0.7142857142857143,0.9903614457831326,1.0,1.0
Kab. Labuhan Batu Selatan,Labuhanbatu Selatan,0.8181818181818182,0.9545454545454546,1.0,1.0
Kab. Labuhan Batu Utara,Labuhanbatu Utara,0.8,0.9946808510638298,1.0,1.0
Kab. Lahat,Lahat,0.6666666666666666,0.9764150943396226,1.0,1.0
Kab. Lamandau,Lamandau,0.7619047619047619,1.0,1.0,1.0
Kab. Lamongan,Lamongan,0.7619047619047619,0.9968553459119497,1.0,1.0
Kab. Lampung Barat,Lampung Barat,0.8387096774193549,0.9898305084745763,1.0,1.0
Kab. Lampung Selatan,Lampung Selatan,0.8571428571428571,0.9703903095558546,1.0,1.0
Kab. Lampung Tengah,Lampung Tengah,0.8484848484848485,0.9907493061979649,1.0,1.0
Kab. Lampung Timur,Lampung Timur,0.8387096774193549,0.9824150058616647,1.0,1.0
Kab. Lampung Utara,Lampung Utara,0.8387096774193549,0.9856,1.0,1.0
Kab. Landak,Landak,0.7058823529411765,0.996742671009772,1.0,1.0
Kab. Langkat,Langkat,0.7368421052631579,0.9915343915343915,1.0,1.0
Kab. Lanny Jaya,Lanny Jaya,0.8,1.0,1.0,1.0
Kab. Lebak,Lebak,0.6666666666666666,0.9955237242614146,1.0,1.0
Kab. Lebong,Lebong,0.7058823529411765,0.9922480620155039,1.0,1.0
Kab. Lembata,Lembata,0.7368421052631579,0.9957446808510638,1.0,1.0
Kab. Lima Puluh Koto,Lima Puluh Kota,0.8,1.0,1.0,1.0
Kab. Lingga,Lingga,0.7058823529411765,0.9936305732484076,1.0,1.0
Kab. Lombok Barat,Lombok Barat,0.8275862068965517,0.9941747572815534,1.0,1.0
Kab. Lombok Tengah,Lombok Tengah,0.8387096774193549,0.9988925802879292,1.0,1.0
Kab. Lombok Timur,Lombok Timur,0.8275862068965517,0.9982158786797503,1.0,1.0
Kab. Lombok Utara,Lombok Utara,0.8275862068965517,0.9954128440366973,1.0,1.0
Kab. Lumajang,Lumajang,0.7619047619047619,0.9973787680209698,1.0,1.0
Kab. Luwu,Luwu,0.6153846153846154,0.9974747474747475,1.0,1.0
Kab. Luwu Timur,Luwu Timur,0.8,1.0,1.0,1.0
Kab. Luwu Utara,Luwu Utara,0.8,0.9971830985915493,1.0,1.0
Kab. Madiun,Madiun,0.7058823529411765,0.9980353634577603,1.0,1.0
Kab. Bangka Selatan,Bangka Selatan,0.8484848484848485,0.9930555555555556,1.0,1.0
Kab. Bangka Tengah,Bangka Tengah,0.8387096774193549,1.0,1.0,1.0
Kab. Bangkalan,Bangkalan,0.782608695652174,0.99812382739212,1.0,1.0
Kab. Bangli,Bangli,0.7058823529411765,1.0,1.0,1.0
Kab. Magelang,Magelang,0.7619047619047619,0.9975579975579976,1.0,1.0
Kab. Magetan,Magetan,0.7368421052631579,0.9983108108108109,1.0,1.0
Kab. Majalengka,Majalengka,0.8,1.0,1.0,1.0
Kab. Majene,Majene,0.7058823529411765,0.9875,1.0,1.0
Kab. Malang,Malang,0.7058823529411765,0.9958432304038005,1.0,1.0
Kab. Malinau,Malinau,0.7368421052631579,1.0,1.0,1.0
Kab. Maluku Barat Daya,Maluku Barat Daya,0.8717948717948718,0.8477366255144033,1.0,1.0
Kab. Maluku Tengah,Maluku Tengah,0.8387096774193549,0.9951690821256038,1.0,1.0
Kab. Maluku Tenggara,Maluku Tenggara,0.8571428571428571,0.9069767441860465,1.0,1.0
Kab. Maluku Tenggara Barat,Maluku Tenggara Barat,0.8936170212765957,0.9904761904761905,1.0,1.0
Kab. Mamasa,Mamasa,0.7058823529411765,1.0,1.0,1.0
Kab. Mamuju Tengah,Mamuju,0.5,0.994413407821229,1.0,1.0
Kab. Mandailing Natal,Mandailing Natal,0.8648648648648649,1.0,1.0,1.0
Kab. Manggarai,Manggarai,0.782608695652174,1.0,1.0,1.0
Kab. Manggarai Barat,Manggarai Barat,0.8571428571428571,0.9974093264248705,1.0,1.0
Kab. Manggarai Timur,Manggarai Timur,0.8571428571428571,0.9980842911877394,1.0,1.0
Kab. Manokwari,Manokwari,0.782608695652174,0.9832402234636871,1.0,1.0
Kab. Mappi,Mappi,0.6666666666666666,1.0,1.0,1.0
Kab. Maros,Maros,0.6666666666666666,1.0,1.0,1.0
Kab. Maybrat,Maybrat,0.7368421052631579,0.9473684210526315,1.0,1.0
Kab. Melawi,Melawi,0.7058823529411765,0.9949874686716792,1.0,1.0
Kab. Memberamo Raya,Mamberamo Raya,0.7878787878787878,0.989247311827957,1.0,1.0
Kab. Membramo Tengah,Mamberamo Tengah,0.7777777777777778,1.0,1.0,1.0
Kab. Merangin,Merangin,0.7619047619047619,0.9865771812080537,1.0,1.0
Kab. Merauke,Merauke,0.7368421052631579,1.0,1.0,1.0
Kab. Mesuji,Mesuji,0.7058823529411765,0.9241706161137441,1.0,1.0
Kab. Mimika,Mimika,0.7058823529411765,0.9956709956709957,1.0,1.0
Kab. Minahasa,Minahasa,0.7619047619047619,0.9859154929577465,1.0,1.0
Kab. Minahasa Selatan,Minahasa Selatan,0.8648648648648649,0.9943661971830986,1.0,1.0
Kab. Minahasa Tenggara,Minahasa Tenggara,0.8717948717948718,0.9936305732484076,1.0,1.0
Kab. Minahasa Utara,Minahasa Utara,0.8484848484848485,0.9899665551839465,1.0,1.0
Kab. Mojokerto,Mojokerto,0.782608695652174,0.9984662576687117,1.0,1.0
Kab. Muara Enim,Muara Enim,0.8,0.9530075187969925,1.0,1.0
Kab. Muaro Jambi,Muaro Jambi,0.8148148148148148,0.9784366576819407,1.0,1.0
Kab. Muko-muko,Mukomuko,0.7272727272727273,1.0,1.0,1.0
Kab. Muna,Muna,0.6153846153846154,0.9918032786885246,1.0,1.0
Kab. Murung Raya,Murung Raya,0.8148148148148148,0.9850746268656716,1.0,1.0
Kab. Musi Banyuasin,Musi Banyuasin,0.8484848484848485,0.9699140401146131,1.0,1.0
Kab. Musi Rawas Utara,Musi Rawas,0.6451612903225806,0.9939759036144579,1.0,1.0
Kab. Nabire,Nabire,0.7058823529411765,1.0,1.0,1.0
Kab. Nagakeo,Nagekeo,0.631578947368421,0.9960629921259843,1.0,1.0
Kab. Nagan Raya,Nagan Raya,0.8,1.0,1.0,1.0
Kab. Natuna,Natuna,0.7058823529411765,1.0,1.0,1.0
Kab. Banjarnegara,Banjarnegara,0.8275862068965517,0.9896238651102465,1.0,1.0
Kab. Bantaeng,Bantaeng,0.7619047619047619,0.9952380952380953,1.0,1.0
Kab. Bantul,Bantul,0.7058823529411765,0.9910233393177738,1.0,1.0
Kab. Banyuasin,Banyu Asin,0.6666666666666666,0.961038961038961,1.0,1.0
Kab. Banyumas,Banyumas,0.7619047619047619,1.0,1.0,1.0
Kab. Banyuwangi,Banyuwangi,0.8,0.99748322147651,1.0,1.0
Kab. Barito Kuala,Barito Kuala,0.8275862068965517,0.9970588235294118,1.0,1.0
Kab. Barito Selatan,Barito Selatan,0.8484848484848485,0.9848484848484849,1.0,1.0
Kab. Barito Timur,Barito Timur,0.8275862068965517,0.96875,1.0,1.0
Kab. Barito Utara,Barito Utara,0.8275862068965517,0.9369747899159664,1.0,1.0
Kab. Barru,Barru,0.6666666666666666,0.9921259842519685,1.0,1.0
Kab. Batang,Batang,0.7058823529411765,1.0,1.0,1.0
Kab. Batang Hari,Batang Hari,0.8148148148148148,0.8929765886287625,1.0,1.0
Kab. Batubara,Batu Bara,0.6363636363636364,0.9714285714285714,1.0,1.0
Kab. Tanggamus,Tanggamus,0.782608695652174,0.9316081330868762,1.0,1.0
Kab. Tanjung Jabung Barat,Tanjung Jabung B,0.7804878048780488,0.9006211180124224,1.0,1.0
Kab. Wonogiri,Wonogiri,0.7619047619047619,0.9958592132505176,1.0,1.0
Kab. Ogan Komering Ulu Selatan,Ogan Komering Ulu Selatan,0.9090909090909091,0.9505208333333334,1.0,1.0
Kab. Ogan Komering Ulu Timur,Ogan Komering Ulu Timur,0.9019607843137255,0.9804618117229129,1.0,1.0
Kab. Sarolangun,Sarolangun,0.8,0.9385474860335196,1.0,1.0
Kab. Sekadau,Sekadau,0.7368421052631579,0.9908536585365854,1.0,1.0
Kota Surabaya,Surabaya,0.7619047619047619,0.9968503937007874,1.0,1.0
Kab. Tuban,Tuban,0.6666666666666666,1.0,1.0,1.0
Kab. Sumedang,Sumedang,0.7619047619047619,0.9988425925925926,1.0,1.0
Kab. Sumenep,Sumenep,0.7368421052631579,0.9763374485596708,1.0,1.0
Kab. Pasaman,Pasaman,0.7368421052631579,0.8590604026845637,1.0,1.0
Kab. Pasaman Barat,Pasaman Barat,0.8387096774193549,1.0,1.0,1.0
Kab. Pekalongan,Pekalongan,0.8,0.9984615384615385,1.0,1.0
Kab. Pelalawan,Pelalawan,0.782608695652174,0.9823529411764705,1.0,1.0
Kab. Temanggung,Temanggung,0.8,1.0,1.0,1.0
Kab. Timor Tengah Selatan,Timor Tengah Selatan,0.8888888888888888,1.0,1.0,1.0
Kota Padang Sidimpuan,Padangsidimpuan,0.7777777777777778,0.9805194805194806,1.0,1.0
Kota Pagar Alam,Pagar Alam,0.8,0.9663865546218487,1.0,1.0
Kota Palangka Raya,Palangka Raya,0.8387096774193549,0.9624413145539906,1.0,1.0
Kab. Nias,Nias,0.6153846153846154,0.9625,1.0,1.0
Kab. Nias Barat,Nias Barat,0.8,0.9482758620689655,1.0,1.0
Kab. Nias Selatan,Nias Selatan,0.8275862068965517,0.978441127694859,1.0,1.0
Kab. Tangerang,Tangerang,0.782608695652174,0.9977753058954394,1.0,1.0
Kab. Sumba Barat Daya,Sumba Barat Daya,0.8648648648648649,1.0,1.0,1.0
Kab. Sumba Tengah,Sumba Tengah,0.8275862068965517,1.0,1.0,1.0
Kab. Sumba Timur,Sumba Timur,0.8148148148148148,1.0,1.0,1.0
Kab. Pinrang,Pinrang,0.7368421052631579,0.9975728155339806,1.0,1.0
Kab. Pohuwato,Pohuwato,0.7619047619047619,0.9947643979057592,1.0,1.0
Kab. Polewali Mandar,Polewali Mandar,0.8571428571428571,1.0,1.0,1.0
Kota Batam,Batam,0.6666666666666666,0.9954954954954955,1.0,1.0
Kota Cilegon,Cilegon,0.7368421052631579,1.0,1.0,1.0
Kota Cimahi,Cimahi,0.7058823529411765,0.9716981132075472,1.0,1.0
Kab. Purbalingga,Purbalingga,0.8148148148148148,0.9966329966329966,1.0,1.0
Kab. Nganjuk,Nganjuk,0.7368421052631579,0.9988009592326139,1.0,1.0
Kota Parepare,Parepare,0.7619047619047619,1.0,1.0,1.0
Kota Pariaman,Pariaman,0.7619047619047619,1.0,1.0,1.0
Kota Pasuruan,Kota Pasuruan,1.0,0.9905660377358491,1.0,1.0
Kota Payakumbuh,Payakumbuh,0.8,0.992,1.0,1.0
Kab. Pringsewu,Pringsewu,0.782608695652174,0.8736559139784946,1.0,1.0
Kab. Probolinggo,Probolinggo,0.8148148148148148,0.9948822927328557,1.0,1.0
Kota Jakarta Utara,Jakarta Utara,0.8387096774193549,0.9861111111111112,1.0,1.0
Kota Jambi,Jambi,0.6666666666666666,0.9972527472527473,1.0,1.0
Kota Jakarta Timur,Jakarta Timur,0.8387096774193549,0.9911361804995971,1.0,1.0
Kab. Pasuruan,Pasuruan,0.7619047619047619,1.0,1.0,1.0
Kab. Tasikmalaya,Tasikmalaya,0.8148148148148148,0.9948914431673053,1.0,1.0
Kota Jayapura,Kota Jayapura,1.0,0.9787234042553191,1.0,1.0
Kota Blitar,Kota Blitar,1.0,1.0,1.0,1.0
Kota Bogor,Kota Bogor,1.0,0.9855855855855856,1.0,1.0
Kota Pekanbaru,Pekanbaru,0.782608695652174,0.9647887323943662,1.0,1.0
Kab. Sragen,Sragen,0.7058823529411765,0.9986807387862797,1.0,1.0
Kab. Subang,Subang,0.7058823529411765,1.0,1.0,1.0
Kota Bandar Lampung,Bandar Lampung,0.8484848484848485,0.9557692307692308,1.0,1.0
Kota Bandung,Kota Bandung,1.0,0.996116504854369,1.0,1.0
Kota Palembang,Palembang,0.782608695652174,0.9669211195928753,1.0,1.0
Kota Palopo,Palopo,0.7058823529411765,1.0,1.0,1.0
Kab. Serang,Serang,0.7058823529411765,0.9972875226039783,1.0,1.0
Kab. Serdang Bedagai,Serdang Bedagai,0.8571428571428571,0.9827856025039123,1.0,1.0
Kota Pematangsiantar,Pematangsiantar,0.8571428571428571,0.9816849816849816,1.0,1.0
Kota Pontianak,Kota Pontianak,1.0,0.9935483870967742,1.0,1.0
Kab. Tana Toraja,Tana Toraja,0.8148148148148148,0.9880952380952381,1.0,1.0
Kab. Tanah Bumbu,Tanah Bumbu,0.8148148148148148,0.9818181818181818,1.0,1.0
Kab. Padang Pariaman,Padang Pariaman,0.8571428571428571,0.9980544747081712,1.0,1.0
Kab. Rembang,Rembang,0.7368421052631579,1.0,1.0,1.0
Kab. Rokan Hilir,Rokan Hilir,0.8148148148148148,0.9796954314720813,1.0,1.0
Kota Bekasi,Kota Bekasi,1.0,0.9674085850556439,1.0,1.0
Kab. Pati,Pati,0.6153846153846154,0.9940546967895363,1.0,1.0
Kota Makassar,Makassar,0.7619047619047619,0.9921875,1.0,1.0
Kab. Tapanuli Tengah,Tapanuli Tengah,0.8571428571428571,0.9682539682539683,1.0,1.0
Kab. Sijunjung,Sijunjung,0.782608695652174,0.9890510948905109,1.0,1.0
Kab. Sikka,Sikka,0.6666666666666666,1.0,1.0,1.0
Kab. Tabanan,Tabanan,0.7368421052631579,0.9974226804123711,1.0,1.0
Kab. Takalar,Takalar,0.7368421052631579,0.96875,1.0,1.0
Kab. Sampang,Sampang,0.7368421052631579,0.9878048780487805,1.0,1.0
Kota Lubuk Linggau,Lubuklinggau,0.7333333333333333,0.963855421686747,1.0,1.0
Kota Madiun,Kota Madiun,1.0,1.0,1.0,1.0
Kota Magelang,Kota Magelang,1.0,0.9022556390977443,1.0,1.0
Kab. Simalungun,Simalungun,0.8,0.9847619047619047,1.0,1.0
Kab. Sukoharjo,Sukoharjo,0.782608695652174,1.0,1.0,1.0
Kab. Ogan Komering Ulu,Ogan Komering Ulu,0.8717948717948718,0.9967532467532467,1.0,1.0
Kab. Sukabumi,Sukabumi,0.7619047619047619,0.996100278551532,1.0,1.0
Kab. Padang Lawas utara,Padang Lawas Utara,0.8292682926829268,0.9280575539568345,1.0,1.0
Kab. Sintang,Sintang,0.7368421052631579,0.9886914378029079,1.0,1.0
Kab. Situbondo,Situbondo,0.782608695652174,0.9983108108108109,1.0,1.0
Kab. Pesawaran,Pesawaran,0.782608695652174,0.9657701711491442,1.0,1.0
Kab. Purwakarta,Purwakarta,0.8,0.9966996699669967,1.0,1.0
Kab. Purworejo,Purworejo,0.782608695652174,1.0,1.0,1.0
Kota Binjai,Kota Binjai,1.0,0.9550561797752809,1.0,1.0
Kota Bitung,Bitung,0.7058823529411765,0.8947368421052632,1.0,1.0
Kota Tangerang,Kota Tangerang,1.0,0.998898678414097,1.0,1.0
Kota Tangerang Selatan,Tangerang Selatan,0.8717948717948718,0.9985652797704447,1.0,1.0
Kab. Paniai,Paniai,0.7058823529411765,1.0,1.0,1.0
Kab. Parigi Moutong,Parigi Moutong,0.8484848484848485,0.9842381786339754,1.0,1.0
Kab. Pegunungan Bintang,Pegunungan Bintang,0.8780487804878049,0.9885057471264368,1.0,1.0
Kota Padang,Padang,0.7058823529411765,1.0,1.0,1.0
Kota Yogyakarta,Kota Yogyakarta,1.0,0.9933993399339934,1.0,1.0
Kab. Tanjung Jabung Timur,Tanjung Jabung T,0.7804878048780488,1.0,1.0,1.0
Kab. Tapanuli Selatan,Tapanuli Selatan,0.8648648648648649,0.9444444444444444,1.0,1.0
Kota Singkawang,Singkawang,0.8,0.9627329192546584,1.0,1.0
Kota Solok,Kota Solok,1.0,0.9852941176470589,1.0,1.0
Kota Sorong,Kota Sorong,1.0,0.9861111111111112,1.0,1.0
Kota Subulussalam,Subulussalam,0.8275862068965517,0.9921259842519685,1.0,1.0
Kab. Seluma,Seluma,0.7058823529411765,0.9959677419354839,1.0,1.0
Kota Sungai Penuh,Sungai Penuh,0.8275862068965517,0.92,1.0,1.0
Kab. Timor Tengah Utara,Timor Tengah Utara,0.8780487804878049,1.0,1.0,1.0
Kab. Toraja Utara,Toraja Utara,0.8275862068965517,0.9935275080906149,1.0,1.0
Kab. Trenggalek,Trenggalek,0.8,1.0,1.0,1.0
Kab. Semarang,Semarang,0.7619047619047619,0.982274741506647,1.0,1.0
Kab. Seram Bagian Barat,Seram Bagian Barat,0.8780487804878049,1.0,1.0,1.0
Kab. Pesisir Selatan,Pesisir Selatan,0.8571428571428571,0.996039603960396,1.0,1.0
Kota Medan,Kota Medan,1.0,0.9571773220747889,1.0,1.0
Kota Metro,Metro,0.6666666666666666,0.9402985074626866,1.0,1.0
Kota Mojokerto,Kota Mojokerto,1.0,0.9906542056074766,1.0,1.0
Kota Semarang,Kota Semarang,1.0,0.9982668977469671,1.0,1.0
Kota Malang,Kota Malang,1.0,0.9915611814345991,1.0,1.0
Kota Jakarta Selatan,Jakarta Selatan,0.8571428571428571,0.9959349593495935,1.0,1.0
Kab. Rokan Hulu,Rokan Hulu,0.8,0.9550949913644214,1.0,1.0
Kota Balikpapan,Balikpapan,0.8,0.9968253968253968,1.0,1.0
Kota Banda Aceh,Banda Aceh,0.8,0.9770114942528736,1.0,1.0
Kab. Waropen,Waropen,0.7368421052631579,0.987012987012987,1.0,1.0
Kab. Way Kanan,Way Kanan,0.782608695652174,0.9827956989247312,1.0,1.0
Kab. Pandeglang,Pandeglang,0.8,0.999140154772141,1.0,1.0
Kab. Tanah Laut,Tanah Laut,0.8,0.9968354430379747,1.0,1.0
Kab. Sidoarjo,Sidoarjo,0.7619047619047619,0.9967811158798283,1.0,1.0
Kota Cirebon,Kota Cirebon,1.0,0.9925373134328358,1.0,1.0
Kab. Nunukan,Nunukan,0.7368421052631579,0.9801980198019802,1.0,1.0
Kab. Ogan Ilir,Ogan Ilir,0.782608695652174,0.9464285714285714,1.0,1.0
Kab. Wajo,Wajo,0.6153846153846154,0.9972375690607734,1.0,1.0
Kab. Wakatobi,Wakatobi,0.7619047619047619,0.9662921348314607,1.0,1.0
Kab. Siak,Siak,0.6153846153846154,0.9649122807017544,1.0,1.0
Kab. Sidenreng Rappang,Sidenreng Rappang,0.8717948717948718,0.9968051118210862,1.0,1.0
Kab. Sumbawa,Sumbawa,0.7368421052631579,1.0,1.0,1.0
Kab. Sumbawa Barat,Sumbawa Barat,0.8387096774193549,0.9934640522875817,1.0,1.0
Kab. Yalimo,Yalimo,0.7058823529411765,0.9864864864864865,1.0,1.0
Kota Ambon,Ambon,0.6666666666666666,1.0,1.0,1.0
Kab. Wonosobo,Wonosobo,0.7619047619047619,0.9984051036682615,1.0,1.0
Kab. Sanggau,Sanggau,0.7368421052631579,0.9953632148377125,1.0,1.0
Kab. Pakpak Bharat,Pakpak Barat,0.8,0.9876543209876543,1.0,1.0
Kab. Pamekasan,Pamekasan,0.782608695652174,0.996415770609319,1.0,1.0
Kab. Nduga,Nduga,0.6666666666666666,1.0,1.0,1.0
Kab. Ngada,Ngada,0.6666666666666666,1.0,1.0,1.0
Kab. Padang Lawas,Padang Lawas,0.8275862068965517,0.996078431372549,1.0,1.0
Kab. Sigi,Sigi,0.6153846153846154,0.997229916897507,1.0,1.0
Kab. Sinjai,Sinjai,0.7058823529411765,0.9968152866242038,1.0,1.0
Kota Padang Panjang,Padang Panjang,0.8484848484848485,0.9264705882352942,1.0,1.0
Kab. Ponorogo,Ponorogo,0.7619047619047619,1.0,1.0,1.0
Kab. Poso,Poso,0.6153846153846154,0.9941176470588236,1.0,1.0
Kab. Tulang Bawang,Tulangbawang,0.7333333333333333,0.9213483146067416,1.0,1.0
Kota Surakarta,Surakarta,0.782608695652174,0.995260663507109,1.0,1.0
Kota Kendari,Kendari,0.7368421052631579,1.0,1.0,1.0
Kota Kotamobagu,Kotamobagu,0.8,0.9702970297029703,1.0,1.0
Kab. Raja Ampat,Raja Ampat,0.8,0.9125,1.0,1.0
Kab. Rejang Lebong,Rejang Lebong,0.8387096774193549,0.9963636363636363,1.0,1.0
Kab. Tapanuli Utara,Tapanuli Utara,0.8484848484848485,0.9844961240310077,1.0,1.0
Kab. Tapin,Tapin,0.6666666666666666,1.0,1.0,1.0
Kab. Pulang Pisau,Pulang Pisau,0.8275862068965517,0.9015748031496063,1.0,1.0
Kab. Seram Bagian Timur,Seram Bagian Timur,0.8780487804878049,0.9650655021834061,1.0,1.0
Kota Kediri,Kota Kediri,1.0,0.9863013698630136,1.0,1.0
Kota Kupang,Kota Kupang,1.0,1.0,1.0,1.0
Kota Langsa,Langsa,0.7058823529411765,0.9719626168224299,1.0,1.0
Kab. Ogan Komering Ilir,Ogan Komering Ilir,0.8780487804878049,0.9761194029850746,1.0,1.0
Kab. Tulungagung,Tulungagung,0.8148148148148148,0.9987730061349693,1.0,1.0
Kab. Tolitoli,Toli-Toli,0.6363636363636364,0.9968454258675079,1.0,1.0
Kab. Solok,Solok,0.6666666666666666,0.9933481152993349,1.0,1.0
Kab. Solok Selatan,Solok Selatan,0.8387096774193549,1.0,1.0,1.0
Kab. Pemalang,Pemalang,0.7619047619047619,0.997872340425532,1.0,1.0
Kab. Sleman,Sleman,0.7058823529411765,0.993421052631579,1.0,1.0
Kab. Toba Samosir,Toba Samosir,0.8275862068965517,0.9903846153846154,1.0,1.0
Kab. Tegal,Tegal,0.6666666666666666,1.0,1.0,1.0
Kota Jakarta Pusat,Jakarta Pusat,0.8387096774193549,0.988394584139265,1.0,1.0
Kab. Tanah Datar,Tanah Datar,0.8148148148148148,0.9476439790575916,1.0,1.0
Kab. Tulang Bawang Barat,Tulang Bawang Barat,0.8837209302325582,0.8816793893129771,1.0,1.0
Kota Tanjung Balai,Kota Tanjungbalai,0.9142857142857143,0.9322033898305084,1.0,1.0
Kota Tanjungpinang,Tanjungpinang,0.8387096774193549,1.0,1.0,1.0
kab. Puncak,Puncak,0.7058823529411765,1.0,1.0,1.0
Kab. Puncak Jaya,Puncak Jaya,0.8148148148148148,1.0,1.0,1.0
Kab. Sorong,Sorong,0.7058823529411765,0.9554455445544554,1.0,1.0
Kab. Sorong Selatan,Sorong Selatan,0.8484848484848485,0.957983193277311,1.0,1.0
Kab. Sukamara,Sukamara,0.7619047619047619,0.9861111111111112,1.0,1.0
Kab. Paser,Paser,0.6666666666666666,0.9939759036144579,1.0,1.0
Kab. Tambrauw,Tambrauw,0.7619047619047619,0.55,1.0,1.0
Kab. Tana Tidung,Tana Tidung,0.8148148148148148,1.0,1.0,1.0
Kota Mataram,Mataram,0.7368421052631579,0.9923954372623575,1.0,1.0
Kab. Pacitan,Pacitan,0.7368421052631579,0.9922928709055877,1.0,1.0
Kota Prabumulih,Prabumulih,0.8,0.9315068493150684,1.0,1.0
Kota Palu,Palu,0.6153846153846154,0.967032967032967,1.0,1.0
Kota Pangkalpinang,Pangkalpinang,0.8387096774193549,0.9846153846153847,1.0,1.0
Kab. Seruyan,Seruyan,0.7368421052631579,0.9880952380952381,1.0,1.0
Kab. Ngawi,Ngawi,0.6666666666666666,0.9984939759036144,1.0,1.0
Kab. Sumba Barat,Sumba Barat,0.8148148148148148,1.0,1.0,1.0
Kota Salatiga,Salatiga,0.7619047619047619,0.9808917197452229,1.0,1.0
Kota Samarinda,Samarinda,0.782608695652174,0.9975786924939467,1.0,1.0
Kota Serang,Kota Serang,1.0,0.9942196531791907,1.0,1.0
Kota Sibolga,Sibolga,0.7368421052631579,0.9253731343283582,1.0,1.0
Kota Tidore Kepulauan,Tidore Kepulauan,0.8648648648648649,1.0,1.0,1.0
Kota Tomohon,Tomohon,0.7368421052631579,1.0,1.0,1.0
Kota Tual,Tual,0.6153846153846154,0.8888888888888888,1.0,1.0
Kota Tasikmalaya,Kota Tasikmalaya,1.0,0.9922480620155039,1.0,1.0
Kota Tebing Tinggi,Tebingtinggi,0.7333333333333333,0.9171974522292994,1.0,1.0
Kab. Tojo Una-Una,Tojo Una-Una,0.8275862068965517,0.9920634920634921,1.0,1.0
Kab. Tolikara,Tolikara,0.7619047619047619,1.0,1.0,1.0
Kab. Tebo,Tebo,0.6153846153846154,1.0,1.0,1.0
Kab. Sambas,Sambas,0.7058823529411765,0.9966273187183811,1.0,1.0
Kab. Samosir,Samosir,0.7368421052631579,0.9678714859437751,1.0,1.0
Kota Banjarmasin,Banjarmasin,0.8148148148148148,0.948170731707317,1.0,1.0
Kota Gunungsitoli,Gunungsitoli,0.8275862068965517,0.8511904761904762,1.0,1.0
Kota Jakarta Barat,Jakarta Barat,0.8387096774193549,0.9938271604938271,1.0,1.0
Kab. Rote-Ndao,Rote Ndao,0.6956521739130435,1.0,1.0,1.0
Kab. Penajam Paser Utara,Penajam Paser Utara,0.8837209302325582,0.9871794871794872,1.0,1.0
Kota Batu,Batu,0.6153846153846154,1.0,1.0,1.0
Kota Baubau,Bau-Bau,0.5555555555555556,1.0,1.0,1.0
Kota Tegal,Kota Tegal,1.0,0.995049504950495,1.0,1.0
Kota Ternate,Ternate,0.7368421052631579,0.9942196531791907,1.0,1.0
Kab. Supiori,Supiori,0.7368421052631579,1.0,1.0,1.0
Kab. Tabalong,Tabalong,0.7619047619047619,0.9900990099009901,1.0,1.0
Kab. Soppeng,Soppeng,0.7368421052631579,0.9967845659163987,1.0,1.0
Kota Bengkulu,Bengkulu,0.7619047619047619,0.9805825242718447,1.0,1.0
Kota Bima,Kota Bima,1.0,1.0,1.0,1.0
Kota Denpasar,Denpasar,0.7619047619047619,0.9890710382513661,1.0,1.0
Kota Depok,Depok,0.6666666666666666,0.9920634920634921,1.0,1.0
Kab. Pidie,Pidie,0.6666666666666666,1.0,1.0,1.0
Kota Sukabumi,Kota Sukabumi,1.0,0.9771689497716894,1.0,1.0
Kab. Nias Utara,Nias Utara,0.8,0.9961240310077519,1.0,1.0
Kota Manado,Manado,0.7058823529411765,0.995475113122172,1.0,1.0
Kota Pekalongan,Kota Pekalongan,1.0,0.9675324675324676,1.0,1.0
Kab. Sarmi,Sarmi,0.6666666666666666,1.0,1.0,1.0
Kab. Pidie Jaya,Pidie Jaya,0.8,0.9932432432432432,1.0,1.0
Kota Dumai,Dumai,0.6666666666666666,0.9884393063583815,1.0,1.0
Kota Probolinggo,Kota Probolinggo,1.0,1.0,1.0,1.0
Kota Sabang,Sabang,0.7058823529411765,1.0,1.0,1.0
Kab. Sabu Raijua,Sabu Raijua,0.8148148148148148,1.0,1.0,1.0
Kab. Teluk Bintuni,Teluk Bintuni,0.8387096774193549,0.992,1.0,1.0
Kab. Teluk Wondama,Teluk Wondama,0.8387096774193549,0.863013698630137,1.0,1.0
Kota Tarakan,Tarakan,0.7368421052631579,0.9636363636363636,1.0,1.0
Kota Lhokseumawe,Lhokseumawe,0.8148148148148148,0.992,1.0,1.0
Kab. Pangkajene Kepulauan,Pangkajene Dan Kepulauan,0.8163265306122449,0.9976689976689976,1.0,1.0
Kota Sawah Lunto,Sawahlunto,0.6923076923076923,1.0,1.0,1.0
Kab. Yahukimo,Yahukimo,0.7619047619047619,1.0,1.0,1.0
Kota Gorontalo,Kota Gorontalo,1.0,1.0,1.0,1.0
Kab. Simeulue,Simeulue,0.7619047619047619,0.9948453608247423,1.0,1.0
Kota Banjar,Banjar,0.7058823529411765,1.0,1.0,1.0
Kota Banjarbaru,Banjar Baru,0.6923076923076923,0.9541984732824428,1.0,1.0
Kota Bontang,Bontang,0.7368421052631579,0.956140350877193,1.0,1.0
Kota Bukittinggi,Bukittinggi,0.8148148148148148,0.9807692307692307,1.0,1.0
