Our Data,Map Data,Lev_ratio,Inter_Ratio,Rank,Rank2
Kab. Aceh Barat,Aceh Barat,0.8,1.0,1.0,1.0
Kab. Aceh Barat Daya,Aceh Barat Daya,0.8571428571428571,1.0,1.0,1.0
Kab. Aceh Besar,Aceh Besar,0.8,1.0,1.0,1.0
Kab. Aceh Jaya,Aceh Jaya,0.782608695652174,0.9897959183673469,1.0,1.0
Kab. Aceh Selatan,Aceh Selatan,0.8275862068965517,0.9950980392156863,1.0,1.0
Kab. Aceh Singkil,Aceh Singkil,0.8275862068965517,0.9727272727272728,1.0,1.0
Kab. Aceh Tamiang,Aceh Tamiang,0.8275862068965517,1.0,1.0,1.0
Kab. Aceh Tengah,Aceh Tengah,0.8148148148148148,1.0,1.0,1.0
Kab. Aceh Tenggara,Aceh Tenggara,0.8387096774193549,0.9885714285714285,1.0,1.0
Kab. Aceh Timur,Aceh Timur,0.8,1.0,1.0,1.0
Kab. Aceh Utara,Aceh Utara,0.8,0.9972602739726028,1.0,1.0
Kab. Banyumas,Banyumas,0.7619047619047619,1.0,1.0,1.0
Kab. Banyuwangi,Banyuwangi,0.8,1.0,1.0,1.0
Kab. Raja Ampat,Raja Ampat,0.8,0.9252336448598131,1.0,1.0
Kab. Rejang Lebong,Rejang Lebong,0.8387096774193549,0.9946808510638298,1.0,1.0
Kab. Rembang,Rembang,0.7368421052631579,1.0,1.0,1.0
Kab. Rokan Hilir,Rokan Hilir,0.8148148148148148,0.9785522788203753,1.0,1.0
Kab. Rokan Hulu,Rokan Hulu,0.8,0.9565217391304348,1.0,1.0
Kab. Rote-Ndao,Rote Ndao,0.6956521739130435,1.0,1.0,1.0
Kab. Sabu Raijua,Sabu Raijua,0.8148148148148148,1.0,1.0,1.0
Kab. Sambas,Sambas,0.7058823529411765,0.9951690821256038,1.0,1.0
Kab. Samosir,Samosir,0.7368421052631579,0.9742268041237113,1.0,1.0
Kab. Sampang,Sampang,0.7368421052631579,0.9904153354632588,1.0,1.0
Kab. Sanggau,Sanggau,0.7368421052631579,0.9957894736842106,1.0,1.0
Kab. Sarmi,Sarmi,0.6666666666666666,1.0,1.0,1.0
Kab. Sarolangun,Sarolangun,0.8,0.9372384937238494,1.0,1.0
Kab. Sekadau,Sekadau,0.7368421052631579,0.9915611814345991,1.0,1.0
Kab. Seluma,Seluma,0.7058823529411765,1.0,1.0,1.0
Kab. Semarang,Semarang,0.7619047619047619,0.9819277108433735,1.0,1.0
Kab. Seram Bagian Barat,Seram Bagian Barat,0.8780487804878049,1.0,1.0,1.0
Kab. Seram Bagian Timur,Seram Bagian Timur,0.8780487804878049,0.9863945578231292,1.0,1.0
Kab. Serang,Serang,0.7058823529411765,0.9986320109439124,1.0,1.0
Kab. Serdang Bedagai,Serdang Bedagai,0.8571428571428571,0.9830508474576272,1.0,1.0
Kab. Seruyan,Seruyan,0.7368421052631579,0.9879518072289156,1.0,1.0
Kab. Siak,Siak,0.6153846153846154,0.948051948051948,1.0,1.0
Kab. Sidenreng Rappang,Sidenreng Rappang,0.8717948717948718,0.9957446808510638,1.0,1.0
Kab. Sidoarjo,Sidoarjo,0.7619047619047619,0.9948096885813149,1.0,1.0
Kab. Sigi,Sigi,0.6153846153846154,0.9962546816479401,1.0,1.0
Kab. Sijunjung,Sijunjung,0.782608695652174,0.9855769230769231,1.0,1.0
Kab. Sikka,Sikka,0.6666666666666666,1.0,1.0,1.0
Kab. Simalungun,Simalungun,0.8,0.9890243902439024,1.0,1.0
Kab. Simeulue,Simeulue,0.7619047619047619,0.991304347826087,1.0,1.0
Kab. Sinjai,Sinjai,0.7058823529411765,0.9958847736625515,1.0,1.0
Kab. Sintang,Sintang,0.7368421052631579,0.9909297052154195,1.0,1.0
Kab. Situbondo,Situbondo,0.782608695652174,0.9977011494252873,1.0,1.0
Kab. Barito Kuala,Barito Kuala,0.8275862068965517,0.9963235294117647,1.0,1.0
Kab. Barito Selatan,Barito Selatan,0.8484848484848485,0.9883040935672515,1.0,1.0
Kab. Sleman,Sleman,0.7058823529411765,0.9960861056751468,1.0,1.0
Kab. Solok,Solok,0.6666666666666666,1.0,1.0,1.0
Kab. Solok Selatan,Solok Selatan,0.8387096774193549,1.0,1.0,1.0
Kab. Soppeng,Soppeng,0.7368421052631579,0.996031746031746,1.0,1.0
Kab. Sorong,Sorong,0.7058823529411765,0.9548872180451128,1.0,1.0
Kab. Sorong Selatan,Sorong Selatan,0.8484848484848485,0.9545454545454546,1.0,1.0
Kab. Sragen,Sragen,0.7058823529411765,1.0,1.0,1.0
Kab. Subang,Subang,0.7058823529411765,1.0,1.0,1.0
Kab. Sukabumi,Sukabumi,0.7619047619047619,0.9958813838550247,1.0,1.0
Kab. Sukamara,Sukamara,0.7619047619047619,0.98,1.0,1.0
Kab. Sukoharjo,Sukoharjo,0.782608695652174,1.0,1.0,1.0
Kab. Sumba Barat,Sumba Barat,0.8148148148148148,1.0,1.0,1.0
Kab. Sumba Barat Daya,Sumba Barat Daya,0.8648648648648649,1.0,1.0,1.0
Kab. Sumba Tengah,Sumba Tengah,0.8275862068965517,1.0,1.0,1.0
Kab. Sumba Timur,Sumba Timur,0.8148148148148148,1.0,1.0,1.0
Kab. Sumbawa,Sumbawa,0.7368421052631579,1.0,1.0,1.0
Kab. Sumbawa Barat,Sumbawa Barat,0.8387096774193549,0.9902912621359223,1.0,1.0
Kab. Sumedang,Sumedang,0.7619047619047619,1.0,1.0,1.0
Kab. Sumenep,Sumenep,0.7368421052631579,0.9725190839694656,1.0,1.0
Kab. Supiori,Supiori,0.7368421052631579,1.0,1.0,1.0
Kab. Tabalong,Tabalong,0.7619047619047619,0.9909502262443439,1.0,1.0
Kab. Tabanan,Tabanan,0.7368421052631579,0.996875,1.0,1.0
Kab. Takalar,Takalar,0.7368421052631579,0.9663865546218487,1.0,1.0
Kab. Tambrauw,Tambrauw,0.7619047619047619,0.5714285714285714,1.0,1.0
Kab. Tana Tidung,Tana Tidung,0.8148148148148148,1.0,1.0,1.0
Kab. Tana Toraja,Tana Toraja,0.8148148148148148,0.9863636363636363,1.0,1.0
Kab. Tanah Bumbu,Tanah Bumbu,0.8148148148148148,0.9791666666666666,1.0,1.0
Kab. Tanah Datar,Tanah Datar,0.8148148148148148,0.9473684210526315,1.0,1.0
Kab. Tanah Laut,Tanah Laut,0.8,1.0,1.0,1.0
Kab. Tangerang,Tangerang,0.782608695652174,0.998017839444995,1.0,1.0
Kab. Barito Timur,Barito Timur,0.8275862068965517,0.9726027397260274,1.0,1.0
Kab. Barito Utara,Barito Utara,0.8275862068965517,0.9314285714285714,1.0,1.0
Kab. Barru,Barru,0.6666666666666666,0.9899497487437185,1.0,1.0
Kab. Batang,Batang,0.7058823529411765,1.0,1.0,1.0
Kab. Tanggamus,Tanggamus,0.782608695652174,0.9242053789731052,1.0,1.0
Kab. Tanjung Jabung Barat,Tanjung Jabung B,0.7804878048780488,0.9074074074074074,1.0,1.0
Kab. Tanjung Jabung Timur,Tanjung Jabung T,0.7804878048780488,1.0,1.0,1.0
Kab. Tapanuli Selatan,Tapanuli Selatan,0.8648648648648649,0.9473684210526315,1.0,1.0
Kab. Tapanuli Tengah,Tapanuli Tengah,0.8571428571428571,0.9592476489028213,1.0,1.0
Kab. Tapanuli Utara,Tapanuli Utara,0.8484848484848485,0.9896373056994818,1.0,1.0
Kab. Tapin,Tapin,0.6666666666666666,1.0,1.0,1.0
Kab. Tasikmalaya,Tasikmalaya,0.8148148148148148,0.9981600735970562,1.0,1.0
Kab. Tebo,Tebo,0.6153846153846154,1.0,1.0,1.0
Kab. Tegal,Tegal,0.6666666666666666,1.0,1.0,1.0
Kab. Teluk Bintuni,Teluk Bintuni,0.8387096774193549,1.0,1.0,1.0
Kab. Teluk Wondama,Teluk Wondama,0.8387096774193549,0.8490566037735849,1.0,1.0
Kab. Temanggung,Temanggung,0.8,1.0,1.0,1.0
Kab. Timor Tengah Selatan,Timor Tengah Selatan,0.8888888888888888,1.0,1.0,1.0
Kab. Timor Tengah Utara,Timor Tengah Utara,0.8780487804878049,1.0,1.0,1.0
Kab. Toba Samosir,Toba Samosir,0.8275862068965517,0.9866071428571429,1.0,1.0
Kab. Tojo Una-Una,Tojo Una-Una,0.8275862068965517,0.9891304347826086,1.0,1.0
Kab. Tolikara,Tolikara,0.7619047619047619,1.0,1.0,1.0
Kab. Tolitoli,Toli-Toli,0.6363636363636364,0.9955947136563876,1.0,1.0
Kab. Toraja Utara,Toraja Utara,0.8275862068965517,0.9895833333333334,1.0,1.0
Kab. Trenggalek,Trenggalek,0.8,1.0,1.0,1.0
Kab. Tuban,Tuban,0.6666666666666666,1.0,1.0,1.0
Kab. Tulang Bawang,Tulangbawang,0.7333333333333333,0.910377358490566,1.0,1.0
Kab. Tulang Bawang Barat,Tulang Bawang Barat,0.8837209302325582,0.8959537572254336,1.0,1.0
Kab. Tulungagung,Tulungagung,0.8148148148148148,1.0,1.0,1.0
Kab. Wajo,Wajo,0.6153846153846154,0.9949622166246851,1.0,1.0
Kab. Wakatobi,Wakatobi,0.7619047619047619,0.9636363636363636,1.0,1.0
Kab. Waropen,Waropen,0.7368421052631579,0.9807692307692307,1.0,1.0
Kab. Way Kanan,Way Kanan,0.782608695652174,0.987220447284345,1.0,1.0
Kab. Wonogiri,Wonogiri,0.7619047619047619,0.9974093264248705,1.0,1.0
Kab. Batang Hari,Batang Hari,0.8148148148148148,0.8873239436619719,1.0,1.0
Kab. Batubara,Batu Bara,0.6363636363636364,0.9717741935483871,1.0,1.0
Kab. Bekasi,Bekasi,0.7058823529411765,0.9969543147208122,1.0,1.0
Kab. Wonosobo,Wonosobo,0.7619047619047619,0.9978991596638656,1.0,1.0
Kab. Yahukimo,Yahukimo,0.7619047619047619,1.0,1.0,1.0
Kab. Yalimo,Yalimo,0.7058823529411765,1.0,1.0,1.0
Kota Ambon,Ambon,0.6666666666666666,1.0,1.0,1.0
Kota Balikpapan,Balikpapan,0.8,1.0,1.0,1.0
Kota Banda Aceh,Banda Aceh,0.8,0.9885057471264368,1.0,1.0
Kota Bandar Lampung,Bandar Lampung,0.8484848484848485,0.9686274509803922,1.0,1.0
Kota Bandung,Kota Bandung,1.0,0.9957805907172996,1.0,1.0
Kota Banjar,Banjar,0.7058823529411765,1.0,1.0,1.0
Kota Banjarbaru,Banjar Baru,0.6923076923076923,0.9746835443037974,1.0,1.0
Kota Banjarmasin,Banjarmasin,0.8148148148148148,0.9448818897637795,1.0,1.0
Kota Batam,Batam,0.6666666666666666,0.9944444444444445,1.0,1.0
Kota Batu,Batu,0.6153846153846154,1.0,1.0,1.0
Kota Baubau,Bau-Bau,0.5555555555555556,1.0,1.0,1.0
Kota Bekasi,Kota Bekasi,1.0,0.9745762711864406,1.0,1.0
Kota Bengkulu,Bengkulu,0.7619047619047619,0.9813084112149533,1.0,1.0
Kota Bima,Kota Bima,1.0,1.0,1.0,1.0
Kota Binjai,Kota Binjai,1.0,0.9386503067484663,1.0,1.0
Kota Bitung,Bitung,0.7058823529411765,0.8867924528301887,1.0,1.0
Kota Blitar,Kota Blitar,1.0,1.0,1.0,1.0
Kota Bogor,Kota Bogor,1.0,0.996268656716418,1.0,1.0
Kota Bontang,Bontang,0.7368421052631579,0.9107142857142857,1.0,1.0
Kota Bukittinggi,Bukittinggi,0.8148148148148148,0.967741935483871,1.0,1.0
Kota Cilegon,Cilegon,0.7368421052631579,1.0,1.0,1.0
Kota Cimahi,Cimahi,0.7058823529411765,1.0,1.0,1.0
Kota Cirebon,Kota Cirebon,1.0,0.9938271604938271,1.0,1.0
Kota Denpasar,Denpasar,0.7619047619047619,0.9956521739130435,1.0,1.0
Kota Depok,Depok,0.6666666666666666,0.9932885906040269,1.0,1.0
Kota Dumai,Dumai,0.6666666666666666,0.9813084112149533,1.0,1.0
Kota Gorontalo,Kota Gorontalo,1.0,1.0,1.0,1.0
Kota Gunungsitoli,Gunungsitoli,0.8275862068965517,0.819047619047619,1.0,1.0
Kota Jakarta Barat,Jakarta Barat,0.8387096774193549,0.9933333333333333,1.0,1.0
Kota Jakarta Pusat,Jakarta Pusat,0.8387096774193549,0.9858156028368794,1.0,1.0
Kota Jakarta Selatan,Jakarta Selatan,0.8571428571428571,0.996031746031746,1.0,1.0
Kota Jakarta Timur,Jakarta Timur,0.8387096774193549,0.9921875,1.0,1.0
Kota Jakarta Utara,Jakarta Utara,0.8387096774193549,0.9943502824858758,1.0,1.0
Kota Jambi,Jambi,0.6666666666666666,1.0,1.0,1.0
Kota Jayapura,Kota Jayapura,1.0,0.963855421686747,1.0,1.0
Kota Kediri,Kota Kediri,1.0,0.9782608695652174,1.0,1.0
Kota Kendari,Kendari,0.7368421052631579,1.0,1.0,1.0
Kota Kotamobagu,Kotamobagu,0.8,0.9565217391304348,1.0,1.0
Kota Kupang,Kota Kupang,1.0,1.0,1.0,1.0
Kota Langsa,Langsa,0.7058823529411765,0.9696969696969697,1.0,1.0
Kota Lhokseumawe,Lhokseumawe,0.8148148148148148,1.0,1.0,1.0
Kota Lubuk Linggau,Lubuklinggau,0.7333333333333333,0.9595959595959596,1.0,1.0
Kota Madiun,Kota Madiun,1.0,1.0,1.0,1.0
Kota Magelang,Kota Magelang,1.0,0.9605263157894737,1.0,1.0
Kota Makassar,Makassar,0.7619047619047619,0.998,1.0,1.0
Kab. Belitung,Belitung,0.7619047619047619,1.0,1.0,1.0
Kab. Belitung Timur,Belitung Timur,0.8484848484848485,0.9904761904761905,1.0,1.0
Kab. Belu,Belu,0.6153846153846154,1.0,1.0,1.0
Kab. Bener Meriah,Bener Meriah,0.8275862068965517,1.0,1.0,1.0
Kab. Bengkalis,Bengkalis,0.782608695652174,0.9799426934097422,1.0,1.0
Kota Malang,Kota Malang,1.0,0.989247311827957,1.0,1.0
Kota Manado,Manado,0.7058823529411765,0.9961685823754789,1.0,1.0
Kota Mataram,Mataram,0.7368421052631579,1.0,1.0,1.0
Kota Medan,Kota Medan,1.0,0.966743119266055,1.0,1.0
Kota Metro,Metro,0.6666666666666666,0.9838709677419355,1.0,1.0
Kota Mojokerto,Kota Mojokerto,1.0,0.9838709677419355,1.0,1.0
Kota Padang,Padang,0.7058823529411765,1.0,1.0,1.0
Kota Padang Panjang,Padang Panjang,0.8484848484848485,1.0,1.0,1.0
Kota Padang Sidimpuan,Padangsidimpuan,0.7777777777777778,0.9789473684210527,1.0,1.0
Kota Pagar Alam,Pagar Alam,0.8,0.9777777777777777,1.0,1.0
Kota Palangka Raya,Palangka Raya,0.8387096774193549,1.0,1.0,1.0
Kota Palembang,Palembang,0.782608695652174,0.972972972972973,1.0,1.0
Kota Palopo,Palopo,0.7058823529411765,1.0,1.0,1.0
Kota Palu,Palu,0.6153846153846154,0.9642857142857143,1.0,1.0
Kota Pangkalpinang,Pangkalpinang,0.8387096774193549,1.0,1.0,1.0
Kota Parepare,Parepare,0.7619047619047619,1.0,1.0,1.0
Kota Pariaman,Pariaman,0.7619047619047619,1.0,1.0,1.0
Kota Pasuruan,Kota Pasuruan,1.0,0.9846153846153847,1.0,1.0
Kota Payakumbuh,Payakumbuh,0.8,1.0,1.0,1.0
Kota Pekalongan,Kota Pekalongan,1.0,0.9705882352941176,1.0,1.0
Kota Pekanbaru,Pekanbaru,0.782608695652174,0.9675324675324676,1.0,1.0
Kota Pematangsiantar,Pematangsiantar,0.8571428571428571,0.9753086419753086,1.0,1.0
Kota Pontianak,Kota Pontianak,1.0,0.9939393939393939,1.0,1.0
Kota Prabumulih,Prabumulih,0.8,0.9072164948453608,1.0,1.0
Kota Probolinggo,Kota Probolinggo,1.0,1.0,1.0,1.0
Kota Sabang,Sabang,0.7058823529411765,1.0,1.0,1.0
Kota Salatiga,Salatiga,0.7619047619047619,1.0,1.0,1.0
Kota Samarinda,Samarinda,0.782608695652174,0.9954337899543378,1.0,1.0
Kota Sawah Lunto,Sawahlunto,0.6923076923076923,1.0,1.0,1.0
Kota Semarang,Kota Semarang,1.0,0.998019801980198,1.0,1.0
Kota Serang,Kota Serang,1.0,0.9921259842519685,1.0,1.0
Kota Sibolga,Sibolga,0.7368421052631579,0.9117647058823529,1.0,1.0
Kota Singkawang,Singkawang,0.8,0.9473684210526315,1.0,1.0
Kota Solok,Kota Solok,1.0,1.0,1.0,1.0
Kota Sorong,Kota Sorong,1.0,1.0,1.0,1.0
Kota Subulussalam,Subulussalam,0.8275862068965517,1.0,1.0,1.0
Kota Sukabumi,Kota Sukabumi,1.0,0.975,1.0,1.0
Kota Sungai Penuh,Sungai Penuh,0.8275862068965517,0.9041095890410958,1.0,1.0
Kota Surabaya,Surabaya,0.7619047619047619,0.9969788519637462,1.0,1.0
Kota Surakarta,Surakarta,0.782608695652174,0.9959514170040485,1.0,1.0
Kota Tangerang,Kota Tangerang,1.0,1.0,1.0,1.0
Kota Tangerang Selatan,Tangerang Selatan,0.8717948717948718,0.996875,1.0,1.0
Kota Tanjung Balai,Kota Tanjungbalai,0.9142857142857143,0.9090909090909091,1.0,1.0
Kota Tanjungpinang,Tanjungpinang,0.8387096774193549,1.0,1.0,1.0
Kota Tarakan,Tarakan,0.7368421052631579,0.953125,1.0,1.0
Kota Tasikmalaya,Kota Tasikmalaya,1.0,0.9868421052631579,1.0,1.0
Kota Tebing Tinggi,Tebingtinggi,0.7333333333333333,0.9387755102040817,1.0,1.0
Kota Tegal,Kota Tegal,1.0,0.9925925925925926,1.0,1.0
Kota Ternate,Ternate,0.7368421052631579,1.0,1.0,1.0
Kota Tidore Kepulauan,Tidore Kepulauan,0.8648648648648649,1.0,1.0,1.0
Kota Tomohon,Tomohon,0.7368421052631579,1.0,1.0,1.0
Kota Tual,Tual,0.6153846153846154,0.8627450980392157,1.0,1.0
Kota Yogyakarta,Kota Yogyakarta,1.0,0.9939393939393939,1.0,1.0
Kab. Bengkayang,Bengkayang,0.8,0.9853479853479854,1.0,1.0
Kab. Bengkulu Selatan,Bengkulu Selatan,0.8648648648648649,1.0,1.0,1.0
Kab. Bengkulu Tengah,Bengkulu Tengah,0.8571428571428571,0.946236559139785,1.0,1.0
Kab. Bengkulu Utara,Bengkulu Utara,0.8484848484848485,0.9872881355932204,1.0,1.0
Kab. Berau,Berau,0.6666666666666666,0.9879518072289156,1.0,1.0
Kab. Biak Numfor,Biak Numfor,0.8148148148148148,1.0,1.0,1.0
Kab. Bima,Bima,0.6153846153846154,0.9976019184652278,1.0,1.0
Kab. Bintan,Bintan,0.7058823529411765,1.0,1.0,1.0
Kab. Bireuen,Bireuen,0.7368421052631579,0.9871244635193133,1.0,1.0
Kab. Blitar,Blitar,0.7058823529411765,0.9984962406015038,1.0,1.0
Kab. Blora,Blora,0.6666666666666666,1.0,1.0,1.0
Kab. Boalemo,Boalemo,0.7368421052631579,1.0,1.0,1.0
Kab. Bogor,Bogor,0.6666666666666666,0.9967444384156267,1.0,1.0
Kab. Agam,Agam,0.6153846153846154,0.9910913140311804,1.0,1.0
Kab. Alor,Alor,0.6153846153846154,0.9964285714285714,1.0,1.0
Kab. Asahan,Asahan,0.7058823529411765,0.9863636363636363,1.0,1.0
Kab. Bojonegoro,Bojonegoro,0.8,1.0,1.0,1.0
Kab. Bolaang Mongondow,Bolaang Mongondow,0.8717948717948718,0.9954954954954955,1.0,1.0
Kab. Bolaang Mongondow Selatan,Bolaang Mongondow Selatan,0.9090909090909091,1.0,1.0,1.0
Kab. Bolaang Mongondow Timur,Bolaang Mongondow Timur,0.9019607843137255,1.0,1.0,1.0
Kab. Bolaang Mongondow Utara,Bolaang Mongondow Utara,0.9019607843137255,0.978021978021978,1.0,1.0
Kab. Bombana,Bombana,0.7368421052631579,0.9941520467836257,1.0,1.0
Kab. Bondowoso,Bondowoso,0.782608695652174,1.0,1.0,1.0
Kab. Bone,Bone,0.6153846153846154,0.9985141158989599,1.0,1.0
Kab. Bone Bolango,Bone Bolango,0.8275862068965517,1.0,1.0,1.0
Kab. Boven Digoel,Boven Digoel,0.8275862068965517,1.0,1.0,1.0
Kab. Boyolali,Boyolali,0.7619047619047619,0.9966386554621849,1.0,1.0
Kab. Brebes,Brebes,0.7058823529411765,0.9966555183946488,1.0,1.0
Kab. Buleleng,Buleleng,0.7619047619047619,1.0,1.0,1.0
Kab. Bulukumba,Bulukumba,0.782608695652174,0.997134670487106,1.0,1.0
Kab. Bulungan,Bulungan,0.7619047619047619,0.9858156028368794,1.0,1.0
Kab. Bungo,Bungo,0.6666666666666666,0.9831223628691983,1.0,1.0
Kab. Buol,Buol,0.6153846153846154,1.0,1.0,1.0
Kab. Buru,Buru,0.6153846153846154,0.9791666666666666,1.0,1.0
Kab. Buru Selatan,Buru Selatan,0.8275862068965517,1.0,1.0,1.0
Kab. Buton Utara,Buton Utara,0.8148148148148148,0.9736842105263158,1.0,1.0
Kab. Ciamis,Ciamis,0.7058823529411765,0.9959677419354839,1.0,1.0
Kab. Cianjur,Cianjur,0.7368421052631579,0.9952267303102625,1.0,1.0
Kab. Cilacap,Cilacap,0.7368421052631579,1.0,1.0,1.0
Kab. Cirebon,Cirebon,0.7368421052631579,0.9989235737351991,1.0,1.0
Kab. Asmat,Asmat,0.6666666666666666,0.9473684210526315,1.0,1.0
Kab. Badung,Badung,0.7058823529411765,0.9929577464788732,1.0,1.0
Kab. Balangan,Balangan,0.7619047619047619,0.953757225433526,1.0,1.0
Kab. Bandung,Bandung,0.7368421052631579,0.9929228591648974,1.0,1.0
Kab. Dairi,Dairi,0.6666666666666666,0.9924812030075187,1.0,1.0
Kab. Deiyai,Deiyai,0.7058823529411765,1.0,1.0,1.0
Kab. Deli Serdang,Deli Serdang,0.8275862068965517,0.9491525423728814,1.0,1.0
Kab. Demak,Demak,0.6666666666666666,0.9979757085020243,1.0,1.0
Kab. Dharmasraya,Dharmasraya,0.8148148148148148,1.0,1.0,1.0
Kab. Dogiyai,Dogiyai,0.7368421052631579,1.0,1.0,1.0
Kab. Dompu,Dompu,0.6666666666666666,1.0,1.0,1.0
Kab. Donggala,Donggala,0.7619047619047619,0.9886685552407932,1.0,1.0
Kab. Empat Lawang,Empat Lawang,0.8275862068965517,0.9891304347826086,1.0,1.0
Kab. Ende,Ende,0.6153846153846154,1.0,1.0,1.0
Kab. Enrekang,Enrekang,0.7619047619047619,0.9954545454545455,1.0,1.0
Kab. Fak-Fak,Fakfak,0.5555555555555556,0.9824561403508771,1.0,1.0
Kab. Flores Timur,Flores Timur,0.8275862068965517,1.0,1.0,1.0
Kab. Garut,Garut,0.6666666666666666,0.9981072555205047,1.0,1.0
Kab. Gayo Lues,Gayo Lues,0.782608695652174,1.0,1.0,1.0
Kab. Gianyar,Gianyar,0.7368421052631579,1.0,1.0,1.0
Kab. Gorontalo,Gorontalo,0.782608695652174,0.9865771812080537,1.0,1.0
Kab. Gorontalo Utara,Gorontalo Utara,0.8571428571428571,0.9851851851851852,1.0,1.0
Kab. Gowa,Gowa,0.6153846153846154,0.9927710843373494,1.0,1.0
Kab. Gresik,Gresik,0.7058823529411765,0.9845132743362832,1.0,1.0
Kab. Grobogan,Grobogan,0.7619047619047619,0.9987623762376238,1.0,1.0
Kab. Gunung Kidul,Gunung Kidul,0.8275862068965517,0.9936305732484076,1.0,1.0
Kab. Gunung Mas,Gunung Mas,0.8,0.9717514124293786,1.0,1.0
Kab. Halmahera Barat,Halmahera Barat,0.8571428571428571,0.9828571428571429,1.0,1.0
Kab. Halmahera Selatan,Halmahera Selatan,0.8717948717948718,1.0,1.0,1.0
Kab. Halmahera Tengah,Halmahera Tengah,0.8648648648648649,1.0,1.0,1.0
Kab. Halmahera Timur,Halmahera Timur,0.8571428571428571,1.0,1.0,1.0
Kab. halmahera Utara,Halmahera Utara,0.8,1.0,1.0,1.0
Kab. Hulu Sungai Selatan,Hulu Sungai Selatan,0.8837209302325582,0.9917695473251029,1.0,1.0
Kab. Hulu Sungai Tengah,Hulu Sungai Tengah,0.8780487804878049,1.0,1.0,1.0
Kab. Hulu Sungai Utara,Hulu Sungai Utara,0.8717948717948718,0.9945652173913043,1.0,1.0
Kab. Humbang Hasudutan,Humbang Hasundutan,0.85,0.9770642201834863,1.0,1.0
Kab. Indragiri Hilir,Indragiri Hilir,0.8571428571428571,0.982725527831094,1.0,1.0
Kab. Indragiri Hulu,Indragiri Hulu,0.8484848484848485,0.996742671009772,1.0,1.0
Kab. Indramayu,Indramayu,0.782608695652174,0.9988876529477196,1.0,1.0
Kab. Intan Jaya,Intan Jaya,0.8,0.9444444444444444,1.0,1.0
Kab. Jaya Wijaya,Jayawijaya,0.6923076923076923,1.0,1.0,1.0
Kab. Jayapura,Jayapura,0.7619047619047619,0.9924812030075187,1.0,1.0
Kab. Jember,Jember,0.7058823529411765,1.0,1.0,1.0
Kab. Jembrana,Jembrana,0.7619047619047619,1.0,1.0,1.0
Kab. Jeneponto,Jeneponto,0.782608695652174,0.9965277777777778,1.0,1.0
Kab. Jepara,Jepara,0.7058823529411765,0.9865996649916248,1.0,1.0
Kab. Jombang,Jombang,0.7368421052631579,1.0,1.0,1.0
Kab. Kaimana,Kaimana,0.7368421052631579,0.8620689655172413,1.0,1.0
Kab. Kampar,Kampar,0.7058823529411765,0.9614604462474645,1.0,1.0
Kab. Kapuas,Kapuas,0.7058823529411765,0.9102244389027432,1.0,1.0
Kab. Kapuas Hulu,Kapuas Hulu,0.8148148148148148,1.0,1.0,1.0
Kab. Karang Asem,Karangasem,0.6923076923076923,1.0,1.0,1.0
Kab. Karanganyar,Karanganyar,0.8148148148148148,0.992,1.0,1.0
Kab. Karawang,Karawang,0.7619047619047619,0.9988998899889989,1.0,1.0
Kab. Karimun,Karimun,0.7368421052631579,1.0,1.0,1.0
Kab. Karo,Karo,0.6153846153846154,0.9931972789115646,1.0,1.0
Kab. Katingan,Katingan,0.7619047619047619,0.966824644549763,1.0,1.0
Kab. Kaur,Kaur,0.6153846153846154,1.0,1.0,1.0
Kab. Kayong Utara,Kayong Utara,0.8275862068965517,0.9902912621359223,1.0,1.0
Kab. Kebumen,Kebumen,0.7368421052631579,1.0,1.0,1.0
Kab. Bandung Barat,Bandung Barat,0.8387096774193549,0.9929676511954993,1.0,1.0
Kab. Banggai,Banggai,0.7368421052631579,0.9606741573033708,1.0,1.0
Kab. Kediri,Kediri,0.7058823529411765,0.9985272459499264,1.0,1.0
Kab. Keerom,Keerom,0.7058823529411765,0.9863013698630136,1.0,1.0
Kab. Kendal,Kendal,0.7058823529411765,0.9982578397212544,1.0,1.0
Kab. Kep. Sangihe,Kepulauan Sangihe,0.6470588235294118,0.9951690821256038,1.0,1.0
Kab. Kepahiang,Kepahiang,0.782608695652174,1.0,1.0,1.0
Kab. Kepulauan Anambas,Kepulauan Anambas,0.8717948717948718,0.9104477611940298,1.0,1.0
Kab. Kepulauan Aru,Kepulauan Aru,0.8387096774193549,1.0,1.0,1.0
Kab. Kepulauan Mentawai,Kepulauan Mentawai,0.8780487804878049,1.0,1.0,1.0
Kab. Kepulauan Meranti,Kepulauan Meranti,0.8717948717948718,0.9942528735632183,1.0,1.0
Kab. Kepulauan Morotai,Pulau Morotai,0.6857142857142857,1.0,1.0,1.0
Kab. Kepulauan Selayar,Kepulauan Selayar,0.8717948717948718,0.9859154929577465,1.0,1.0
Kab. Kepulauan Seribu,Kepulauan Seribu,0.8648648648648649,1.0,1.0,1.0
Kab. Kepulauan Siau Tagulandang Biaro,Siau Tagulandang Biaro,0.7457627118644068,0.9901960784313726,1.0,1.0
Kab. Kepulauan Sula,Kepulauan Sula,0.8484848484848485,1.0,1.0,1.0
Kab. Kepulauan Talaud,Kepulauan Talaud,0.8648648648648649,1.0,1.0,1.0
Kab. Kepulauan Yapen,Kepulauan Yapen,0.8571428571428571,0.9834710743801653,1.0,1.0
Kab. Kerinci,Kerinci,0.7368421052631579,0.9782608695652174,1.0,1.0
Kab. Ketapang,Ketapang,0.7619047619047619,0.9962546816479401,1.0,1.0
Kab. Klaten,Klaten,0.7058823529411765,0.998719590268886,1.0,1.0
Kab. Klungkung,Klungkung,0.782608695652174,0.9926470588235294,1.0,1.0
Kab. Kolaka,Kolaka,0.7058823529411765,1.0,1.0,1.0
Kab. Kolaka Utara,Kolaka Utara,0.8275862068965517,1.0,1.0,1.0
Kab. Konawe,Konawe,0.7058823529411765,1.0,1.0,1.0
Kab. Konawe Selatan,Konawe Selatan,0.8484848484848485,1.0,1.0,1.0
Kab. Konawe Utara,Konawe Utara,0.8275862068965517,0.9902912621359223,1.0,1.0
Kab. Kotabaru,Kota Baru,0.6363636363636364,0.953125,1.0,1.0
Kab. Kotawaringin Barat,Kotawaringin Barat,0.8780487804878049,0.9947089947089947,1.0,1.0
Kab. Kotawaringin Timur,Kotawaringin Timur,0.8780487804878049,0.978319783197832,1.0,1.0
Kab. Kuantan Singingi,Kuantan Singingi,0.8648648648648649,0.9839357429718876,1.0,1.0
Kab. Kuburaya,Kubu Raya,0.6363636363636364,0.9521276595744681,1.0,1.0
Kab. Kudus,Kudus,0.6666666666666666,0.981859410430839,1.0,1.0
Kab. Kulon Progo,Kulon Progo,0.8148148148148148,1.0,1.0,1.0
Kab. Kuningan,Kuningan,0.7619047619047619,0.9938837920489296,1.0,1.0
Kab. Kupang,Kupang,0.7058823529411765,1.0,1.0,1.0
Kab. Kutai Barat,Kutai Barat,0.8148148148148148,0.9952153110047847,1.0,1.0
Kab. Kutai Kartanegara,Kutai Kartanegara,0.8717948717948718,0.9575371549893843,1.0,1.0
Kab. Kutai Timur,Kutai Timur,0.8148148148148148,0.9954545454545455,1.0,1.0
Kab. Labuhan Batu,Labuhanbatu,0.7142857142857143,0.9894366197183099,1.0,1.0
Kab. Banggai Laut,Banggai Kepulauan,0.5882352941176471,1.0,1.0,1.0
Kab. Bangka,Bangka,0.7058823529411765,0.994475138121547,1.0,1.0
Kab. Bangka Barat,Bangka Barat,0.8275862068965517,0.9850746268656716,1.0,1.0
Kab. Bangka Selatan,Bangka Selatan,0.8484848484848485,0.989247311827957,1.0,1.0
Kab. Bangka Tengah,Bangka Tengah,0.8387096774193549,1.0,1.0,1.0
Kab. Labuhan Batu Selatan,Labuhanbatu Selatan,0.8181818181818182,0.9540816326530612,1.0,1.0
Kab. Labuhan Batu Utara,Labuhanbatu Utara,0.8,0.996551724137931,1.0,1.0
Kab. Lahat,Lahat,0.6666666666666666,0.9732441471571907,1.0,1.0
Kab. Lamandau,Lamandau,0.7619047619047619,1.0,1.0,1.0
Kab. Lamongan,Lamongan,0.7619047619047619,0.9952978056426333,1.0,1.0
Kab. Lampung Barat,Lampung Barat,0.8387096774193549,0.9952830188679245,1.0,1.0
Kab. Lampung Selatan,Lampung Selatan,0.8571428571428571,0.9674134419551935,1.0,1.0
Kab. Lampung Tengah,Lampung Tengah,0.8484848484848485,0.9891156462585035,1.0,1.0
Kab. Lampung Timur,Lampung Timur,0.8387096774193549,0.978984238178634,1.0,1.0
Kab. Lampung Utara,Lampung Utara,0.8387096774193549,0.9838709677419355,1.0,1.0
Kab. Landak,Landak,0.7058823529411765,0.9955947136563876,1.0,1.0
Kab. Langkat,Langkat,0.7368421052631579,0.9906396255850234,1.0,1.0
Kab. Lanny Jaya,Lanny Jaya,0.8,1.0,1.0,1.0
Kab. Lebak,Lebak,0.6666666666666666,0.9974619289340102,1.0,1.0
Kab. Lebong,Lebong,0.7058823529411765,1.0,1.0,1.0
Kab. Lembata,Lembata,0.7368421052631579,1.0,1.0,1.0
Kab. Lima Puluh Koto,Lima Puluh Kota,0.8,1.0,1.0,1.0
Kab. Lingga,Lingga,0.7058823529411765,1.0,1.0,1.0
Kab. Lombok Barat,Lombok Barat,0.8275862068965517,0.9943661971830986,1.0,1.0
Kab. Lombok Tengah,Lombok Tengah,0.8387096774193549,0.9983471074380166,1.0,1.0
Kab. Lombok Timur,Lombok Timur,0.8275862068965517,1.0,1.0,1.0
Kab. Lombok Utara,Lombok Utara,0.8275862068965517,0.9934640522875817,1.0,1.0
Kab. Lumajang,Lumajang,0.7619047619047619,0.9963898916967509,1.0,1.0
Kab. Luwu,Luwu,0.6153846153846154,0.9963503649635036,1.0,1.0
Kab. Luwu Timur,Luwu Timur,0.8,1.0,1.0,1.0
Kab. Luwu Utara,Luwu Utara,0.8,1.0,1.0,1.0
Kab. Bangkalan,Bangkalan,0.782608695652174,0.998587570621469,1.0,1.0
Kab. Bangli,Bangli,0.7058823529411765,1.0,1.0,1.0
Kab. Madiun,Madiun,0.7058823529411765,1.0,1.0,1.0
Kab. Magelang,Magelang,0.7619047619047619,0.9966832504145937,1.0,1.0
Kab. Magetan,Magetan,0.7368421052631579,0.997907949790795,1.0,1.0
Kab. Majalengka,Majalengka,0.8,1.0,1.0,1.0
Kab. Majene,Majene,0.7058823529411765,0.9882352941176471,1.0,1.0
Kab. Malang,Malang,0.7058823529411765,0.9947136563876652,1.0,1.0
Kab. Malinau,Malinau,0.7368421052631579,1.0,1.0,1.0
Kab. Maluku Barat Daya,Maluku Barat Daya,0.8717948717948718,0.8451612903225807,1.0,1.0
Kab. Maluku Tengah,Maluku Tengah,0.8387096774193549,0.9974358974358974,1.0,1.0
Kab. Maluku Tenggara,Maluku Tenggara,0.8571428571428571,0.9084507042253521,1.0,1.0
Kab. Maluku Tenggara Barat,Maluku Tenggara Barat,0.8936170212765957,0.9916666666666667,1.0,1.0
Kab. Mamasa,Mamasa,0.7058823529411765,1.0,1.0,1.0
Kab. Mamuju Tengah,Mamuju,0.5,1.0,1.0,1.0
Kab. Mandailing Natal,Mandailing Natal,0.8648648648648649,1.0,1.0,1.0
Kab. Manggarai,Manggarai,0.782608695652174,1.0,1.0,1.0
Kab. Manggarai Barat,Manggarai Barat,0.8571428571428571,0.9961685823754789,1.0,1.0
Kab. Manggarai Timur,Manggarai Timur,0.8571428571428571,0.9969418960244648,1.0,1.0
Kab. Manokwari,Manokwari,0.782608695652174,0.9830508474576272,1.0,1.0
Kab. Mappi,Mappi,0.6666666666666666,1.0,1.0,1.0
Kab. Maros,Maros,0.6666666666666666,1.0,1.0,1.0
Kab. Maybrat,Maybrat,0.7368421052631579,0.9655172413793104,1.0,1.0
Kab. Melawi,Melawi,0.7058823529411765,0.9921875,1.0,1.0
Kab. Memberamo Raya,Mamberamo Raya,0.7878787878787878,1.0,1.0,1.0
Kab. Membramo Tengah,Mamberamo Tengah,0.7777777777777778,1.0,1.0,1.0
Kab. Merangin,Merangin,0.7619047619047619,0.9844236760124611,1.0,1.0
Kab. Merauke,Merauke,0.7368421052631579,1.0,1.0,1.0
Kab. Mesuji,Mesuji,0.7058823529411765,0.9389312977099237,1.0,1.0
Kab. Mimika,Mimika,0.7058823529411765,0.9924242424242424,1.0,1.0
Kab. Minahasa,Minahasa,0.7619047619047619,0.9825581395348837,1.0,1.0
Kab. Minahasa Selatan,Minahasa Selatan,0.8648648648648649,0.9957446808510638,1.0,1.0
Kab. Minahasa Tenggara,Minahasa Tenggara,0.8717948717948718,0.9895833333333334,1.0,1.0
Kab. Minahasa Utara,Minahasa Utara,0.8484848484848485,0.9895833333333334,1.0,1.0
Kab. Mojokerto,Mojokerto,0.782608695652174,0.9975845410628019,1.0,1.0
Kab. Banjarnegara,Banjarnegara,0.8275862068965517,0.9873217115689382,1.0,1.0
Kab. Bantaeng,Bantaeng,0.7619047619047619,1.0,1.0,1.0
Kab. Muara Enim,Muara Enim,0.8,0.9601063829787234,1.0,1.0
Kab. Muaro Jambi,Muaro Jambi,0.8148148148148148,0.9801587301587301,1.0,1.0
Kab. Muko-muko,Mukomuko,0.7272727272727273,1.0,1.0,1.0
Kab. Muna,Muna,0.6153846153846154,0.9953488372093023,1.0,1.0
Kab. Murung Raya,Murung Raya,0.8148148148148148,0.976878612716763,1.0,1.0
Kab. Musi Banyuasin,Musi Banyuasin,0.8484848484848485,0.9808510638297873,1.0,1.0
Kab. Musi Rawas Utara,Musi Rawas,0.6451612903225806,0.9921259842519685,1.0,1.0
Kab. Nabire,Nabire,0.7058823529411765,1.0,1.0,1.0
Kab. Nagakeo,Nagekeo,0.631578947368421,0.9943502824858758,1.0,1.0
Kab. Nagan Raya,Nagan Raya,0.8,1.0,1.0,1.0
Kab. Natuna,Natuna,0.7058823529411765,1.0,1.0,1.0
Kab. Nduga,Nduga,0.6666666666666666,1.0,1.0,1.0
Kab. Ngada,Ngada,0.6666666666666666,1.0,1.0,1.0
Kab. Nganjuk,Nganjuk,0.7368421052631579,1.0,1.0,1.0
Kab. Ngawi,Ngawi,0.6666666666666666,0.9981378026070763,1.0,1.0
Kab. Nias,Nias,0.6153846153846154,0.9754601226993865,1.0,1.0
Kab. Nias Barat,Nias Barat,0.8,0.9339622641509434,1.0,1.0
Kab. Nias Selatan,Nias Selatan,0.8275862068965517,0.9830508474576272,1.0,1.0
Kab. Nias Utara,Nias Utara,0.8,0.9939393939393939,1.0,1.0
Kab. Nunukan,Nunukan,0.7368421052631579,0.9701492537313433,1.0,1.0
Kab. Ogan Ilir,Ogan Ilir,0.782608695652174,0.9356060606060606,1.0,1.0
Kab. Ogan Komering Ilir,Ogan Komering Ilir,0.8780487804878049,0.9721627408993576,1.0,1.0
Kab. Ogan Komering Ulu,Ogan Komering Ulu,0.8717948717948718,1.0,1.0,1.0
Kab. Ogan Komering Ulu Selatan,Ogan Komering Ulu Selatan,0.9090909090909091,0.9608540925266904,1.0,1.0
Kab. Ogan Komering Ulu Timur,Ogan Komering Ulu Timur,0.9019607843137255,0.9852579852579852,1.0,1.0
Kab. Pacitan,Pacitan,0.7368421052631579,0.992822966507177,1.0,1.0
Kab. Padang Lawas,Padang Lawas,0.8275862068965517,0.9947643979057592,1.0,1.0
Kab. Padang Lawas utara,Padang Lawas Utara,0.8292682926829268,0.9220183486238532,1.0,1.0
Kab. Padang Pariaman,Padang Pariaman,0.8571428571428571,0.9975490196078431,1.0,1.0
Kab. Pakpak Bharat,Pakpak Barat,0.8,0.9827586206896551,1.0,1.0
Kab. Pamekasan,Pamekasan,0.782608695652174,0.9957537154989384,1.0,1.0
Kab. Pandeglang,Pandeglang,0.8,1.0,1.0,1.0
Kab. Pangkajene Kepulauan,Pangkajene Dan Kepulauan,0.8163265306122449,1.0,1.0,1.0
Kab. Paniai,Paniai,0.7058823529411765,1.0,1.0,1.0
Kab. Parigi Moutong,Parigi Moutong,0.8484848484848485,0.9786223277909739,1.0,1.0
Kab. Bantul,Bantul,0.7058823529411765,0.9972375690607734,1.0,1.0
Kab. Banyuasin,Banyu Asin,0.6666666666666666,0.9641434262948207,1.0,1.0
Kab. Pasaman,Pasaman,0.7368421052631579,0.8623481781376519,1.0,1.0
Kab. Pasaman Barat,Pasaman Barat,0.8387096774193549,1.0,1.0,1.0
Kab. Paser,Paser,0.6666666666666666,0.9955555555555555,1.0,1.0
Kab. Pasuruan,Pasuruan,0.7619047619047619,1.0,1.0,1.0
Kab. Pati,Pati,0.6153846153846154,0.9926470588235294,1.0,1.0
Kab. Pegunungan Bintang,Pegunungan Bintang,0.8780487804878049,0.9841269841269841,1.0,1.0
Kab. Pekalongan,Pekalongan,0.8,0.9980582524271845,1.0,1.0
Kab. Pelalawan,Pelalawan,0.782608695652174,0.9911504424778761,1.0,1.0
Kab. Pemalang,Pemalang,0.7619047619047619,0.9986559139784946,1.0,1.0
Kab. Penajam Paser Utara,Penajam Paser Utara,0.8837209302325582,0.9809523809523809,1.0,1.0
Kab. Pesawaran,Pesawaran,0.782608695652174,0.977491961414791,1.0,1.0
Kab. Pesisir Selatan,Pesisir Selatan,0.8571428571428571,0.9949238578680203,1.0,1.0
Kab. Pidie,Pidie,0.6666666666666666,1.0,1.0,1.0
Kab. Pidie Jaya,Pidie Jaya,0.8,1.0,1.0,1.0
Kab. Pinrang,Pinrang,0.7368421052631579,0.9969040247678018,1.0,1.0
Kab. Pohuwato,Pohuwato,0.7619047619047619,0.9921259842519685,1.0,1.0
Kab. Polewali Mandar,Polewali Mandar,0.8571428571428571,1.0,1.0,1.0
Kab. Ponorogo,Ponorogo,0.7619047619047619,1.0,1.0,1.0
Kab. Poso,Poso,0.6153846153846154,0.9956331877729258,1.0,1.0
Kab. Pringsewu,Pringsewu,0.782608695652174,0.8854961832061069,1.0,1.0
Kab. Probolinggo,Probolinggo,0.8148148148148148,0.9984025559105432,1.0,1.0
Kab. Pulang Pisau,Pulang Pisau,0.8275862068965517,0.9120879120879121,1.0,1.0
kab. Puncak,Puncak,0.7058823529411765,1.0,1.0,1.0
Kab. Puncak Jaya,Puncak Jaya,0.8148148148148148,1.0,1.0,1.0
Kab. Purbalingga,Purbalingga,0.8148148148148148,0.9978540772532188,1.0,1.0
Kab. Purwakarta,Purwakarta,0.8,0.9951219512195122,1.0,1.0
Kab. Purworejo,Purworejo,0.782608695652174,1.0,1.0,1.0
