provinsi,kab_kota,kecamatan,nama_sekolah,npsn,bp,status,last_sync,jml_sync,pd,rombel,guru,pegawai,ruang_kelas,ruang_lab,ruang_perpus,url_sekolah
Prov. Aceh,Kab. Aceh Tamiang,Kec. Seruway,SD NEGERI 1 SUKA RAMAI,10104360,SD,Negeri,-,0,0,0,0,0,6,0,1,http://dapo.dikdasmen.kemdikbud.go.id/sekolah/BDF2605E45837034AD09
Prov. Aceh,Kab. Aceh Tamiang,Kec. Seruway,SD NEGERI 2 SUKA RAMAI,10104465,SD,Negeri,-,0,0,0,0,0,6,0,1,http://dapo.dikdasmen.kemdikbud.go.id/sekolah/3A2030309E3B6590D1F7
Prov. Aceh,Kab. Aceh Tamiang,Kec. Seruway,SD NEGERI GELUNG,10104410,SD,Negeri,-,0,0,0,0,0,6,0,1,http://dapo.dikdasmen.kemdikbud.go.id/sekolah/04A6095727D66338FCAA
Prov. Aceh,Kab. Aceh Tamiang,Kec. Seruway,SD NEGERI LUBUK DAMAR,10104233,SD,Negeri,-,0,0,0,0,0,6,0,1,http://dapo.dikdasmen.kemdikbud.go.id/sekolah/510B8492306826A47AFB
Prov. Aceh,Kab. Aceh Tamiang,Kec. Seruway,SD NEGERI MABAR,10104231,SD,Negeri,-,0,0,0,0,0,6,0,1,http://dapo.dikdasmen.kemdikbud.go.id/sekolah/874D81675824126D91D7
Prov. Aceh,Kab. Aceh Tamiang,Kec. Seruway,SD NEGERI MUKA SUNGAI KURUK,10104225,SD,Negeri,-,0,0,0,0,0,11,0,1,http://dapo.dikdasmen.kemdikbud.go.id/sekolah/BBA00CD78ACAE4204129
Prov. Aceh,Kab. Aceh Tamiang,Kec. Seruway,SD NEGERI PAYA RAMBE,10104252,SD,Negeri,-,0,0,0,0,0,6,0,1,http://dapo.dikdasmen.kemdikbud.go.id/sekolah/1022747F7B1DE2F9F759
Prov. Aceh,Kab. Aceh Tamiang,Kec. Seruway,SD NEGERI PAYA UDANG,10104251,SD,Negeri,-,0,0,0,0,0,6,0,1,http://dapo.dikdasmen.kemdikbud.go.id/sekolah/EC3B5E2B2875B33CF484
Prov. Aceh,Kab. Aceh Tamiang,Kec. Seruway,SD NEGERI PUSUNG KAPAL,10104224,SD,Negeri,-,0,0,0,0,0,6,0,1,http://dapo.dikdasmen.kemdikbud.go.id/sekolah/F45D7C471E6E357D7B61
Prov. Aceh,Kab. Aceh Tamiang,Kec. Seruway,SD NEGERI SERUWAY,10104192,SD,Negeri,-,0,0,0,0,0,7,0,1,http://dapo.dikdasmen.kemdikbud.go.id/sekolah/A502EFA29BAB4CA5D9A3
Prov. Aceh,Kab. Aceh Tamiang,Kec. Seruway,SD NEGERI SIDODADI,10104194,SD,Negeri,-,0,0,0,0,0,6,0,2,http://dapo.dikdasmen.kemdikbud.go.id/sekolah/4AE8BBCA31E4ED25D151
Prov. Aceh,Kab. Aceh Tamiang,Kec. Seruway,SD NEGERI SUKARAMAI II,10104319,SD,Negeri,-,0,0,0,0,0,6,0,1,http://dapo.dikdasmen.kemdikbud.go.id/sekolah/2935886BC89AA28C9121
Prov. Aceh,Kab. Aceh Tamiang,Kec. Seruway,SD NEGERI SUNGAI KURUK II,10104209,SD,Negeri,-,0,0,0,0,0,6,0,1,http://dapo.dikdasmen.kemdikbud.go.id/sekolah/567492F39637DC1F513B
Prov. Aceh,Kab. Aceh Tamiang,Kec. Seruway,SD NEGERI SUNGAI KURUK III,10104208,SD,Negeri,-,0,0,0,0,0,12,0,1,http://dapo.dikdasmen.kemdikbud.go.id/sekolah/BBF13F95C7CE5B7663DF
Prov. Aceh,Kab. Aceh Tamiang,Kec. Seruway,SD NEGERI TANAH MERAH,10104311,SD,Negeri,-,0,0,0,0,0,7,0,1,http://dapo.dikdasmen.kemdikbud.go.id/sekolah/CB1698F1130FE7A59147
Prov. Aceh,Kab. Aceh Tamiang,Kec. Seruway,SD NEGERI TANGSI LAMA,10104310,SD,Negeri,-,0,0,0,0,0,10,0,1,http://dapo.dikdasmen.kemdikbud.go.id/sekolah/5E2AAA423BE1ACA91D22
Prov. Aceh,Kab. Aceh Tamiang,Kec. Seruway,SD NEGERI TUALANG,10104299,SD,Negeri,-,0,0,0,0,0,6,0,1,http://dapo.dikdasmen.kemdikbud.go.id/sekolah/DDB2F7BD71DAA0307C80
Prov. Aceh,Kab. Aceh Tamiang,Kec. Seruway,SMP NEGERI 1 SERUWAY,10104290,SMP,Negeri,-,0,0,0,0,0,16,2,1,http://dapo.dikdasmen.kemdikbud.go.id/sekolah/E1987A017554A4FDFD39
Prov. Aceh,Kab. Aceh Tamiang,Kec. Seruway,SMP NEGERI 2 SERUWAY,10107136,SMP,Negeri,-,0,0,0,0,0,11,1,1,http://dapo.dikdasmen.kemdikbud.go.id/sekolah/8074A68BC68B22E91B46
Prov. Aceh,Kab. Aceh Tamiang,Kec. Seruway,SMP NEGERI 3 SERUWAY,10108224,SMP,Negeri,-,0,0,0,0,0,7,2,1,http://dapo.dikdasmen.kemdikbud.go.id/sekolah/1E826FE6B5C4644CFBE0
Prov. Aceh,Kab. Aceh Tamiang,Kec. Seruway,SMP Negeri 4 Seruway,10110612,SMP,Negeri,-,0,0,0,0,0,6,1,1,http://dapo.dikdasmen.kemdikbud.go.id/sekolah/D32D8FC51E84EAB9D8BF
Prov. Aceh,Kab. Aceh Tamiang,Kec. Seruway,SMP NEGERI 5 SERUWAY,10104266,SMP,Negeri,23 Aug 2019 16:03:50,10,232,9,18,7,11,1,1,http://dapo.dikdasmen.kemdikbud.go.id/sekolah/1346F920A1FAE132C137
Prov. Aceh,Kab. Aceh Tamiang,Kec. Seruway,SMAN 1 SERUWAY,10104271,SMA,Negeri,23 Aug 2019 20:39:26,1,472,18,44,13,21,7,1,http://dapo.dikdasmen.kemdikbud.go.id/sekolah/33C8888461625E1F08B1
Prov. Aceh,Kab. Aceh Tamiang,Kec. Seruway,SMAN 2 SERUWAY,10112849,SMA,Negeri,-,0,0,0,0,0,11,5,1,http://dapo.dikdasmen.kemdikbud.go.id/sekolah/8E12B1F8AD41A9FE8BD5
