provinsi,kab_kota,kecamatan,nama_sekolah,npsn,bp,status,last_sync,jml_sync,pd,rombel,guru,pegawai,ruang_kelas,ruang_lab,ruang_perpus,url_sekolah
Prov. Jawa Timur,Kab. Bangkalan,Kec. Bangkalan,SD NEGERI BANCARAN 1,20531455,SD,Negeri,-,0,0,0,0,0,6,0,1,http://dapo.dikdasmen.kemdikbud.go.id/sekolah/9A50792EFD3D513BAEA7
Prov. Jawa Timur,Kab. Bangkalan,Kec. Bangkalan,SD NEGERI BANCARAN 2,20531439,SD,Negeri,-,0,0,0,0,0,6,0,1,http://dapo.dikdasmen.kemdikbud.go.id/sekolah/C0982E7892FA78E6D8F6
Prov. Jawa Timur,Kab. Bangkalan,Kec. Bangkalan,SD NEGERI BANCARAN 3,20531438,SD,Negeri,-,0,0,0,0,0,9,0,1,http://dapo.dikdasmen.kemdikbud.go.id/sekolah/2955D1F218EC869E3CB5
Prov. Jawa Timur,Kab. Bangkalan,Kec. Bangkalan,SD NEGERI BANCARAN 4,20531437,SD,Negeri,-,0,0,0,0,0,8,0,1,http://dapo.dikdasmen.kemdikbud.go.id/sekolah/9F05ACEEF445232E8890
Prov. Jawa Timur,Kab. Bangkalan,Kec. Bangkalan,SD NEGERI DEMANGAN 1,20531792,SD,Negeri,-,0,0,0,0,0,13,0,1,http://dapo.dikdasmen.kemdikbud.go.id/sekolah/555EF2F801F40518982B
Prov. Jawa Timur,Kab. Bangkalan,Kec. Bangkalan,SD NEGERI DEMANGAN 2 BANGKALAN,20531791,SD,Negeri,-,0,0,0,0,0,9,0,1,http://dapo.dikdasmen.kemdikbud.go.id/sekolah/1FDF13CECA9D362A172C
Prov. Jawa Timur,Kab. Bangkalan,Kec. Bangkalan,SD NEGERI DEMANGAN 3,20531774,SD,Negeri,-,0,0,0,0,0,6,0,0,http://dapo.dikdasmen.kemdikbud.go.id/sekolah/6A2F4F82A78EAA4FB0D5
Prov. Jawa Timur,Kab. Bangkalan,Kec. Bangkalan,SD NEGERI DEMANGAN 4 BANGKALAN,20531716,SD,Negeri,-,0,0,0,0,0,6,0,0,http://dapo.dikdasmen.kemdikbud.go.id/sekolah/3298931752930EFEA570
Prov. Jawa Timur,Kab. Bangkalan,Kec. Bangkalan,SD NEGERI GEBANG,20531609,SD,Negeri,-,0,0,0,0,0,7,0,1,http://dapo.dikdasmen.kemdikbud.go.id/sekolah/542C1532B71351E02122
Prov. Jawa Timur,Kab. Bangkalan,Kec. Bangkalan,SD NEGERI KEMAYORAN 1,20531017,SD,Negeri,-,0,0,0,0,0,24,3,1,http://dapo.dikdasmen.kemdikbud.go.id/sekolah/97558A747891D0DB9167
Prov. Jawa Timur,Kab. Bangkalan,Kec. Bangkalan,SD NEGERI KEMAYORAN 2,20531018,SD,Negeri,-,0,0,0,0,0,8,0,1,http://dapo.dikdasmen.kemdikbud.go.id/sekolah/C10506C9E458A92BFE58
Prov. Jawa Timur,Kab. Bangkalan,Kec. Bangkalan,SD NEGERI KEMAYORAN 3,20531016,SD,Negeri,-,0,0,0,0,0,6,0,1,http://dapo.dikdasmen.kemdikbud.go.id/sekolah/046B94A7C851C6D2E5D6
Prov. Jawa Timur,Kab. Bangkalan,Kec. Bangkalan,SD NEGERI KRAMAT 1,20531099,SD,Negeri,-,0,0,0,0,0,6,0,1,http://dapo.dikdasmen.kemdikbud.go.id/sekolah/FFD4AD5AAE71A6CA14EB
Prov. Jawa Timur,Kab. Bangkalan,Kec. Bangkalan,SD NEGERI KRAMAT 2,20531098,SD,Negeri,-,0,0,0,0,0,6,0,1,http://dapo.dikdasmen.kemdikbud.go.id/sekolah/BF22BD8AC9CD0634BD56
Prov. Jawa Timur,Kab. Bangkalan,Kec. Bangkalan,SD NEGERI KRATON 1,20531092,SD,Negeri,-,0,0,0,0,0,6,0,2,http://dapo.dikdasmen.kemdikbud.go.id/sekolah/B073E8C4E34F79981738
Prov. Jawa Timur,Kab. Bangkalan,Kec. Bangkalan,SD NEGERI KRATON 2,20531104,SD,Negeri,-,0,0,0,0,0,10,0,2,http://dapo.dikdasmen.kemdikbud.go.id/sekolah/7B88DA9C7CF7FC4C6060
Prov. Jawa Timur,Kab. Bangkalan,Kec. Bangkalan,SD NEGERI KRATON 3,20531105,SD,Negeri,-,0,0,0,0,0,12,0,1,http://dapo.dikdasmen.kemdikbud.go.id/sekolah/BB7394E2CEFF4A408A66
Prov. Jawa Timur,Kab. Bangkalan,Kec. Bangkalan,SD NEGERI KRATON 4,20531127,SD,Negeri,-,0,0,0,0,0,6,0,1,http://dapo.dikdasmen.kemdikbud.go.id/sekolah/3CD7928EA5512C078B1D
Prov. Jawa Timur,Kab. Bangkalan,Kec. Bangkalan,SD NEGERI KRATON 5,20531126,SD,Negeri,-,0,0,0,0,0,6,0,1,http://dapo.dikdasmen.kemdikbud.go.id/sekolah/90EC26EF20942E429B1E
Prov. Jawa Timur,Kab. Bangkalan,Kec. Bangkalan,SD NEGERI KRATON 6,20531128,SD,Negeri,-,0,0,0,0,0,6,0,1,http://dapo.dikdasmen.kemdikbud.go.id/sekolah/89B852A48E0D967BF7D0
Prov. Jawa Timur,Kab. Bangkalan,Kec. Bangkalan,SD NEGERI MARTAJASAH,20530901,SD,Negeri,-,0,0,0,0,0,6,0,1,http://dapo.dikdasmen.kemdikbud.go.id/sekolah/C4C465F2D44A7BC68528
Prov. Jawa Timur,Kab. Bangkalan,Kec. Bangkalan,SD NEGERI MLAJAH 1,20530899,SD,Negeri,-,0,0,0,0,0,6,0,1,http://dapo.dikdasmen.kemdikbud.go.id/sekolah/AB3B7A4BAE12A01FE5EF
Prov. Jawa Timur,Kab. Bangkalan,Kec. Bangkalan,SD NEGERI MLAJAH 2,20530898,SD,Negeri,-,0,0,0,0,0,13,0,1,http://dapo.dikdasmen.kemdikbud.go.id/sekolah/DA7172800E23FF3BE4B1
Prov. Jawa Timur,Kab. Bangkalan,Kec. Bangkalan,SD NEGERI PANGERANAN 1,20530998,SD,Negeri,-,0,0,0,0,0,7,0,1,http://dapo.dikdasmen.kemdikbud.go.id/sekolah/BE87EAFDCC893403B718
Prov. Jawa Timur,Kab. Bangkalan,Kec. Bangkalan,SD NEGERI PANGERANAN 2,20530997,SD,Negeri,-,0,0,0,0,0,8,0,0,http://dapo.dikdasmen.kemdikbud.go.id/sekolah/87AD00CB5B2CC7A3537D
Prov. Jawa Timur,Kab. Bangkalan,Kec. Bangkalan,SD NEGERI PANGERANAN 3,20530996,SD,Negeri,-,0,0,0,0,0,7,0,1,http://dapo.dikdasmen.kemdikbud.go.id/sekolah/9543B4B4B1527F10017F
Prov. Jawa Timur,Kab. Bangkalan,Kec. Bangkalan,SD NEGERI PANGERANAN 4,20530995,SD,Negeri,-,0,0,0,0,0,6,0,0,http://dapo.dikdasmen.kemdikbud.go.id/sekolah/E07742F70C46D3AE08A1
Prov. Jawa Timur,Kab. Bangkalan,Kec. Bangkalan,SD NEGERI PANGERANAN 5,20530994,SD,Negeri,-,0,0,0,0,0,6,0,0,http://dapo.dikdasmen.kemdikbud.go.id/sekolah/A953C9E843434661EC12
Prov. Jawa Timur,Kab. Bangkalan,Kec. Bangkalan,SD NEGERI PEJAGAN 04,20531310,SD,Negeri,-,0,0,0,0,0,7,0,1,http://dapo.dikdasmen.kemdikbud.go.id/sekolah/34089B625B310FA89121
Prov. Jawa Timur,Kab. Bangkalan,Kec. Bangkalan,SD NEGERI PEJAGAN 10,20531291,SD,Negeri,-,0,0,0,0,0,6,0,0,http://dapo.dikdasmen.kemdikbud.go.id/sekolah/6A9BE67334F6778BFAFB
Prov. Jawa Timur,Kab. Bangkalan,Kec. Bangkalan,SD NEGERI PEJAGAN 2,20530961,SD,Negeri,-,0,0,0,0,0,11,0,1,http://dapo.dikdasmen.kemdikbud.go.id/sekolah/93576A28D1742693ADC4
Prov. Jawa Timur,Kab. Bangkalan,Kec. Bangkalan,SD NEGERI PEJAGAN 3,20530946,SD,Negeri,-,0,0,0,0,0,9,0,1,http://dapo.dikdasmen.kemdikbud.go.id/sekolah/21F95048AAAA1E26803D
Prov. Jawa Timur,Kab. Bangkalan,Kec. Bangkalan,SD NEGERI PEJAGAN 5,20531295,SD,Negeri,-,0,0,0,0,0,8,0,1,http://dapo.dikdasmen.kemdikbud.go.id/sekolah/2D73C26CE5691D2BCEB2
Prov. Jawa Timur,Kab. Bangkalan,Kec. Bangkalan,SD NEGERI PEJAGAN 6,20531294,SD,Negeri,-,0,0,0,0,0,12,1,1,http://dapo.dikdasmen.kemdikbud.go.id/sekolah/A2F8A78A6DD46B60B1A1
Prov. Jawa Timur,Kab. Bangkalan,Kec. Bangkalan,SD NEGERI PEJAGAN 7,20531293,SD,Negeri,-,0,0,0,0,0,8,0,2,http://dapo.dikdasmen.kemdikbud.go.id/sekolah/F6C7298BAF5660E702F7
Prov. Jawa Timur,Kab. Bangkalan,Kec. Bangkalan,SD NEGERI PEJAGAN 8,20531292,SD,Negeri,-,0,0,0,0,0,6,0,1,http://dapo.dikdasmen.kemdikbud.go.id/sekolah/3D32FAC8D0E5CBC86DAC
Prov. Jawa Timur,Kab. Bangkalan,Kec. Bangkalan,SD NEGERI PEJAGAN 9,20531290,SD,Negeri,-,0,0,0,0,0,11,0,1,http://dapo.dikdasmen.kemdikbud.go.id/sekolah/D4ADD226ABAA001A8437
Prov. Jawa Timur,Kab. Bangkalan,Kec. Bangkalan,SD NEGERI SABIYAN,20531256,SD,Negeri,-,0,0,0,0,0,8,0,1,http://dapo.dikdasmen.kemdikbud.go.id/sekolah/42073A41266AFD4257C6
Prov. Jawa Timur,Kab. Bangkalan,Kec. Bangkalan,SD NEGERI SEMBILANGAN,20531272,SD,Negeri,-,0,0,0,0,0,6,0,1,http://dapo.dikdasmen.kemdikbud.go.id/sekolah/37E39A5B22EAF31A6780
Prov. Jawa Timur,Kab. Bangkalan,Kec. Bangkalan,SD NEGERI UJUNG PIRING,20531132,SD,Negeri,-,0,0,0,0,0,6,0,1,http://dapo.dikdasmen.kemdikbud.go.id/sekolah/FB52F435BF773DD48FCB
Prov. Jawa Timur,Kab. Bangkalan,Kec. Bangkalan,SDN PEJAGAN 1,20530962,SD,Negeri,-,0,0,0,0,0,11,0,1,http://dapo.dikdasmen.kemdikbud.go.id/sekolah/8D9895BCB2A167D76A51
Prov. Jawa Timur,Kab. Bangkalan,Kec. Bangkalan,SD AS SALAM,69967865,SD,Swasta,-,0,0,0,0,0,3,0,0,http://dapo.dikdasmen.kemdikbud.go.id/sekolah/C8BC1C7ABB2C5A01D398
Prov. Jawa Timur,Kab. Bangkalan,Kec. Bangkalan,SD KATOLIK MARIA FATIMA,20531388,SD,Swasta,-,0,0,0,0,0,6,1,1,http://dapo.dikdasmen.kemdikbud.go.id/sekolah/E615CD7790C2D76A1142
Prov. Jawa Timur,Kab. Bangkalan,Kec. Bangkalan,SDIT MUTIARA ILMU BANGKALAN,69980586,SD,Swasta,-,0,0,0,0,0,4,0,0,http://dapo.dikdasmen.kemdikbud.go.id/sekolah/309562E51744A9466643
Prov. Jawa Timur,Kab. Bangkalan,Kec. Bangkalan,SDS MUHAMMADIYAH 1,69727028,SD,Swasta,-,0,0,0,0,0,15,1,1,http://dapo.dikdasmen.kemdikbud.go.id/sekolah/4ADF1858AC369D6F47E1
Prov. Jawa Timur,Kab. Bangkalan,Kec. Bangkalan,SMP NEGERI 1 BANGKALAN,20531242,SMP,Negeri,-,0,0,0,0,0,27,3,1,http://dapo.dikdasmen.kemdikbud.go.id/sekolah/2D742E80D1DDAEF351E2
Prov. Jawa Timur,Kab. Bangkalan,Kec. Bangkalan,SMP NEGERI 2 BANGKALAN,20531213,SMP,Negeri,-,0,0,0,3,0,32,5,1,http://dapo.dikdasmen.kemdikbud.go.id/sekolah/4382AE6ACFA0B278DF9E
Prov. Jawa Timur,Kab. Bangkalan,Kec. Bangkalan,SMP NEGERI 3 BANGKALAN,20531207,SMP,Negeri,-,0,0,0,0,0,19,2,1,http://dapo.dikdasmen.kemdikbud.go.id/sekolah/6BBBE2C3B3008800070E
Prov. Jawa Timur,Kab. Bangkalan,Kec. Bangkalan,SMP NEGERI 4 BANGKALAN,20531205,SMP,Negeri,-,0,0,0,1,0,24,5,1,http://dapo.dikdasmen.kemdikbud.go.id/sekolah/53145185359131B30977
Prov. Jawa Timur,Kab. Bangkalan,Kec. Bangkalan,SMP NEGERI 5 BANGKALAN,20531203,SMP,Negeri,-,0,0,0,0,0,27,6,1,http://dapo.dikdasmen.kemdikbud.go.id/sekolah/DB7714D3F3DB89959BC2
Prov. Jawa Timur,Kab. Bangkalan,Kec. Bangkalan,SMP NEGERI 6 BANGKALAN,20531202,SMP,Negeri,-,0,0,0,0,1,14,3,1,http://dapo.dikdasmen.kemdikbud.go.id/sekolah/CE669269967E6163E808
Prov. Jawa Timur,Kab. Bangkalan,Kec. Bangkalan,SMP NEGERI 7 BANGKALAN,20531187,SMP,Negeri,-,0,0,0,0,0,10,4,4,http://dapo.dikdasmen.kemdikbud.go.id/sekolah/AE0E86E3AE451AA4DEF2
Prov. Jawa Timur,Kab. Bangkalan,Kec. Bangkalan,SMP AL HIKAM KEMAYORAN,69989145,SMP,Swasta,-,0,0,0,0,0,0,0,0,http://dapo.dikdasmen.kemdikbud.go.id/sekolah/F73F7ACC50241648CF6B
Prov. Jawa Timur,Kab. Bangkalan,Kec. Bangkalan,SMP AL-KHOLILIYAH,69922901,SMP,Swasta,-,0,0,0,0,0,9,2,1,http://dapo.dikdasmen.kemdikbud.go.id/sekolah/DDD88279E52C1AA769E0
Prov. Jawa Timur,Kab. Bangkalan,Kec. Bangkalan,SMP AL-QUR AN AL-ASRAR,69989144,SMP,Swasta,-,0,0,0,0,0,0,0,0,http://dapo.dikdasmen.kemdikbud.go.id/sekolah/645834D6E38F2E48C848
Prov. Jawa Timur,Kab. Bangkalan,Kec. Bangkalan,SMP AN NUR FUADI,20555416,SMP,Swasta,-,0,0,0,0,0,3,0,1,http://dapo.dikdasmen.kemdikbud.go.id/sekolah/07B533021DBA2A601EA9
Prov. Jawa Timur,Kab. Bangkalan,Kec. Bangkalan,SMP AN-NURONIYAH,69888532,SMP,Swasta,-,0,0,0,0,0,9,0,0,http://dapo.dikdasmen.kemdikbud.go.id/sekolah/4DEE989FC1DD0AE4B628
Prov. Jawa Timur,Kab. Bangkalan,Kec. Bangkalan,SMP AR-RAUDHAH,20579308,SMP,Swasta,-,0,0,0,0,0,19,0,1,http://dapo.dikdasmen.kemdikbud.go.id/sekolah/97EC3FC4D7C2E0B0B337
Prov. Jawa Timur,Kab. Bangkalan,Kec. Bangkalan,SMP IBNU CHOLIL BANGKALAN,20531252,SMP,Swasta,-,0,0,0,0,0,6,2,1,http://dapo.dikdasmen.kemdikbud.go.id/sekolah/E04CD48F70CD64FB01A3
Prov. Jawa Timur,Kab. Bangkalan,Kec. Bangkalan,SMP KATOLIK SANTO YUSUP,20531250,SMP,Swasta,-,0,0,0,0,0,3,3,1,http://dapo.dikdasmen.kemdikbud.go.id/sekolah/701988C0310F5D8081F0
Prov. Jawa Timur,Kab. Bangkalan,Kec. Bangkalan,SMP MATHOLI UL ANWAR,20554879,SMP,Swasta,-,0,0,0,0,0,3,0,0,http://dapo.dikdasmen.kemdikbud.go.id/sekolah/517293F87A5839145F82
Prov. Jawa Timur,Kab. Bangkalan,Kec. Bangkalan,SMP MUHAMMADIYAH 1,69964696,SMP,Swasta,-,0,0,0,0,0,2,0,0,http://dapo.dikdasmen.kemdikbud.go.id/sekolah/11DC2E58ECA1D8FD2976
Prov. Jawa Timur,Kab. Bangkalan,Kec. Bangkalan,SMAN 1 BANGKALAN,20531146,SMA,Negeri,-,0,0,0,0,0,31,7,1,http://dapo.dikdasmen.kemdikbud.go.id/sekolah/417CCE4D1B026FE9A6EF
Prov. Jawa Timur,Kab. Bangkalan,Kec. Bangkalan,SMAN 2 BANGKALAN,20531228,SMA,Negeri,-,0,0,0,0,0,35,3,1,http://dapo.dikdasmen.kemdikbud.go.id/sekolah/3A23C938B9F172C7FFCD
Prov. Jawa Timur,Kab. Bangkalan,Kec. Bangkalan,SMAN 3 BANGKALAN,20531227,SMA,Negeri,-,0,0,0,0,0,30,3,1,http://dapo.dikdasmen.kemdikbud.go.id/sekolah/366D1C2F41BA1AB3C38C
Prov. Jawa Timur,Kab. Bangkalan,Kec. Bangkalan,SMAN 4 BANGKALAN,20560315,SMA,Negeri,-,0,0,0,0,0,25,4,1,http://dapo.dikdasmen.kemdikbud.go.id/sekolah/A59E79BFE25CBD586305
Prov. Jawa Timur,Kab. Bangkalan,Kec. Bangkalan,SMA AN-NURONIYAH,69892331,SMA,Swasta,-,0,0,0,0,0,6,0,1,http://dapo.dikdasmen.kemdikbud.go.id/sekolah/F4BBCEA807C5D605EFE8
Prov. Jawa Timur,Kab. Bangkalan,Kec. Bangkalan,SMAS AR-RAUDHAH,20579307,SMA,Swasta,-,0,0,0,0,0,26,2,1,http://dapo.dikdasmen.kemdikbud.go.id/sekolah/4D325830F90DD4D3B53A
Prov. Jawa Timur,Kab. Bangkalan,Kec. Bangkalan,SMAS MAARIF,20531152,SMA,Swasta,-,0,0,0,0,0,31,5,1,http://dapo.dikdasmen.kemdikbud.go.id/sekolah/308E9AEFDDA3A86B16B9
Prov. Jawa Timur,Kab. Bangkalan,Kec. Bangkalan,SMAS MUHAMMADIYAH,20551899,SMA,Swasta,-,0,0,0,0,0,6,3,1,http://dapo.dikdasmen.kemdikbud.go.id/sekolah/E21BCF2F971CF21C8576
Prov. Jawa Timur,Kab. Bangkalan,Kec. Bangkalan,SMAS PGRI 2 BANGKALAN,20531151,SMA,Swasta,-,0,0,0,0,0,11,2,1,http://dapo.dikdasmen.kemdikbud.go.id/sekolah/A59A52AABAB21B1EE476
Prov. Jawa Timur,Kab. Bangkalan,Kec. Bangkalan,SMKN 1 BANGKALAN,20531224,SMK,Negeri,-,0,0,0,0,0,29,3,1,http://dapo.dikdasmen.kemdikbud.go.id/sekolah/449705DCA79F0B55CBBC
Prov. Jawa Timur,Kab. Bangkalan,Kec. Bangkalan,SMKN 2 BANGKALAN,20531223,SMK,Negeri,-,0,0,0,0,0,34,5,1,http://dapo.dikdasmen.kemdikbud.go.id/sekolah/AC35A89A46E608089015
Prov. Jawa Timur,Kab. Bangkalan,Kec. Bangkalan,SMKN 3 BANGKALAN,20570399,SMK,Negeri,-,0,0,0,0,0,15,4,1,http://dapo.dikdasmen.kemdikbud.go.id/sekolah/80956E10B10112423EB6
Prov. Jawa Timur,Kab. Bangkalan,Kec. Bangkalan,SMK AL - KHOLILIYAH BANGKALAN,69979549,SMK,Swasta,-,0,0,0,0,0,3,1,1,http://dapo.dikdasmen.kemdikbud.go.id/sekolah/B01438BD0DDB708DB9A8
Prov. Jawa Timur,Kab. Bangkalan,Kec. Bangkalan,SMK PGRI 1 BANGKALAN,20531221,SMK,Swasta,-,0,0,0,0,0,7,1,1,http://dapo.dikdasmen.kemdikbud.go.id/sekolah/B150E6B35A46659B3351
Prov. Jawa Timur,Kab. Bangkalan,Kec. Bangkalan,SMKS AN NUR FUADI,20555417,SMK,Swasta,-,0,0,0,0,0,4,1,1,http://dapo.dikdasmen.kemdikbud.go.id/sekolah/2312B3E415072D08B2C5
Prov. Jawa Timur,Kab. Bangkalan,Kec. Bangkalan,SMKS BRAJAGUNA BANGKALAN,20549768,SMK,Swasta,-,0,0,0,0,0,6,2,1,http://dapo.dikdasmen.kemdikbud.go.id/sekolah/DBE88DDB660A6C02511A
Prov. Jawa Timur,Kab. Bangkalan,Kec. Bangkalan,SMKS IBNU CHOLIL,20573284,SMK,Swasta,-,0,0,0,0,0,13,1,1,http://dapo.dikdasmen.kemdikbud.go.id/sekolah/6B18CF640937F5400C91
Prov. Jawa Timur,Kab. Bangkalan,Kec. Bangkalan,SMKS KESEHATAN YANNAS HUSADA,20570107,SMK,Swasta,-,0,0,0,0,0,12,3,2,http://dapo.dikdasmen.kemdikbud.go.id/sekolah/6286B9923A48135C5DFB
Prov. Jawa Timur,Kab. Bangkalan,Kec. Bangkalan,SMKS MATHOLIUL ANWAR,20555037,SMK,Swasta,-,0,0,0,0,0,3,1,1,http://dapo.dikdasmen.kemdikbud.go.id/sekolah/287E95DB0DEF92BC4578
Prov. Jawa Timur,Kab. Bangkalan,Kec. Bangkalan,SLB SAMUDRA LAVENDER,69830686,SLB,Swasta,-,0,0,0,0,0,6,0,0,http://dapo.dikdasmen.kemdikbud.go.id/sekolah/379020F646AB2123EA63
