provinsi,kab_kota,kecamatan,nama_sekolah,npsn,bp,status,last_sync,jml_sync,pd,rombel,guru,pegawai,ruang_kelas,ruang_lab,ruang_perpus,url_sekolah
Prov. Jawa Timur,Kab. Bangkalan,Kec. Klampis,SD NEGERI BANTEYAN 1,20531445,SD,Negeri,21 Aug 2019 18:38:39,1,114,6,7,1,6,0,0,http://dapo.dikdasmen.kemdikbud.go.id/sekolah/E883132F14D42BCE3D36
Prov. Jawa Timur,Kab. Bangkalan,Kec. Klampis,SD NEGERI BANTEYAN 2,20531443,SD,Negeri,-,0,0,0,0,0,6,0,0,http://dapo.dikdasmen.kemdikbud.go.id/sekolah/FA3D06ACE9BA475EA5BA
Prov. Jawa Timur,Kab. Bangkalan,Kec. Klampis,SD NEGERI BATOR 1,20531718,SD,Negeri,22 Aug 2019 22:50:02,4,333,12,12,2,10,0,1,http://dapo.dikdasmen.kemdikbud.go.id/sekolah/07048E2806351D46466A
Prov. Jawa Timur,Kab. Bangkalan,Kec. Klampis,SD NEGERI BATOR 2,20531730,SD,Negeri,-,0,0,0,0,0,6,0,0,http://dapo.dikdasmen.kemdikbud.go.id/sekolah/E321363BFEA07AB107DA
Prov. Jawa Timur,Kab. Bangkalan,Kec. Klampis,SD NEGERI BATOR 3,20531731,SD,Negeri,-,0,0,0,0,0,7,0,1,http://dapo.dikdasmen.kemdikbud.go.id/sekolah/D8E773FE4F038CA6ED32
Prov. Jawa Timur,Kab. Bangkalan,Kec. Klampis,SD NEGERI BRAGANG 1,20531809,SD,Negeri,-,0,0,0,0,0,6,0,0,http://dapo.dikdasmen.kemdikbud.go.id/sekolah/D9C90F131434D4F7DDDD
Prov. Jawa Timur,Kab. Bangkalan,Kec. Klampis,SD NEGERI BRAGANG 2,20531808,SD,Negeri,-,0,0,0,0,0,5,0,2,http://dapo.dikdasmen.kemdikbud.go.id/sekolah/EFA665D4E249A4174FBD
Prov. Jawa Timur,Kab. Bangkalan,Kec. Klampis,SD NEGERI BULUKAGUNG 1,20531825,SD,Negeri,-,0,0,0,0,0,6,0,1,http://dapo.dikdasmen.kemdikbud.go.id/sekolah/7D6A7719DE88236974F9
Prov. Jawa Timur,Kab. Bangkalan,Kec. Klampis,SD NEGERI BULUKAGUNG 2,20531824,SD,Negeri,-,0,0,0,0,0,6,0,1,http://dapo.dikdasmen.kemdikbud.go.id/sekolah/E78CC210F159D42E831F
Prov. Jawa Timur,Kab. Bangkalan,Kec. Klampis,SD NEGERI BULUKAGUNG 3,20531823,SD,Negeri,-,0,0,0,0,0,6,0,0,http://dapo.dikdasmen.kemdikbud.go.id/sekolah/7FCD5B64F82B6DC67950
Prov. Jawa Timur,Kab. Bangkalan,Kec. Klampis,SD NEGERI BULUNG,20531822,SD,Negeri,-,0,0,0,0,0,6,0,1,http://dapo.dikdasmen.kemdikbud.go.id/sekolah/6461658E01C2BB592EA8
Prov. Jawa Timur,Kab. Bangkalan,Kec. Klampis,SD NEGERI KARANG ASEM,20571669,SD,Negeri,-,0,0,0,0,0,5,0,1,http://dapo.dikdasmen.kemdikbud.go.id/sekolah/6B2BCF9A1FC9FD17A69D
Prov. Jawa Timur,Kab. Bangkalan,Kec. Klampis,SD NEGERI KLAMPIS BARAT,20531006,SD,Negeri,-,0,0,0,0,0,6,0,1,http://dapo.dikdasmen.kemdikbud.go.id/sekolah/14F309E8185B0DE405F1
Prov. Jawa Timur,Kab. Bangkalan,Kec. Klampis,SD NEGERI KLAMPIS TIMUR,20531019,SD,Negeri,-,0,0,0,0,0,6,0,0,http://dapo.dikdasmen.kemdikbud.go.id/sekolah/29A49CFE4DADD6D1FFD1
Prov. Jawa Timur,Kab. Bangkalan,Kec. Klampis,SD NEGERI KO OL,20531100,SD,Negeri,-,0,0,0,0,0,6,0,1,http://dapo.dikdasmen.kemdikbud.go.id/sekolah/172BAD8911204E16966A
Prov. Jawa Timur,Kab. Bangkalan,Kec. Klampis,SD NEGERI LARANGAN GLINTONG 1,20531076,SD,Negeri,22 Aug 2019 08:49:27,2,77,6,7,2,6,0,0,http://dapo.dikdasmen.kemdikbud.go.id/sekolah/153C2230AC0A46DA7472
Prov. Jawa Timur,Kab. Bangkalan,Kec. Klampis,SD NEGERI LARANGAN GLINTONG 2,20531077,SD,Negeri,-,0,0,0,0,0,6,0,0,http://dapo.dikdasmen.kemdikbud.go.id/sekolah/1613E278B267DD08804E
Prov. Jawa Timur,Kab. Bangkalan,Kec. Klampis,SD NEGERI LARANGAN GLINTONG 3,20531089,SD,Negeri,-,0,0,0,0,0,5,0,0,http://dapo.dikdasmen.kemdikbud.go.id/sekolah/C8E226CFB205BFB34D80
Prov. Jawa Timur,Kab. Bangkalan,Kec. Klampis,SD NEGERI LARANGAN SORJAN 1,20531088,SD,Negeri,-,0,0,0,0,0,6,0,0,http://dapo.dikdasmen.kemdikbud.go.id/sekolah/3EB2AA97C0B95FE8B8AD
Prov. Jawa Timur,Kab. Bangkalan,Kec. Klampis,SD NEGERI LARANGAN SORJAN 2,20531087,SD,Negeri,-,0,0,0,0,0,6,0,1,http://dapo.dikdasmen.kemdikbud.go.id/sekolah/0677CCBAD23D6E30F7BF
Prov. Jawa Timur,Kab. Bangkalan,Kec. Klampis,SD NEGERI LERGUNONG 1,20531080,SD,Negeri,-,0,0,0,0,0,8,0,1,http://dapo.dikdasmen.kemdikbud.go.id/sekolah/D68E4616ACD7FFCD2027
Prov. Jawa Timur,Kab. Bangkalan,Kec. Klampis,SD NEGERI LERGUNONG 2,20531079,SD,Negeri,-,0,0,0,0,0,6,0,1,http://dapo.dikdasmen.kemdikbud.go.id/sekolah/0C675EF4B16711AC045F
Prov. Jawa Timur,Kab. Bangkalan,Kec. Klampis,SD NEGERI MANONGGAL 2,20530934,SD,Negeri,-,0,0,0,0,0,6,0,1,http://dapo.dikdasmen.kemdikbud.go.id/sekolah/50F4F421C197A311CF1C
Prov. Jawa Timur,Kab. Bangkalan,Kec. Klampis,SD NEGERI MOARAH 1,20530897,SD,Negeri,-,0,0,0,0,0,6,0,1,http://dapo.dikdasmen.kemdikbud.go.id/sekolah/33CFDBE4EDBF7C4FFC6B
Prov. Jawa Timur,Kab. Bangkalan,Kec. Klampis,SD NEGERI MOARAH 2,20530896,SD,Negeri,-,0,0,0,0,0,6,0,0,http://dapo.dikdasmen.kemdikbud.go.id/sekolah/FF6CEECB066C1DCC7BA4
Prov. Jawa Timur,Kab. Bangkalan,Kec. Klampis,SD NEGERI MRANDUNG,20530915,SD,Negeri,-,0,0,0,0,0,6,0,1,http://dapo.dikdasmen.kemdikbud.go.id/sekolah/CF864A03EB84EF563B5D
Prov. Jawa Timur,Kab. Bangkalan,Kec. Klampis,SD NEGERI NONGGAL 1,20530935,SD,Negeri,-,0,0,0,0,0,6,0,0,http://dapo.dikdasmen.kemdikbud.go.id/sekolah/D4B32CBEECB662CEC8AD
Prov. Jawa Timur,Kab. Bangkalan,Kec. Klampis,SD NEGERI PANYAKSAGAN,20530958,SD,Negeri,-,0,0,0,0,0,6,0,1,http://dapo.dikdasmen.kemdikbud.go.id/sekolah/6C3BCBC2B456DE7A2596
Prov. Jawa Timur,Kab. Bangkalan,Kec. Klampis,SD NEGERI POLONGAN,20531267,SD,Negeri,-,0,0,0,0,0,6,0,0,http://dapo.dikdasmen.kemdikbud.go.id/sekolah/C0680D17FC7B05E4A0A3
Prov. Jawa Timur,Kab. Bangkalan,Kec. Klampis,SD NEGERI RA AS,20531261,SD,Negeri,-,0,0,0,0,0,5,0,1,http://dapo.dikdasmen.kemdikbud.go.id/sekolah/9DC25E6138B986139199
Prov. Jawa Timur,Kab. Bangkalan,Kec. Klampis,SD NEGERI TENGGUN DAJAH,20531161,SD,Negeri,-,0,0,0,0,0,6,0,1,http://dapo.dikdasmen.kemdikbud.go.id/sekolah/422AD38EA03EC2E1B8F6
Prov. Jawa Timur,Kab. Bangkalan,Kec. Klampis,SD NEGERI TOLBUK,20531158,SD,Negeri,-,0,0,0,0,0,6,0,0,http://dapo.dikdasmen.kemdikbud.go.id/sekolah/931323C9B6595A31AE50
Prov. Jawa Timur,Kab. Bangkalan,Kec. Klampis,SD NEGERI TROGAN 1,20531139,SD,Negeri,-,0,0,0,0,0,6,0,1,http://dapo.dikdasmen.kemdikbud.go.id/sekolah/1A70B64FA3A79C69D515
Prov. Jawa Timur,Kab. Bangkalan,Kec. Klampis,SD NEGERI TROGAN 2,20531138,SD,Negeri,-,0,0,0,0,0,6,0,1,http://dapo.dikdasmen.kemdikbud.go.id/sekolah/BD32E3C1AA1F99715C16
Prov. Jawa Timur,Kab. Bangkalan,Kec. Klampis,SDN TOBADDUNG,69981218,SD,Negeri,-,0,0,0,0,0,3,0,0,http://dapo.dikdasmen.kemdikbud.go.id/sekolah/F0D892AA93AC2588F722
Prov. Jawa Timur,Kab. Bangkalan,Kec. Klampis,SMP NEGERI 1 KLAMPIS,20531197,SMP,Negeri,-,0,0,0,0,0,22,4,1,http://dapo.dikdasmen.kemdikbud.go.id/sekolah/E0E7994A46D6C6DE49FC
Prov. Jawa Timur,Kab. Bangkalan,Kec. Klampis,SMPN 2 KLAMPIS,20570244,SMP,Negeri,-,0,0,0,0,0,5,2,1,http://dapo.dikdasmen.kemdikbud.go.id/sekolah/4DB3BFBCE8527BDAAA88
Prov. Jawa Timur,Kab. Bangkalan,Kec. Klampis,SMP AINUL YAKIN KLAMPIS,20555423,SMP,Swasta,-,0,0,0,0,0,3,0,0,http://dapo.dikdasmen.kemdikbud.go.id/sekolah/D2B67F847809ACC79CB7
Prov. Jawa Timur,Kab. Bangkalan,Kec. Klampis,SMP AL AMIN KLAMPIS,20554822,SMP,Swasta,-,0,0,0,0,0,3,1,0,http://dapo.dikdasmen.kemdikbud.go.id/sekolah/C1D9B60B8CF9D19A884D
Prov. Jawa Timur,Kab. Bangkalan,Kec. Klampis,SMP AL FADLALY,20555450,SMP,Swasta,-,0,0,0,0,0,6,1,1,http://dapo.dikdasmen.kemdikbud.go.id/sekolah/7411B0D25548C38DC525
Prov. Jawa Timur,Kab. Bangkalan,Kec. Klampis,SMP AL-RAUDLAH,20576155,SMP,Swasta,-,0,0,0,0,0,3,1,1,http://dapo.dikdasmen.kemdikbud.go.id/sekolah/94870EEFDC968DF96AC2
Prov. Jawa Timur,Kab. Bangkalan,Kec. Klampis,SMP AS-SHIDDIQIYAH,20577489,SMP,Swasta,-,0,0,0,0,0,3,1,0,http://dapo.dikdasmen.kemdikbud.go.id/sekolah/F27A5865183DDA286BFB
Prov. Jawa Timur,Kab. Bangkalan,Kec. Klampis,SMP ISLAM NURUL IMAM,20579324,SMP,Swasta,-,0,0,0,0,0,5,0,0,http://dapo.dikdasmen.kemdikbud.go.id/sekolah/B40AFB3BBF032052FB4D
Prov. Jawa Timur,Kab. Bangkalan,Kec. Klampis,SMP NURUL HUDA,20553963,SMP,Swasta,22 Aug 2019 06:30:34,6,100,3,5,2,3,0,0,http://dapo.dikdasmen.kemdikbud.go.id/sekolah/966548D1B6FA19638599
Prov. Jawa Timur,Kab. Bangkalan,Kec. Klampis,SMAS DARUL MUNIR,20579322,SMA,Swasta,-,0,0,0,0,0,4,0,1,http://dapo.dikdasmen.kemdikbud.go.id/sekolah/A39524EC0A970CBD66D2
Prov. Jawa Timur,Kab. Bangkalan,Kec. Klampis,SMK AL-FADLALY KLAMPIS,69964920,SMK,Swasta,-,0,0,0,0,0,2,0,0,http://dapo.dikdasmen.kemdikbud.go.id/sekolah/C8B587B794406CDEB4D5
Prov. Jawa Timur,Kab. Bangkalan,Kec. Klampis,SMKS NURUL HUDA,20579323,SMK,Swasta,-,0,0,0,0,0,4,2,1,http://dapo.dikdasmen.kemdikbud.go.id/sekolah/29701FEA346C24F7A246
