provinsi,kab_kota,kecamatan,nama_sekolah,npsn,bp,status,last_sync,jml_sync,pd,rombel,guru,pegawai,ruang_kelas,ruang_lab,ruang_perpus,url_sekolah
Prov. Jawa Timur,Kab. Bangkalan,Kec. Burneh,SD NEGERI ALAS KEMBANG 1,20531426,SD,Negeri,-,0,0,0,0,0,6,0,1,http://dapo.dikdasmen.kemdikbud.go.id/sekolah/D2C81BF3357C981C40B2
Prov. Jawa Timur,Kab. Bangkalan,Kec. Burneh,SD NEGERI ALAS KEMBANG 2,20531484,SD,Negeri,-,0,0,0,0,0,6,0,1,http://dapo.dikdasmen.kemdikbud.go.id/sekolah/3824ED6B29063DFC7C23
Prov. Jawa Timur,Kab. Bangkalan,Kec. Burneh,SD NEGERI ALAS KEMBANG 3,20531469,SD,Negeri,-,0,0,0,0,0,6,0,0,http://dapo.dikdasmen.kemdikbud.go.id/sekolah/B7169204C06C7DBC7B6C
Prov. Jawa Timur,Kab. Bangkalan,Kec. Burneh,SD NEGERI BANANGKA 1,20531475,SD,Negeri,-,0,0,0,0,0,10,0,0,http://dapo.dikdasmen.kemdikbud.go.id/sekolah/97C5D674DB78EF377ABA
Prov. Jawa Timur,Kab. Bangkalan,Kec. Burneh,SD NEGERI BANANGKA 2,20531474,SD,Negeri,-,0,0,0,0,0,13,0,0,http://dapo.dikdasmen.kemdikbud.go.id/sekolah/C3A8F8423D1EB969A5B0
Prov. Jawa Timur,Kab. Bangkalan,Kec. Burneh,SD NEGERI BANANGKA 3,20531473,SD,Negeri,-,0,0,0,0,0,6,0,1,http://dapo.dikdasmen.kemdikbud.go.id/sekolah/596891888C23392C1C6C
Prov. Jawa Timur,Kab. Bangkalan,Kec. Burneh,SD NEGERI BANANGKA 4,20531472,SD,Negeri,-,0,0,0,0,0,6,0,1,http://dapo.dikdasmen.kemdikbud.go.id/sekolah/F119F849FE7120090188
Prov. Jawa Timur,Kab. Bangkalan,Kec. Burneh,SD NEGERI BINOH 1,20531732,SD,Negeri,-,0,0,0,0,0,6,0,1,http://dapo.dikdasmen.kemdikbud.go.id/sekolah/80E8F3F3C954EFEED9D7
Prov. Jawa Timur,Kab. Bangkalan,Kec. Burneh,SD NEGERI BINOH 2,20531717,SD,Negeri,-,0,0,0,0,0,6,0,1,http://dapo.dikdasmen.kemdikbud.go.id/sekolah/59C7B9E563C9130DED15
Prov. Jawa Timur,Kab. Bangkalan,Kec. Burneh,SD NEGERI BINOH 3,20531773,SD,Negeri,-,0,0,0,0,0,6,0,1,http://dapo.dikdasmen.kemdikbud.go.id/sekolah/54E82D0E8375D400716E
Prov. Jawa Timur,Kab. Bangkalan,Kec. Burneh,SD NEGERI BURNEH 1,20531785,SD,Negeri,-,0,0,0,0,0,10,0,1,http://dapo.dikdasmen.kemdikbud.go.id/sekolah/B369E1CCB0ABB6AC913F
Prov. Jawa Timur,Kab. Bangkalan,Kec. Burneh,SD NEGERI BURNEH 2,20531784,SD,Negeri,-,0,0,0,0,0,9,0,1,http://dapo.dikdasmen.kemdikbud.go.id/sekolah/C6AD8F4E078A53A8DA55
Prov. Jawa Timur,Kab. Bangkalan,Kec. Burneh,SD NEGERI BURNEH 3,20531783,SD,Negeri,-,0,0,0,0,0,6,0,1,http://dapo.dikdasmen.kemdikbud.go.id/sekolah/ED5F3A9BE6E6985BAF3A
Prov. Jawa Timur,Kab. Bangkalan,Kec. Burneh,SD NEGERI BURNEH 4,20531782,SD,Negeri,-,0,0,0,0,0,6,0,1,http://dapo.dikdasmen.kemdikbud.go.id/sekolah/FD4EE643CFD575A55EB0
Prov. Jawa Timur,Kab. Bangkalan,Kec. Burneh,SD NEGERI BURNEH 5,20531781,SD,Negeri,-,0,0,0,0,0,6,0,1,http://dapo.dikdasmen.kemdikbud.go.id/sekolah/BA67F5EC0875A6300D96
Prov. Jawa Timur,Kab. Bangkalan,Kec. Burneh,SD NEGERI JAMBU 1,20531701,SD,Negeri,-,0,0,0,0,0,10,0,0,http://dapo.dikdasmen.kemdikbud.go.id/sekolah/3E2548015D8E1CCFAF75
Prov. Jawa Timur,Kab. Bangkalan,Kec. Burneh,SD NEGERI JAMBU 2,20531702,SD,Negeri,-,0,0,0,0,0,6,0,1,http://dapo.dikdasmen.kemdikbud.go.id/sekolah/98E59B79E2D676ED1372
Prov. Jawa Timur,Kab. Bangkalan,Kec. Burneh,SD NEGERI KAPOR,20531682,SD,Negeri,-,0,0,0,0,0,6,0,1,http://dapo.dikdasmen.kemdikbud.go.id/sekolah/80AB92E75A88B3E96C55
Prov. Jawa Timur,Kab. Bangkalan,Kec. Burneh,SD NEGERI LANGKAP 1,20531075,SD,Negeri,-,0,0,0,0,0,7,0,1,http://dapo.dikdasmen.kemdikbud.go.id/sekolah/94D12EE6627BD96653E0
Prov. Jawa Timur,Kab. Bangkalan,Kec. Burneh,SD NEGERI LANGKAP 2,20531074,SD,Negeri,-,0,0,0,0,0,13,0,1,http://dapo.dikdasmen.kemdikbud.go.id/sekolah/83CC54C53817D1D03287
Prov. Jawa Timur,Kab. Bangkalan,Kec. Burneh,SD NEGERI LANGKAP 3,20531073,SD,Negeri,-,0,0,0,0,0,8,0,1,http://dapo.dikdasmen.kemdikbud.go.id/sekolah/1F871C0718ADB789E8C5
Prov. Jawa Timur,Kab. Bangkalan,Kec. Burneh,SD NEGERI LANGKAP 4,20531072,SD,Negeri,-,0,0,0,0,0,6,0,1,http://dapo.dikdasmen.kemdikbud.go.id/sekolah/990A24F19FA34E173CF7
Prov. Jawa Timur,Kab. Bangkalan,Kec. Burneh,SD NEGERI LANGKAP 5,20531071,SD,Negeri,-,0,0,0,0,0,6,0,0,http://dapo.dikdasmen.kemdikbud.go.id/sekolah/01A0A6994FBA3F0F1381
Prov. Jawa Timur,Kab. Bangkalan,Kec. Burneh,SD NEGERI PANGOLANGAN 1,20530993,SD,Negeri,-,0,0,0,0,0,6,0,1,http://dapo.dikdasmen.kemdikbud.go.id/sekolah/FBAF2637F4B73BEBC9FF
Prov. Jawa Timur,Kab. Bangkalan,Kec. Burneh,SD NEGERI PANGOLANGAN 2,20530992,SD,Negeri,-,0,0,0,0,0,6,0,0,http://dapo.dikdasmen.kemdikbud.go.id/sekolah/9D6F6E29C74C6CAFE315
Prov. Jawa Timur,Kab. Bangkalan,Kec. Burneh,SD NEGERI PERRENG 1,20531296,SD,Negeri,-,0,0,0,0,0,7,0,0,http://dapo.dikdasmen.kemdikbud.go.id/sekolah/0A9B1BF66E703F89A7F3
Prov. Jawa Timur,Kab. Bangkalan,Kec. Burneh,SD NEGERI PERRENG 2,20531297,SD,Negeri,-,0,0,0,0,0,10,0,1,http://dapo.dikdasmen.kemdikbud.go.id/sekolah/AB6063CE3B03C0ACC092
Prov. Jawa Timur,Kab. Bangkalan,Kec. Burneh,SD NEGERI SOBIH 1,20531343,SD,Negeri,-,0,0,0,0,0,9,0,1,http://dapo.dikdasmen.kemdikbud.go.id/sekolah/9267D863DBB529C4AF16
Prov. Jawa Timur,Kab. Bangkalan,Kec. Burneh,SD NEGERI SOBIH 2,20531342,SD,Negeri,-,0,0,0,0,0,6,0,1,http://dapo.dikdasmen.kemdikbud.go.id/sekolah/E3DAFA9ADC70444E375A
Prov. Jawa Timur,Kab. Bangkalan,Kec. Burneh,SD NEGERI TUNJUNG 1,20531137,SD,Negeri,-,0,0,0,0,0,11,0,1,http://dapo.dikdasmen.kemdikbud.go.id/sekolah/7DA1BF4E6CAD4C437833
Prov. Jawa Timur,Kab. Bangkalan,Kec. Burneh,SD NEGERI TUNJUNG 2,20531136,SD,Negeri,-,0,0,0,0,0,10,0,1,http://dapo.dikdasmen.kemdikbud.go.id/sekolah/60AC7F09EEF6BD180FCB
Prov. Jawa Timur,Kab. Bangkalan,Kec. Burneh,SD NEGERI TUNJUNG 3,20531135,SD,Negeri,-,0,0,0,0,0,6,0,1,http://dapo.dikdasmen.kemdikbud.go.id/sekolah/F1397C10682FB1BA094B
Prov. Jawa Timur,Kab. Bangkalan,Kec. Burneh,SD NEGERI TUNJUNG 4,20531134,SD,Negeri,-,0,0,0,0,0,6,0,1,http://dapo.dikdasmen.kemdikbud.go.id/sekolah/AA00541EE9F8645472BA
Prov. Jawa Timur,Kab. Bangkalan,Kec. Burneh,SD NEGERI TUNJUNG 5,20531133,SD,Negeri,-,0,0,0,0,0,7,0,1,http://dapo.dikdasmen.kemdikbud.go.id/sekolah/B4D8E2694B57A4D0A0CE
Prov. Jawa Timur,Kab. Bangkalan,Kec. Burneh,SD ISLAM TAMAN ILMU,69727027,SD,Swasta,-,0,0,0,0,0,6,0,0,http://dapo.dikdasmen.kemdikbud.go.id/sekolah/1897B5411700676D2065
Prov. Jawa Timur,Kab. Bangkalan,Kec. Burneh,SD IT ASSOMADIYAH,20552074,SD,Swasta,-,0,0,0,0,0,9,1,0,http://dapo.dikdasmen.kemdikbud.go.id/sekolah/9B693B052942F1EC4E0A
Prov. Jawa Timur,Kab. Bangkalan,Kec. Burneh,SDI DARUSSALAM,69815462,SD,Swasta,-,0,0,0,0,0,6,0,0,http://dapo.dikdasmen.kemdikbud.go.id/sekolah/F094CCDFB2D0C2130510
Prov. Jawa Timur,Kab. Bangkalan,Kec. Burneh,SDS ISLAM RAUDLATUL MUTAALLIMIN,69788565,SD,Swasta,-,0,0,0,0,0,7,0,1,http://dapo.dikdasmen.kemdikbud.go.id/sekolah/FFD2F0E20A82C1A1089C
Prov. Jawa Timur,Kab. Bangkalan,Kec. Burneh,SMP NEGERI 1 BURNEH,20531215,SMP,Negeri,-,0,0,0,0,0,9,3,1,http://dapo.dikdasmen.kemdikbud.go.id/sekolah/04E3961EE0B510BEF430
Prov. Jawa Timur,Kab. Bangkalan,Kec. Burneh,SMP NEGERI 2 BURNEH,20531211,SMP,Negeri,-,0,0,0,0,0,15,3,1,http://dapo.dikdasmen.kemdikbud.go.id/sekolah/816066A05450865943BF
Prov. Jawa Timur,Kab. Bangkalan,Kec. Burneh,SMPN 3 BURNEH,20570369,SMP,Negeri,-,0,0,0,0,1,9,2,1,http://dapo.dikdasmen.kemdikbud.go.id/sekolah/D8D1C4E9D43D7AD10008
Prov. Jawa Timur,Kab. Bangkalan,Kec. Burneh,SMP AL AMIN BURNEH,20553283,SMP,Swasta,-,0,0,0,0,0,3,1,1,http://dapo.dikdasmen.kemdikbud.go.id/sekolah/7264EF2AECA3D0FFB27B
Prov. Jawa Timur,Kab. Bangkalan,Kec. Burneh,SMP AL AZIZIYAH,69788568,SMP,Swasta,-,0,0,0,0,0,3,0,1,http://dapo.dikdasmen.kemdikbud.go.id/sekolah/4DB27D84FCF4E0CA1BE0
Prov. Jawa Timur,Kab. Bangkalan,Kec. Burneh,SMP AL HIKAM,20531218,SMP,Swasta,-,0,0,0,0,0,23,2,1,http://dapo.dikdasmen.kemdikbud.go.id/sekolah/7AB1C585753BE7773A1C
Prov. Jawa Timur,Kab. Bangkalan,Kec. Burneh,SMP AL MUDHARIYAH,20549612,SMP,Swasta,-,0,0,0,0,0,3,1,1,http://dapo.dikdasmen.kemdikbud.go.id/sekolah/EB69A167B5F56D23D061
Prov. Jawa Timur,Kab. Bangkalan,Kec. Burneh,SMP ASSHOMADIYAH,20553276,SMP,Swasta,-,0,0,0,0,0,6,2,1,http://dapo.dikdasmen.kemdikbud.go.id/sekolah/431890A36E9E70C3D2EB
Prov. Jawa Timur,Kab. Bangkalan,Kec. Burneh,SMP DARUL HIKMAH,20531216,SMP,Swasta,-,0,0,0,0,0,8,1,1,http://dapo.dikdasmen.kemdikbud.go.id/sekolah/CC9FA8DCDDFA02CDF4F9
Prov. Jawa Timur,Kab. Bangkalan,Kec. Burneh,SMP DARUL MUSTOFA,20531229,SMP,Swasta,-,0,0,0,0,0,8,1,1,http://dapo.dikdasmen.kemdikbud.go.id/sekolah/37C5CD6A9BC6AAF3FE41
Prov. Jawa Timur,Kab. Bangkalan,Kec. Burneh,SMP HIDAYATUL KHOLIL,20554944,SMP,Swasta,-,0,0,0,0,0,3,2,2,http://dapo.dikdasmen.kemdikbud.go.id/sekolah/4BCE919DE1F225F49338
Prov. Jawa Timur,Kab. Bangkalan,Kec. Burneh,SMP KANZUL ULUM,20555039,SMP,Swasta,-,0,0,0,0,0,3,0,0,http://dapo.dikdasmen.kemdikbud.go.id/sekolah/2CA8936F0064B8E2B718
Prov. Jawa Timur,Kab. Bangkalan,Kec. Burneh,SMP MIFTAHUL HUDA,20570164,SMP,Swasta,-,0,0,0,0,0,4,2,1,http://dapo.dikdasmen.kemdikbud.go.id/sekolah/5C4DD4441DAEC34B37B1
Prov. Jawa Timur,Kab. Bangkalan,Kec. Burneh,SMP SUNAN AMPEL,20531247,SMP,Swasta,-,0,0,0,0,0,6,3,1,http://dapo.dikdasmen.kemdikbud.go.id/sekolah/F6ADF72A1ED8590B8C91
Prov. Jawa Timur,Kab. Bangkalan,Kec. Burneh,SMP THORIQUL HUDA,20549908,SMP,Swasta,-,0,0,0,0,0,4,1,1,http://dapo.dikdasmen.kemdikbud.go.id/sekolah/2594152D5E6C2EFF8CE9
Prov. Jawa Timur,Kab. Bangkalan,Kec. Burneh,SMP YANMER BURNEH,20549763,SMP,Swasta,-,0,0,0,0,0,6,1,1,http://dapo.dikdasmen.kemdikbud.go.id/sekolah/7F0EA189E3155934DF07
Prov. Jawa Timur,Kab. Bangkalan,Kec. Burneh,SMAS A YUDA NEGARA,20571619,SMA,Swasta,-,0,0,0,0,0,3,1,1,http://dapo.dikdasmen.kemdikbud.go.id/sekolah/73DDFF1505AA00681CD5
Prov. Jawa Timur,Kab. Bangkalan,Kec. Burneh,SMAS AL HIKAM,20531144,SMA,Swasta,-,0,0,0,0,0,18,2,1,http://dapo.dikdasmen.kemdikbud.go.id/sekolah/AFCD8CE4E0DCAEB0B4F4
Prov. Jawa Timur,Kab. Bangkalan,Kec. Burneh,SMAS ASSHOMADIYAH,20570238,SMA,Swasta,-,0,0,0,0,0,6,2,1,http://dapo.dikdasmen.kemdikbud.go.id/sekolah/82765385A0B2E3C0F1F9
Prov. Jawa Timur,Kab. Bangkalan,Kec. Burneh,SMAS DARUL HIKMAH,20531154,SMA,Swasta,-,0,0,0,0,0,6,1,1,http://dapo.dikdasmen.kemdikbud.go.id/sekolah/1563354E4E10860F9D11
Prov. Jawa Timur,Kab. Bangkalan,Kec. Burneh,SMAS DARUL KHOLIL,20551981,SMA,Swasta,-,0,0,0,0,0,8,6,3,http://dapo.dikdasmen.kemdikbud.go.id/sekolah/5E4AA050CC9CBD3CF67F
Prov. Jawa Timur,Kab. Bangkalan,Kec. Burneh,SMAS DARUL MUSTOFA,20549614,SMA,Swasta,-,0,0,0,0,0,7,1,1,http://dapo.dikdasmen.kemdikbud.go.id/sekolah/27FB5B015C79D720C28E
Prov. Jawa Timur,Kab. Bangkalan,Kec. Burneh,SMAS MAMBAUL ULUM,20551902,SMA,Swasta,-,0,0,0,0,0,3,1,1,http://dapo.dikdasmen.kemdikbud.go.id/sekolah/E4654280969813896FF9
Prov. Jawa Timur,Kab. Bangkalan,Kec. Burneh,SMAS SUNAN AMPEL,20549787,SMA,Swasta,-,0,0,0,0,0,6,2,1,http://dapo.dikdasmen.kemdikbud.go.id/sekolah/89A8A0C5915AED1BB4AB
Prov. Jawa Timur,Kab. Bangkalan,Kec. Burneh,SMKS AL HIKAM,20551906,SMK,Swasta,-,0,0,0,0,0,15,2,1,http://dapo.dikdasmen.kemdikbud.go.id/sekolah/F0B42D94C5E5E635B834
Prov. Jawa Timur,Kab. Bangkalan,Kec. Burneh,SMKS DARUL HIKMAH,20554681,SMK,Swasta,-,0,0,0,0,0,9,2,1,http://dapo.dikdasmen.kemdikbud.go.id/sekolah/5E598B16EEF82C7C1092
Prov. Jawa Timur,Kab. Bangkalan,Kec. Burneh,SMKS DARUL MUSTOFA,20551907,SMK,Swasta,-,0,0,0,0,0,6,1,1,http://dapo.dikdasmen.kemdikbud.go.id/sekolah/1E5B7CE0E3EEA6706372
