provinsi,kab_kota,kecamatan,nama_sekolah,npsn,bp,status,last_sync,jml_sync,pd,rombel,guru,pegawai,ruang_kelas,ruang_lab,ruang_perpus,url_sekolah
Prov. Kalimantan Selatan,Kab. Banjar,Kec. Telaga Bauntung,SD NEGERI LOK TANAH 1,30300464,SD,Negeri,-,0,0,0,0,0,6,0,0,http://dapo.dikdasmen.kemdikbud.go.id/sekolah/199CFD5C07F0D587051F
Prov. Kalimantan Selatan,Kab. Banjar,Kec. Telaga Bauntung,SD NEGERI LOK TANAH 2,30311954,SD,Negeri,-,0,0,0,0,0,6,0,0,http://dapo.dikdasmen.kemdikbud.go.id/sekolah/9F36276F37B0120812A8
Prov. Kalimantan Selatan,Kab. Banjar,Kec. Telaga Bauntung,SD NEGERI RAMPAH,30300193,SD,Negeri,-,0,0,0,0,0,6,0,0,http://dapo.dikdasmen.kemdikbud.go.id/sekolah/E053076AB06F138D8C2F
Prov. Kalimantan Selatan,Kab. Banjar,Kec. Telaga Bauntung,SD NEGERI RANTAU BUJUR,30300197,SD,Negeri,-,0,0,0,0,0,6,0,1,http://dapo.dikdasmen.kemdikbud.go.id/sekolah/9258219BFE7495A5AE50
Prov. Kalimantan Selatan,Kab. Banjar,Kec. Telaga Bauntung,SD NEGERI TELAGA BARU,30300304,SD,Negeri,-,0,0,0,0,0,6,0,0,http://dapo.dikdasmen.kemdikbud.go.id/sekolah/C3E0CEF8F6F09CDD5F70
