provinsi,kab_kota,kecamatan,nama_sekolah,npsn,bp,status,last_sync,jml_sync,pd,rombel,guru,pegawai,ruang_kelas,ruang_lab,ruang_perpus,url_sekolah
Prov. Kalimantan Selatan,Kab. Banjar,Kec. Cintapuri Darussalam,SD NEGERI CINTAPURI 2,30300350,SD,Negeri,-,0,0,0,0,0,6,0,1,http://dapo.dikdasmen.kemdikbud.go.id/sekolah/03776B47812C593B6369
Prov. Kalimantan Selatan,Kab. Banjar,Kec. Cintapuri Darussalam,SMP NEGERI 1 CINTAPURI DARUSSALAM,30300260,SMP,Negeri,-,0,0,0,0,0,5,2,1,http://dapo.dikdasmen.kemdikbud.go.id/sekolah/03CD40958B810B5A36B0
Prov. Kalimantan Selatan,Kab. Banjar,Kec. Cintapuri Darussalam,SMP NEGERI 2 CINTAPURI DARUSSALAM,30305359,SMP,Negeri,-,0,0,0,1,0,8,1,1,http://dapo.dikdasmen.kemdikbud.go.id/sekolah/7581F2DF6B411E172D0B
Prov. Kalimantan Selatan,Kab. Banjar,Kec. Cintapuri Darussalam,SMP NEGERI 3 CINTAPURI DARUSSALAM,30311560,SMP,Negeri,-,0,0,0,0,0,3,1,1,http://dapo.dikdasmen.kemdikbud.go.id/sekolah/16B1FFA6F25FBE89852C
Prov. Kalimantan Selatan,Kab. Banjar,Kec. Cintapuri Darussalam,SMP NEGERI 4 CINTAPURI DARUSSALAM,30311561,SMP,Negeri,-,0,0,0,0,0,4,0,3,http://dapo.dikdasmen.kemdikbud.go.id/sekolah/933D70682BBD52625A17
